0,0.5118216247002567,0.9504636963259353,0.14415961271963373,0.0,0.42332644897257565,0.2491722651770303,0,1.726599491653007,1,1.726599491653007,0.0,0.5801655443322532,0.16408423222164803,0.0
1,0.027559113243068367,0.7535131086748066,0.5381433132192782,0.7884287034284043,0.4534978894806515,0.044542300687913594,0,0.6391734894425349,1,0.3558877144954482,0.28328577494708673,0.07147892620418024,0.9936731586232755,0.062461192652400695
0,0.2623133404418495,0.7503646726300526,0.2804087579860399,0.9807371998012386,0.0,0.21881303252819242,0,0.8698793724725694,2,0.00028550180523970875,0.8695938706673297,0.02307668551087063,0.29670864515571715,1.1749155727670564
1,0.16065200877512686,0.9699254132161326,0.5160685855478787,0.6234897555375004,0.0,0.18583597381064693,1,0.12438469046274646,3,0.006635852171305618,0.11774883829144084,20.20236607867711,0.9943333832784221,33.45451677060022
0,0.5285892632600216,0.4593358828854037,0.0623495791498756,0.0,0.0,0.1799176003407638,1,2.638565616358095,1,2.638565616358095,0.0,4.31964452957174,0.3568622690535571,0.0
1,0.5094958815215094,0.510888884466533,0.7530302077021779,0.819626719119277,0.0,0.2371935977586663,1,2.5207013541239767,0,2.5207013541239767,0.0,62.819675242443694,0.9999916906274446,285.45627192505833
0,0.19132392605720028,0.08155261736351271,0.8552269742870702,0.0,0.0,0.1442133672108431,1,0.02227963664022509,1,0.02227963664022509,0.0,1.844616442825948,0.9010618815726028,0.0
1,0.6457208955749478,0.719909383508693,0.8355692165002742,0.2152181671629736,0.0,0.24249117577777785,1,0.4728877014340206,3,0.2306822969436685,0.24220540449035208,191.15984761746319,0.9999991777342737,52.42357852583905
0,0.48221238819933654,0.8947158621961735,0.4227169069454373,0.0244906774933632,0.0,0.27613114279197765,1,2.781943964500843,3,2.7541453942769163,0.02779857022392651,1.1728789882915047,0.15853950283452667,0.029445747342710743
1,0.6603553805205233,0.24555226724317758,0.7685169988962544,0.8312748346644612,0.8254878133935558,0.05352964360985988,0,0.9950622971668593,1,0.859536218084374,0.13552607908248537,14.953992930483892,0.9999908277064743,3.06828878653185
0,0.6913370352777413,0.17857187817437192,0.39625616221698645,0.2624947127501015,0.10592123670732445,0.19178218408078454,1,2.2785781075535225,1,1.993271274285996,0.2853068332675266,16.49105669828621,0.5867504398321863,5.196627698092692
1,0.6538660110683944,0.4312267487774062,0.8673205056421992,0.0,0.0,0.10582944356233334,1,0.6166848521990689,2,0.6166848521990689,0.0,105.82944356233334,0.9999998361362532,0.0
0,0.9961411901186279,0.24321546430632712,0.25686746722710274,0.2578031189967366,0.0,0.210878603351509,1,1.1819881120841338,0,1.1819881120841338,0.0,32.94074266613416,0.011864540690492142,11.442012784962003
1,0.4209213946174629,0.6649842463619607,0.45592896304374886,0.8396846036089424,0.0,0.11267714273502488,0,1.155162266866253,1,0.1607673769129313,0.9943948899533216,1.9563661007503013,0.9845891108581919,10.246866681571703
0,0.10973466400669674,0.2032415440873966,0.2838064889441311,0.3130478588199377,0.0,0.2916485428078276,1,2.485420599585173,3,1.1692374211369292,1.3161831784482438,1.3406408273505461,0.7772861322493072,0.6109373787346147
1,0.75926850053958,0.5969877305237564,0.9176922571709127,0.0,0.0,0.027739723507658933,0,0.6686282914173979,1,0.6686282914173979,0.0,27.739723507658933,0.9999997759001955,0.0
0,0.13269629754678725,0.506064922529373,0.785085292596959,0.7687717599091665,0.0,0.0489691668943602,0,1.2617774103837118,3,0.013660266136660125,1.2481171442470518,0.04830877131086999,0.46907683423152824,0.16061368250313138
1,0.2952342556626958,0.8469983706337296,0.12446033251547983,0.0,0.39249177601258245,0.07341046414633084,0,1.2254553467265998,3,1.2254553467265998,0.0,2.3754038938902076,0.4390385650911395,0.0
0,0.9746928128822893,0.6252614844151068,0.6936228347029152,0.30896819907559114,0.9409341876619017,0.06435494421377602,0,2.3822881252452714,3,2.3425872425164362,0.03970088272883521,2.3236382565893856,0.05171791198353681,0.04419716615407572
1,0.35978692649261024,0.6415135895056033,0.38098153929308753,0.5038029501945296,0.4935715599433962,0.29162153196683194,1,2.350596043519033,1,2.010412843874393,0.34018319964464006,70.45406265285207,0.9693214838674932,37.93348054598999
0,0.44278889007049504,0.20928104261778546,0.9050025708181295,0.3035089265995107,0.0,0.0823333048760469,0,1.9028097302198952,3,0.7594839034114945,1.1433258268084008,1.9717335553134867,0.6779689357349588,0.8592195331257678
1,0.8060357075271236,0.6303177554434782,0.3626968570578484,0.0,0.4468129517344519,0.11469709811168127,1,0.4009322111421384,1,0.4009322111421384,0.0,114.69709811168126,0.9737024072144964,0.0
0,0.22250686594627245,0.5620515900997094,0.38776911565595396,0.0,0.0,0.25907367201216325,0,1.8906841222363884,2,1.8906841222363884,0.0,1.7521060010072023,0.40795016243340954,0.0
1,0.2876156021959957,0.7827604679261685,0.2512675781710818,0.9628645784432278,0.0,0.23329881777719433,0,1.9213343880205407,2,0.0013622994712099296,1.9199720885493308,0.33835004614833925,0.781871558341032,8.772898243603098
0,0.03389225051650624,0.18679367935380853,0.6746893954347775,0.15855503398671267,0.0,0.050534321601484265,1,0.4523983742563091,2,0.3223524097396504,0.13004596451665867,0.07281275643015943,0.8079121109727676,0.013720242602613484
1,0.7173717261062347,0.27631301409515274,0.13413397512178327,0.17483553789762363,0.5369720795717926,0.1380564714205604,1,2.9975548303131236,3,2.951893446246868,0.04566138406625564,30.59627156452025,0.8673601942647851,2.7019979983787517
0,0.7965461104684304,0.6715876339807033,0.8450230915683464,0.0,0.1181052271508587,0.11127784598167471,0,1.8834616801914674,0,1.8834616801914674,0.0,2.513581822396857,0.13916833584089539,0.0
1,0.26036422234810863,0.2643397291323255,0.2883279886478656,0.7409444532381589,0.0,0.18391988673917242,0,1.3492014017777219,0,1.3492014017777219,0.0,1.0063753097441772,0.9468370426843027,2.8784104913078794
0,0.6852035898998426,0.15634664990358638,0.3856578446575508,0.08185799707724206,0.41465016114124864,0.14165581070477706,1,0.9948118356310685,3,0.874929361140889,0.11988247449017941,11.269608086653442,0.6294450624145557,0.5723989771835265
1,0.021463876277191374,0.8262233467711652,0.061846935373572776,0.963181716739735,0.0,0.10466698981988024,1,1.2149499275952902,0,1.2149499275952902,0.0,0.00716273943115813,0.27265911879038185,0.18738026466616456
0,0.33919489278017356,0.8744412014424732,0.41875301731404,0.9268052023585862,0.0,0.03942940775039565,0,1.463772447504934,0,1.463772447504934,0.0,0.012312276555914884,0.2249839512395767,0.1559001777804377
1,0.09208896568911618,0.6317521922027585,0.6163837910949103,0.8074227810412945,0.0,0.27501593924151596,0,2.176690899054162,2,0.042785046796015636,2.133905852258146,0.48993920747588765,0.998800379705841,2.054178991577271
0,0.1637416544531679,0.023888813978811707,0.06556315241841992,0.0,0.0,0.28433746661555515,0,2.3725985570719987,1,2.3725985570719987,0.0,3.245463021104546,0.9715666880513923,0.0
1,0.06539896536166678,0.16620516559297116,0.27713333487199,0.55740888009091,0.42446358463207756,0.17483302230003409,0,1.4390993819828333,3,0.3298125447498783,1.109286837232955,0.24423723474821923,0.9593290607447998,0.2321385603187437
0,0.8374714217984048,0.055871965031871196,0.3855872572300576,0.6203205556549372,0.39929101348659524,0.28436681977702855,0,1.8377256686100467,2,0.44389339796082783,1.3938322706492188,25.048646368925713,0.7330783910938031,40.92449687598704
1,0.06529871051984093,0.052176257643147705,0.21139844783206463,0.9837499292732876,0.3658435291805171,0.022234622639021474,0,0.14618836578638672,2,0.020432453678603704,0.12575591210778303,0.021953762724020387,0.9781963196267388,0.03695109871847209
0,0.0684096355417223,0.07994250560811889,0.2717851313028795,0.8054486176308537,0.2831710565694664,0.2482222324658214,0,0.39840028180624076,2,0.06786447181919103,0.33053580998704973,0.4075063813925337,0.9146878815913659,0.5934118058621557
1,0.8063489347063569,0.8312511086352812,0.17782578356710588,0.0,0.24349271202808254,0.1507316978219494,0,1.5049281727982382,2,1.5049281727982382,0.0,45.51908209430091,0.7209264814815126,0.0
0,0.5411410533042087,0.21316467642545245,0.7785803681279121,0.9126832897191103,0.0,0.0945867956186525,0,1.5243132038188587,0,1.5243132038188587,0.0,0.3990235782346366,0.6287694980863177,4.170818516720784
1,0.3762973001513523,0.6230937907219327,0.49845958262294987,0.8330947688085336,0.8275951638592104,0.24476114480794897,0,2.087277429919065,3,0.20019669496985992,1.8870807349492051,3.5108326704356974,0.9922469764542579,17.524054285313603
0,0.16062363410535052,0.44192941145403775,0.43943266017047056,0.0,0.6756780879691183,0.06515267712886212,0,1.7068694214971625,1,1.7068694214971625,0.0,0.38491834498951477,0.5145556875586927,0.0
1,0.427651051214449,0.12252565076900024,0.9658281207625043,0.0,0.0,0.11045092015529821,0,2.552377842527138,3,2.552377842527138,0.0,1.5045505666194057,0.9999999929708014,0.0
0,0.9795062455878859,0.19739425238980546,0.4771694766007426,0.613894995603037,0.10047228975068634,0.1456018931145298,0,1.2064200175975088,2,0.2139861764274703,0.9924338411700385,13.340926268437556,0.07691825978873756,18.955039745208794
1,0.9874393427162872,0.40598877214889817,0.29981554243781305,0.0,0.27321678269920713,0.0895148522191239,0,3.021385102706548,3,3.021385102706548,0.0,47.35392232439186,0.9644253535504331,0.0
0,0.6462368962429871,0.2787679766747637,0.7113690437189849,0.3220846874139359,0.0,0.12333752754354096,0,3.060333567283635,1,2.9872111688634355,0.07312239842019963,12.062721450084597,0.47787777572596757,5.731125695908562
1,0.17020617447974906,0.6137785589494178,0.03854138948384955,0.20999600501172455,0.0,0.219295268572201,0,0.15545789428652818,3,0.07672382424520674,0.07873407004132144,2.1865323809069026,0.4279877307656509,0.5812161302121497
0,0.6814384526526729,0.4399364794360058,0.41641994855534936,0.0,0.5134678232710247,0.08191379293799635,1,1.6754935939903925,1,1.6754935939903925,0.0,3.0334512109660903,0.28853296825447394,0.0
1,0.15788100282626316,0.27618712190520356,0.4204059052215403,0.8000039680110183,0.0,0.1709345696240246,1,0.6199897437769664,3,0.004798624499306486,0.6151911192776599,1.254035448564464,0.9916173480076259,5.016266197387951
0,0.10408303517803497,0.39372521336773547,0.1371899555572782,0.5736433320658848,0.7160539946963933,0.1691791476105553,1,2.8823539987996423,1,2.8205639324688203,0.06179006633082196,0.8415784098202245,0.579756174131256,0.16857902993495566
1,0.8559122943833432,0.22096916376486697,0.166583176525819,0.0,0.7572063264186215,0.09719251966457353,1,1.7395772798839781,1,1.7395772798839781,0.0,36.642038070838794,0.9301111314008994,0.0
0,0.9259641674233373,0.00205684306461984,0.1622873344023199,0.0,0.2878104198967977,0.2890542191476247,0,2.2436216682759014,1,2.2436216682759014,0.0,211.03655739432537,0.9729150335647448,0.0
1,0.964225669092555,0.7627660562464376,0.7094140359205118,0.0,0.0,0.08500802643137727,0,2.5223404263981433,2,2.5223404263981433,0.0,85.00802643137726,0.9999058616597142,0.0
0,0.8882296412968325,0.9058341532080582,0.903896393587496,0.3764060873778814,0.8916854039669163,0.1286798177170597,0,0.06238817586643212,1,0.05984597883224586,0.002542197034186261,0.8436621050723968,0.10506920071944537,0.035862104545488174
1,0.28875427776216545,0.7807241847334279,0.020170938059851595,0.3109684208465644,0.0,0.11209777886747005,0,0.6518101945852468,3,0.21635895914848227,0.43545123543676456,1.950271176494233,0.24769283367580164,0.8801813535485749
0,0.5616344004190236,0.7778175051376995,0.9296082290939864,0.0,0.7918000796455894,0.2042271495019133,1,0.08032141027407735,1,0.08032141027407735,0.0,1.9877465087847102,0.1786762276833609,0.0
1,0.16798147095798632,0.7494608262320578,0.08400476777677468,0.25521243827660445,0.0,0.11092264960701366,1,1.163778185645874,0,1.163778185645874,0.0,1.7359339620319962,0.4011558781995701,0.5948433646128592
0,0.3268298767186818,0.7170213673193974,0.32012222019868797,0.0,0.0,0.2668811844737191,1,1.2815145248138982,2,1.2815145248138982,0.0,1.8657574523725624,0.2749448154830526,0.0
1,0.4849095181984443,0.4713857598653367,0.871702397518525,0.4242300124285143,0.0,0.13368573551041535,0,1.5671618038649904,2,0.5429244916272238,1.0242373122377666,18.405770135937548,0.9999989310680159,13.561457286892214
0,0.4136957426619674,0.6868129726159958,0.329322465708467,0.0,0.0,0.04354075755919545,1,2.9678768916813882,1,2.9678768916813882,0.0,0.42466776283354934,0.2632427397499463,0.0
1,0.9660212875626245,0.9923887631356604,0.042525833888270914,0.0,0.0,0.2710736098162969,0,2.1225207642397574,2,2.1225207642397574,0.0,256.6667745644041,0.47099362582227455,0.0
0,0.7196066164883864,0.5748858181470116,0.7884200798433164,0.22593749989122835,0.9082557233023724,0.22768929951391048,1,2.5838288819233806,0,2.5838288819233806,0.0,6.22244019524212,0.19302487286676961,0.13179862700804282
1,0.30034675292417745,0.6356549721085979,0.35615285774869865,0.17560876378281154,0.07443855639465857,0.025381612166111733,0,2.6201802872012894,0,2.6201802872012894,0.0,1.2697848124330535,0.9396204019188464,0.2466011352767453
0,0.5178083255163458,0.12858401479946935,0.5249946488828098,0.4965920349441739,0.43439788722453043,0.26190265380296723,0,1.5833163366505199,1,1.1796022359084364,0.40371410074208347,9.977647344224003,0.7656883876831353,5.243774433311453
1,0.9302423990750158,0.23280139794441634,0.7255076868062386,0.7873679132996416,0.5423586148739377,0.11364435337718906,0,2.873985161523936,3,0.004348876351495497,2.86963628517244,24.164474257017176,0.9999797197462912,89.48005903992501
0,0.6318212838540919,0.9810202364628207,0.7320556819078485,0.0,0.0,0.08521219972100547,0,1.2265218275922212,3,1.2265218275922212,0.0,0.09063073168825907,0.13953427237124072,0.0
1,0.49721254381585167,0.18032373166299687,0.8214787850033072,0.6893444454848344,0.35136306055512956,0.11835212345345748,0,0.11015505201413403,0,0.11015505201413403,0.0,5.19499150726484,0.999998161472767,4.206488422191857
0,0.7702089160972269,0.9503546630566793,0.22624785755627508,0.34760417535557775,0.6497328757632396,0.11372299316388494,0,2.84581166241859,2,2.7449782844805117,0.10083337793807834,0.41815824538477847,0.12294917576427977,0.059622765350663305
1,0.8615793288939493,0.9216768590469784,0.9350577167713908,0.5023002858629506,0.10244131138007828,0.15955740148800596,0,1.3591615576210243,3,0.20377136933252282,1.1553901882885014,82.39262043333828,0.9999998369165916,77.99590651406241
0,0.0037293622863878717,0.2123031061951699,0.7599704182197689,0.1995763351554023,0.6092833765614685,0.2517396386573692,0,1.8832838683349207,0,1.8832838683349207,0.0,0.045539429219388264,0.7870713932201323,0.0038737817720322612
1,0.5299406131466844,0.4448642064761482,0.5804205236557797,0.0,0.49723415087942624,0.03388656553810786,0,2.485024473489157,2,2.485024473489157,0.0,5.4469190396814176,0.9988298130989114,0.0
0,0.9985588906517041,0.4756930540857839,0.29660340069975666,0.37175205481064844,0.5244985720304953,0.2407450288467341,1,3.072826921673607,3,2.9996392548313873,0.07318766684221956,20.193828174530733,0.001585865886275406,4.372687750108049
1,0.367724622858563,0.2516651775815243,0.11082077354630926,0.8070271602470545,0.8495664980662655,0.21496242025650994,1,1.9847059942540557,0,1.9847059942540557,0.0,10.645030843143145,0.8305741676827922,1.56726725988436
0,0.8196921827935082,0.9328703661209736,0.1622147636965876,0.0,0.0,0.0768978839892682,1,3.0067681645917723,1,3.0067681645917723,0.0,0.3266096900434716,0.09607476816937155,0.0
1,0.3620160579603561,0.28897610525044326,0.7200111192047169,0.4831693166218948,0.5439863429623552,0.18295879243589916,0,1.3584217046250897,2,0.8335798270252751,0.5248418775998146,5.7227552766146,0.9999540098674842,2.3678649693195615
0,0.8869324087540136,0.8356760923639591,0.9333577853920362,0.7300859144743024,0.27878275453064916,0.19730650189958995,1,2.5268077298761398,3,0.021486246242941258,2.5053214836331987,0.6144438258194191,0.08636980124330595,1.661998415505997
1,0.28520177437201744,0.22810575636153718,0.771645461188267,0.0,0.0,0.04817667523287382,1,1.359132943828685,3,1.359132943828685,0.0,9.641650257844484,0.9999973724462892,0.0
0,0.2733454783925543,0.34324466249262875,0.993503904012744,0.0,0.3151884677170894,0.2172758122736581,1,0.11285748886988949,0,0.11285748886988949,0.0,2.8524019323808547,0.5816532718940843,0.0
1,0.04489029342183237,0.8684448332578513,0.333732439660985,0.7933438210501507,0.7384308555952237,0.11395551487894992,1,1.2165079725854149,1,0.9745036365244205,0.24200433606099436,1.5983661203502828,0.9061935884819386,0.6185347662841109
0,0.16803724260680775,0.07501114630738015,0.8712014465037485,0.0,0.6883762257244914,0.25948163679740005,0,2.2362180985317037,1,2.2362180985317037,0.0,2.8652703062408684,0.9111839455172077,0.0
1,0.7547914201079906,0.0780746100305868,0.1381620728272963,0.0,0.0,0.059653907184156585,1,2.516105235009757,3,2.516105235009757,0.0,12.420549013881763,0.9649363344387921,0.0
0,0.332743528625158,0.3402819990903042,0.11057199333425483,0.10976126007862752,0.0,0.18925207847696776,0,0.2250905390047274,2,0.17862151323332748,0.04646902577139991,2.8476006266015412,0.5640110629721862,0.3510925990527889
1,0.6216704469983908,0.7522149311552978,0.1418532078034277,0.8190554752387017,0.9134149207965668,0.29171465401713415,0,2.739581162493814,2,2.6717994030136882,0.06778175948012555,38.7454463831164,0.6115698495772225,3.1521367784631966
0,0.2717827135360652,0.6649683870363727,0.9261442544579103,0.8208245363224256,0.8011131119296838,0.19451376437256682,0,1.2597628841956812,3,0.620566323514732,0.6391965606809492,0.834409390269525,0.33434190728037716,0.5723179471500413
1,0.4502160475125643,0.9242973251731486,0.07123370061253664,0.9728324105112391,0.0,0.04832607601032306,0,0.8339528335149005,3,1.4980760289937177e-05,0.8339378527546105,0.07636716175593221,0.25582567576893445,2.7345985217297173
0,0.892106866269302,0.9047752275802584,0.02374579364467,0.32699486130282873,0.0,0.2384463880631781,1,2.6955204694013024,1,2.3383250768812838,0.35719539252001864,2.085985694970922,0.086188554981809,1.013523617854017
1,0.30756183029200757,0.3474174026041087,0.1904783218387498,0.0,0.0,0.1414153175961729,1,3.0347144165385767,1,3.0347144165385767,0.0,6.981084534672595,0.8586066271542033,0.0
0,0.3968199655598801,0.21070556446684796,0.4246563813836979,0.0,0.0,0.03715073788026578,1,2.1192265207465075,3,2.1192265207465075,0.0,1.016543319344682,0.6932033275548717,0.0
1,0.06249576206556828,0.8374364376590171,0.9719037368942256,0.0,0.4730889081790549,0.17880626331802885,0,1.579468647494434,3,1.579468647494434,0.0,0.543051157517306,0.9999999511476598,0.0
0,0.07732381538240052,0.933525505036036,0.9517357978163641,0.053442736483329756,0.0,0.22379343955010098,1,0.022976649029293708,3,0.01948643036834956,0.0034902186609441464,0.14882892647713264,0.2535731108318382,0.008402899016657518
1,0.43549444952009686,0.28380239863237033,0.1077050956833312,0.0,0.03896913912115796,0.04441990768928945,0,1.9033999391384058,3,1.9033999391384058,0.0,1.9212705446746856,0.8047270851934861,0.0
0,0.21505062517361473,0.6960422280017734,0.13040479371277058,0.0,0.0,0.006630090802115738,0,2.281787225148575,2,2.281787225148575,0.0,0.03431352127449914,0.3379400371101343,0.0
1,0.7585337396231457,0.7057083392270682,0.8850456138709182,0.0,0.0,0.1273680660567236,1,0.5686389988613358,0,0.5686389988613358,0.0,127.36806605672359,0.9999998703028629,0.0
0,0.28778228138605877,0.041791613803324745,0.10815954185604848,0.25248938313188884,0.7414695266286413,0.2571304921225111,0,1.1643420876615824,3,0.9788912904238769,0.18545079723770552,5.623806437832368,0.9422962718131265,0.42927571240067686
1,0.709630073307115,0.8523046329128582,0.1509575400611467,0.6479602930950665,0.1926771538050761,0.11341846706015905,1,1.3770206188559848,0,1.3770206188559848,0.0,20.324975009531034,0.6344855221131711,25.84552941488847
0,0.04726994221033787,0.2447102483994975,0.21754220086133835,0.12538995648273654,0.6878566433246712,0.10498403243373665,1,2.7010373105155,3,2.6447660041543037,0.05627130636119615,0.24189018026890519,0.7462295099406309,0.009919329723288869
1,0.3060151354329368,0.03890040352214308,0.7681917007692237,0.3321610405787516,0.0,0.29966950468171305,1,1.4719084240238507,1,1.0310975394262258,0.44081088459762485,25.345512672353177,0.9999995132462852,12.606020874473275
0,0.6274508828630837,0.6833723791568794,0.21216618344980043,0.5441064429064965,0.0,0.038924107634808455,1,3.064709997265659,0,3.064709997265659,0.0,2.9157209346116333,0.19183853127407535,3.4798968345897427
1,0.8213015645453736,0.8275573150954998,0.9341044081009071,0.0,0.7540671762368577,0.19427792730387813,1,2.1342358902710328,2,2.1342358902710328,0.0,194.27792730387813,0.9999999803787853,0.0
0,0.3194334511245228,0.8621787179353753,0.4070223282075782,0.010980851013860038,0.0,0.07333134824465301,1,0.6126245708231423,3,0.5938161022817856,0.01880846854135665,0.27192743902774674,0.2080685688073005,0.003019147503468653
1,0.3161794080516598,0.9841316837334273,0.5198546202904285,0.0,0.0,0.040094879573492156,0,1.2163541699853015,0,1.2163541699853015,0.0,6.1791043672534105,0.9909623429740954,0.0
0,0.8809562507227594,0.3339882823452316,0.46308203855432406,0.3247552471025198,0.0,0.021173884632023465,0,2.592081625187689,0,2.592081625187689,0.0,2.813296512987207,0.1918455054219339,1.3530394724689272
1,0.6163417034041984,0.51182482978383,0.36950796376287187,0.45678430920336455,0.0,0.1805511000548741,1,3.110549272681593,2,2.2024670397747155,0.9080822329068776,102.50007714398922,0.976458199996909,86.19122702962741
0,0.8854033802553948,0.9991993182784583,0.9536333395616265,0.0,0.6281431780271564,0.10772190156506316,0,0.43134211985008253,3,0.43134211985008253,0.0,0.0062492417649062625,0.11115360310598488,0.0
1,0.46254633347853047,0.8407760221468864,0.4545120864552048,0.0,0.28510498345644497,0.2865731424628765,1,1.1464902114734725,2,1.1464902114734725,0.0,236.37512727324705,0.988225526040501,0.0
0,0.5168811759658247,0.7748685781334842,0.7874703499468639,0.0,0.2383059387980907,0.19336000233728173,1,1.7746440686165128,2,1.7746440686165128,0.0,1.7500368528392551,0.19212758172961975,0.0
1,0.21461491820405376,0.31862412816540064,0.7520531805662839,0.7574855506164321,0.9508661797045698,0.06638154641322197,1,2.893046346353493,1,2.883156989706738,0.009889356646755054,11.044930560940088,0.9999930801868157,0.42871316965628586
0,0.2534796826385556,0.22738427258263005,0.9856407059323568,0.0,0.0,0.023001473792395977,1,0.7903561858944157,2,0.7903561858944157,0.0,0.33610303707754635,0.717239171050827,0.0
1,0.21401047590498223,0.9321430366726655,0.6194232422172982,0.06265885858566367,0.863983149761172,0.09428950337428563,0,1.9064945612811304,1,1.898353859527811,0.008140701753319268,8.168211099724436,0.9984959301302285,0.07027311733258258
0,0.2521406786205266,0.5569347628095851,0.7686825338221793,0.4727508707947953,0.0,0.11218276047635584,0,0.3594040649791292,0,0.3594040649791292,0.0,0.4700304956428691,0.4010169581229204,0.4214465492816257
1,0.5654837920917276,0.937429217870874,0.01876620250744898,0.0,0.0,0.16498631793782348,0,2.2141393249425048,3,2.2141393249425048,0.0,13.401986025347199,0.11364568971228173,0.0
0,0.5452252080293496,0.4636750178949943,0.46639900693368985,0.0,0.7154011245036019,0.14984197242310485,0,2.9558043631387276,2,2.9558043631387276,0.0,3.715778559046035,0.3447049920350239,0.0
1,0.23345368179203074,0.4032255184610195,0.27516012897522324,0.6220897071828432,0.0,0.29982620079165595,1,1.2444051529711988,2,0.16873471109654448,1.0756704418746543,5.446621763163777,0.9221969145963473,8.96585089684657
0,0.9011587193387256,0.015384321194436668,0.3027069692435673,0.0,0.3612359751794584,0.25547377278461686,1,0.7632835782992289,1,0.7632835782992289,0.0,120.67642640732844,0.8634992080088835,0.0
1,0.8905882682808496,0.07741720527461937,0.856691807280719,0.2077847171545707,0.4834181147525649,0.28958561124077414,1,1.445517256991141,3,1.0975850146444779,0.3479322423466631,271.28441249253143,0.9999999640453631,36.208852114034485
0,0.559448179377736,0.31836826713065125,0.9827215923343974,0.8856894269797009,0.0,0.2752625013687912,1,1.309090432598081,1,0.12006059845843575,1.1890298341396452,1.1645480731779112,0.48539254433851553,9.023031626655387
1,0.36932696309575497,0.8270428182013859,0.9531227652913029,0.0,0.8290967274280593,0.22040497884699947,1,0.5764665741201359,2,0.5764665741201359,0.0,220.40497884699946,0.9999999889276818,0.0
0,0.23787093344647192,0.7037642552418423,0.19873940697533266,0.8041887075195945,0.0,0.1848779365698108,1,0.3767899578962984,1,0.07292021204034033,0.30386974585595805,0.19202548379730303,0.3101329962893977,0.7886405511634674
1,0.03390984974676814,0.04634009356838287,0.23176246053087213,0.42368026115931967,0.3026871386777993,0.14106913077258523,1,2.060662195449056,3,0.6686927118486905,1.3919694836003653,0.25084524011143045,0.9852092688657565,0.1844083582054145
0,0.04090553084403159,0.4815189960665327,0.18599714086190788,0.0,0.0,0.16862608977837654,1,2.157586152130065,2,2.157586152130065,0.0,0.22020206006227352,0.5080473068280824,0.0
1,0.8168348678564569,0.2788157443291197,0.2292883141352593,0.0,0.0,0.07279625773702007,1,1.7097160225103163,2,1.7097160225103163,0.0,28.894748935013055,0.9457432146225325,0.0
0,0.37355822339510825,0.7502377867354061,0.13176634767583828,0.43106722859240665,0.0,0.20686961816206714,0,3.1409365118676025,2,3.130418996396372,0.010517515471230698,6.46299346605162,0.2612589226086218,4.896860968175407
1,0.22677870502962583,0.6035266324041912,0.10766169576238527,0.6961278409738247,0.0,0.1925602889310369,1,2.483839681433411,2,0.11682502363604391,2.3670146577973674,1.6482559361811746,0.5714038437858328,3.7759196166676645
0,0.9562374211517235,0.9255221732521834,0.8087770068293173,0.7663340080029579,0.904048678156823,0.08752161972707073,0,0.9477658975010621,3,0.757472091385695,0.19029380611536706,0.4668895945061425,0.09655698117895606,0.049875032521372153
1,0.2640832767535498,0.33632744203837084,0.48514189513888084,0.2637231920312685,0.0,0.2797393456368325,0,1.3865457705928284,0,1.3865457705928284,0.0,5.233173112253942,0.9943680241718111,1.874443283665711
0,0.4198464085418141,0.8282891159533825,0.6604139492479763,0.788695792970943,0.0,0.06676152339267027,0,1.4628434010165532,3,0.011252997090290491,1.4515904039262626,0.08747238893142503,0.21834381168885209,0.3264918674423087
1,0.8869505002259676,0.6652286902850271,0.15114610711820997,0.0,0.0,0.16476594015142745,1,2.0825311230817074,1,2.0825311230817074,0.0,97.72267557757881,0.7762824359215728,0.0
0,0.06328978822527409,0.5038335624770842,0.935506718815235,0.13701339389061706,0.5195104419443821,0.11607512119952579,0,2.119532432364666,1,2.0570464563595383,0.06248597600512751,0.23744560887004248,0.49038404882030373,0.016890675661703266
1,0.7927785685533543,0.05159148688475812,0.3817122140834397,0.0,0.9491960858054639,0.194042188115365,1,1.408420917345734,1,1.408420917345734,0.0,80.80606717151318,0.998328883399558,0.0
0,0.1472576819398338,0.06625500308532317,0.6809667073821352,0.0,0.0,0.01132902880185755,1,1.6105641714026058,0,1.6105641714026058,0.0,0.1083656501630474,0.9231825050314089,0.0
1,0.5732641256148879,0.6063464038688403,0.8760248254439775,0.0,0.0,0.10342270303766751,0,3.12157854991865,1,3.12157854991865,0.0,88.22805395061347,0.999998887438061,0.0
0,0.7003627951620519,0.05743491502267484,0.9095515927383747,0.0,0.34772905472451865,0.17540949117204066,0,1.290341560878264,2,1.290341560878264,0.0,20.44257169232236,0.8310054272350972,0.0
1,0.7443590959461956,0.5328265257248977,0.9747578061892133,0.0,0.10308769141213059,0.2567912299446362,1,3.0668967846533075,2,3.0668967846533075,0.0,256.7912299446362,0.9999999985502199,0.0
0,0.43583477946261906,0.17929837332666654,0.036988346375273595,0.0,0.6439031526829808,0.17124535221702697,0,2.9653218576346996,2,2.9653218576346996,0.0,5.721801000196712,0.7208536990700214,0.0
1,0.2365214903841666,0.48260409269594995,0.7515620687294599,0.09201162349282421,0.9316879857781158,0.2378804348894842,1,0.049919058520268955,0,0.049919058520268955,0.0,82.54154391753782,0.9999895853304592,0.5220968085783435
0,0.6378190116729733,0.3219068800907684,0.227954613732546,0.47222536358040956,0.9402172918894702,0.17193680583150625,1,2.904838038020231,3,2.883142782739998,0.021695255280233194,8.090748249440479,0.43276252364197865,0.23668775971293904
1,0.9001324900548501,0.4983454905287332,0.5832895646919062,0.020263480737328754,0.0,0.04957165416532614,1,2.1446014918766307,2,2.1092793028866264,0.03532218899000439,50.09501815096247,0.9996035430367695,1.0360943124811806
0,0.7863061131620858,0.5422231796108453,0.6391108790301397,0.0,0.0,0.20171833558385655,1,0.23062955346961836,3,0.23062955346961836,0.0,6.8555902821383645,0.16717104708457287,0.0
1,0.518521050809158,0.026552023761241883,0.15138617134312948,0.8662414965178878,0.5211312073463263,0.23724109170678168,1,2.9101030181662595,2,0.00557249332416801,2.9045305248420914,2.610016759964564,0.9869504653964332,16.902886659395293
0,0.4898036887229915,0.7024378150343941,0.8677546688910042,0.46985515887472173,0.5569643621342539,0.0974392371979259,1,1.4714618987121275,3,0.6896710541960878,0.7817908445160398,0.7694575219313564,0.23080750530680227,0.3781499514427691
1,0.16289530068774005,0.8733791351470347,0.4258654966885558,0.26868885858700964,0.026244320734822302,0.04633290288150199,0,1.0605492000443006,1,0.8025633509650548,0.2579858490792458,1.0640156596054153,0.9626392229763887,0.3784654718068467
0,0.4375794644216485,0.29761781440687995,0.32066824126940385,0.3519327463102876,0.0,0.2354158904001604,1,0.5092277021494372,0,0.5092277021494372,0.0,4.184739338593011,0.5703212821814468,2.272521562598301
1,0.10181914389287461,0.35286870065857456,0.3562605533678569,0.0,0.0,0.2653123461056107,0,1.870925680131206,2,1.870925680131206,0.0,1.4649116625234464,0.9624267723876647,0.0
0,0.9943332014900896,0.641966715068702,0.38947175820665025,0.03575133589109658,0.0,0.2270286829987033,0,2.748976537704946,1,2.734288542308537,0.014687995396409192,8.090519824076122,0.04328562237067357,0.2999712652248519
1,0.762923530257859,0.4651733664606914,0.9557833448132415,0.0,0.42700993551797906,0.0497502757585001,1,1.1222101522362384,0,1.1222101522362384,0.0,49.7502757585001,0.9999999960354697,0.0
0,0.21459632226542213,0.06860487535924498,0.7354797423575674,0.0,0.0,0.27269258103140076,0,2.0296396600041358,3,2.0296396600041358,0.0,4.0871672320702395,0.914257413653287,0.0
1,0.5226129115246972,0.3579013924678206,0.4949761755722949,0.17206667731800673,0.6611575082946666,0.17766796041590757,0,1.0554817111616182,2,0.9520905705216894,0.10339114063992871,17.109553255219993,0.9958209091410027,1.0850449077089752
0,9.60405599956804e-05,0.21265952370959307,0.2896953747711416,0.38945151534759304,0.0,0.07106316098170955,0,0.007056471185367017,1,0.004308320867936534,0.0027481503174304825,0.0001968643111122223,0.7873243944799078,0.00012557414555563703
1,0.6863003978230826,0.865358765091174,0.8586576209689326,0.0,0.9814212886300421,0.16765416638368522,1,0.2860547736878713,0,0.2860547736878713,0.0,167.6541663836852,0.9999995642584947,0.0
0,0.07097567714896569,0.6369673359898222,0.6285879455462029,0.0,0.0,0.15822406388866841,1,2.307417642132753,0,2.307417642132753,0.0,0.2984281813802178,0.4038029200329787,0.0
1,0.004060779175259488,0.6603056326225697,0.1653106406351319,0.9060919823220174,0.0,0.21748419724105755,0,1.4745893633586225,0,1.4745893633586225,0.0,0.006019909664731012,0.6220159537674923,0.05808441085637419
0,0.3461982610739972,0.11760454808957232,0.2368161436599996,0.9722989391173463,0.38713030333004994,0.07775084635145378,0,1.7672379920733714,2,0.000778061624900378,1.766459930448471,0.05684058323657141,0.8306669546597152,1.9950874449843556
1,0.7656657950986049,0.011416982486606608,0.204675351213916,0.576566930148022,0.0,0.028761325049730637,1,1.2684373213871,1,0.522046847454547,0.7463904739325531,2.893064726382525,0.9970227631295012,3.9393367376643686
0,0.5130269217785087,0.35142921922895287,0.734669791447239,0.06062654877327156,0.08936835835602008,0.12076133666983789,1,0.2644895343833945,2,0.23634665032554725,0.02814288405784726,3.4185543866645514,0.47332943373463787,0.19977914703001112
1,0.4597958892749636,0.5553176384279525,0.5645392862095029,0.7732342916221171,0.0,0.09261829765006573,1,2.3222083621428635,1,0.2617937628289031,2.0604145993139604,16.12616676310479,0.9990263025415241,54.98761352783809
0,0.8340747307980766,0.2477164179479444,0.7708320963728408,0.9531604880370382,0.0,0.11060749931688157,1,1.5262983730212587,1,0.04894641538315381,1.477351957638105,0.5235834278986141,0.33505958872348485,10.65465917020182
1,0.9606447966726998,0.14398054119793513,0.5489012665123931,0.0,0.0,0.024798880967714338,0,1.4151022446622885,2,1.4151022446622885,0.0,14.525577455778953,0.9995497516937891,0.0
0,0.3394168925365474,0.970535745395725,0.10602912183064539,0.0,0.9481022894736189,0.15259279493247563,0,0.7806910523300207,1,0.7806910523300207,0.0,0.1622089526119651,0.1962205271687686,0.0
1,0.5337793923358432,0.8643289560409935,0.07207328121152723,0.0,0.22507047398884616,0.25688648680181414,1,2.2986118715123265,0,2.2986118715123265,0.0,26.303097295600693,0.3324180019895038,0.0
0,0.05785312375657925,0.5095432760207479,0.6235079875011236,0.8021095935456756,0.47568248579721106,0.07588295733147488,0,0.7889837252873088,3,0.11425880206167197,0.6747249232256368,0.06566177728491013,0.48904540682597464,0.07079535671087149
1,0.262182598526722,0.012176776794017075,0.8998375981764654,0.3145864476464628,0.0,0.10296529147525373,0,1.1453143271359056,2,0.5607500042709448,0.5845643228649609,0.26074685720394414,0.9999999868140366,0.11967581799499996
0,0.8799511230920498,0.15897921629231215,0.018410431182694587,0.5239920370250133,0.0,0.25100133142045367,0,1.260735033040107,3,0.13464753855704883,1.1260874944830581,20.455572562337622,0.3884069649262377,22.517600479753952
1,0.8236951744580298,0.40516974684934126,0.3706570239468989,0.8686533835131917,0.6466911011130169,0.15756381627584676,0,0.803097840563998,3,0.21026233674509945,0.5928355038188986,28.08168253159514,0.9794412239144752,21.464636604744005
0,0.5514986455993405,0.7896322571214801,0.19108099964792524,0.0,0.0,0.03553812546888889,1,1.2938698546194896,3,1.2938698546194896,0.0,0.321960601378619,0.17732734631938907,0.0
1,0.475406182769067,0.7844622831603345,0.9646372922171242,0.13616548832232767,0.0,0.20472606482852573,0,2.0345170772223145,1,1.8839879668871513,0.15052911033516314,103.9416663882294,0.9999999538329833,16.38423513932356
0,0.9441499806395017,0.8419109783899698,0.5682197133325374,0.0,0.0,0.23249090876819026,1,1.7646606186776803,0,1.7646606186776803,0.0,2.7506098883080257,0.07393267193465758,0.0
1,0.6072668886067614,0.87933478726849,0.5162298994322575,0.0,0.0,0.029742031636143026,1,0.09549758818341164,0,0.09549758818341164,0.0,29.742031636143025,0.99642558738086,0.0
0,0.10683546342814787,0.2554841462687353,0.04838679102154331,0.5722891842830293,0.008949353642210278,0.15815891454136072,1,0.01603996536006425,0,0.01603996536006425,0.0,0.35494660112419735,0.7224384117456548,0.4651092612181953
1,0.7962273903844265,0.9106530114529016,0.07232009741035228,0.0,0.5821887559626637,0.1890539310629005,0,3.1111195415911146,2,3.1111195415911146,0.0,46.41147315045106,0.39657140241895494,0.0
0,0.6136513534513286,0.16613346333973034,0.9328109107570048,0.5394260265834436,0.8067388614302226,0.02978089934364833,0,1.3908318984071324,1,1.2757815043488772,0.11505039405825523,1.7903914397872203,0.6597694124392945,0.235590398814584
1,0.5974138281036413,0.9079079158391044,0.3014981368667159,0.6720061274811792,0.5098825266275231,0.09931771532770427,0,1.823912530277603,2,0.437626374037954,1.386286156239649,7.312421818576969,0.872657344192213,14.98196362960658
0,0.6859106949974794,0.4296962777480695,0.23364638655483572,0.6015984339091843,0.004826275881963826,0.11563347930191774,1,2.144878583486523,1,0.7163956294895568,1.4284829539969661,1.89088160626544,0.29421757073284893,2.855288507519739
1,0.29779483996128764,0.36765986577620047,0.7239127119229027,0.0,0.5868115455253371,0.2801860840285976,0,2.6684141498764253,3,2.6684141498764253,0.0,9.09338305856194,0.9999435491288265,0.0
0,0.2820135684768482,0.9595891417266343,0.1996494980015776,0.11413415837549279,0.0,0.21818241064289098,0,0.022580445182827338,2,0.017720428262781068,0.00486001692004627,0.2457164062518603,0.21461952834086562,0.03165788080865416
1,0.98246869559216,0.310009802920434,0.7413852582866136,0.0,0.0,0.15935593069710727,0,0.4516768873836345,2,0.4516768873836345,0.0,159.35593069710725,0.9999822961358787,0.0
0,0.38207295639961425,0.8225019757503876,0.6811834984210781,0.0,0.0,0.1081148265826169,1,1.056512195980728,3,1.056512195980728,0.0,0.5894053488100934,0.20874647767926546,0.0
1,0.18713036910834158,0.668718141104379,0.16919201197466172,0.0,0.0,0.04044181281066513,1,1.8887450119171316,0,1.8887450119171316,0.0,1.2337132575486671,0.667198211977366,0.0
0,0.04214951474078499,0.052442927803092454,0.4124428301893003,0.8289626115560034,0.8683324006829127,0.12447562614978623,1,0.47546725787721345,3,0.33448180895001933,0.1409854489271941,0.2747566559962915,0.9453754171145937,0.03778499596451985
1,0.04806966677686231,0.43582598753447754,0.21565299266344995,0.8201964792407497,0.0,0.03061037373909365,1,0.957748665357483,1,0.1578921510613066,0.7998565142961764,0.034417400602862164,0.8410320056477082,0.15699932170340278
0,0.1743675687195556,0.46702842803994815,0.05358611270156999,0.06512839298710205,0.9399879068391092,0.050174279122058,1,0.9920032595368443,3,0.9821876137491965,0.00981564578764782,0.3078688342599617,0.4851224815776154,0.0012096482408100065
1,0.7471306209072098,0.8426267670549912,0.6050421877711433,0.0,0.0,0.27952240896884395,0,1.3202924616279597,3,1.3202924616279597,0.0,279.52240896884393,0.9988545837454743,0.0
0,0.2909495185500346,0.15683466065967544,0.5121337977031166,0.23485720921970055,0.0,0.211425070994267,1,2.648779409104889,2,2.2018676808486592,0.4469117282562296,4.819643052258985,0.7921842910490217,1.4793682046383974
1,0.5253805104147993,0.3944293509038648,0.6855071109125144,0.0,0.3185811314592214,0.17049143938338243,0,2.880472653717203,0,2.880472653717203,0.0,30.219731375205946,0.9998792968571045,0.0
0,0.044302920618261354,0.8763618463029645,0.9799138945563578,0.0,0.8097544677218037,0.13519358732003475,1,1.0136827442620089,2,1.0136827442620089,0.0,0.10056666398221699,0.2916359855166969,0.0
1,0.2214514698981701,0.9542381762038586,0.0757471606529122,0.7827809055843171,0.0,0.09688544083324456,0,2.1611859327412417,1,0.2661708468533224,1.8950150858879193,0.433040682469555,0.20798205273877168,1.5605256917685384
0,0.5997951354240146,0.6484783877139965,0.4353325034398152,0.0,0.6317385122222028,0.0658031518075375,0,0.9346993313649766,1,0.9346993313649766,0.0,1.122816811144858,0.22533998596134985,0.0
1,0.8251332946474925,0.5799405734400951,0.3307931135673814,0.46123908339048314,0.0,0.07507471502965228,0,1.4401619298675334,1,0.7879794472285764,0.6521824826389571,16.413617182211333,0.9531762946397907,14.051876279163102
0,0.08319453521885867,0.014343952515826541,0.5936357353255101,0.8021815598294975,0.22320352421338197,0.19081102169002648,0,1.3216956269924578,0,1.3216956269924578,0.0,0.3713689674919902,0.9843747590245872,0.8656853010946552
1,0.2982748638429793,0.26853077562527194,0.23490987816364828,0.0,0.1178753135315892,0.27499485488596037,1,2.3144065098127746,0,2.3144065098127746,0.0,13.803134345438162,0.9250657359567119,0.0
0,0.6588236811461464,0.7176553027169862,0.7733546933724372,0.037303382495974646,0.4448800669236115,0.07480214427226678,0,0.3425033819438956,3,0.32201989526699093,0.020483486676904694,1.1158330230727984,0.18153398859257297,0.023602170027811616
1,0.49750991643282316,0.5284651505940233,0.009360933884541178,0.0,0.45804395399785847,0.052443787708855924,1,1.4216608226174818,1,1.4216608226174818,0.0,3.228551679091991,0.4837364218789545,0.0
0,0.6023069119094718,0.03547402655356202,0.4274371712514283,0.952522855058305,0.0,0.20728472684451493,1,1.5512682099310928,1,0.04974454430298425,1.5015236656281086,0.8186225334649757,0.9153484406341238,16.423832430292794
1,0.9825465245862512,0.41508286015140716,0.9937436869423648,0.0,0.0,0.17516906311050304,1,2.583067130373512,3,2.583067130373512,0.0,175.169063110503,0.9999999998686552,0.0
0,0.38572649017612837,0.3292363001418678,0.9395865128303923,0.783446533920661,0.4891163999656509,0.11647063750756903,0,0.7479450317294369,1,0.43783061928851447,0.31011441244092247,1.3782955958506404,0.5558475456501679,1.119844584054987
1,0.96516904812237,0.6688371881424954,0.4650183949765281,0.8455036735849303,0.0,0.042876386995487736,0,2.8002025868062135,0,2.8002025868062135,0.0,9.43850475807788,0.9919881281200527,51.65359352729106
0,0.5576828798014435,0.5904742904835077,0.1629920281794145,0.2166959455232863,0.5589067116449552,0.11486852600173651,1,1.3549610657365245,2,1.1541162721640963,0.20084479357242824,1.9885669040232459,0.26071008944280905,0.2232805701213958
1,0.5143280187607449,0.9518875125215325,0.04223143030229748,0.0,0.0,0.05813483650303626,0,0.3859185832198832,3,0.3859185832198832,0.0,4.08132015496537,0.15984243217087457,0.0
0,0.8087761926475169,0.19271054081060346,0.4263224339622773,0.5723300230934486,0.0,0.01693555555297687,0,1.6537695007594735,3,0.12178663164901979,1.5319828691104538,0.8189773977273616,0.4447718254323255,1.095997797986022
1,0.91849143804291,0.16897513933603725,0.4443163223170702,0.0,0.0,0.15460564338773805,0,2.8748266083987857,1,2.8748266083987857,0.0,55.87288042941349,0.9971106961260819,0.0
0,0.007722777156248584,0.9905345325286374,0.4708746949087971,0.0,0.8269340621207426,0.03403931234323729,1,2.419353765156343,1,2.419353765156343,0.0,0.0005843776217107921,0.2662482853036747,0.0
1,0.9963734835465781,0.5131814983831814,0.07432529735037074,0.0,0.0,0.04914996939092458,0,1.576791555315582,0,1.576791555315582,0.0,46.33829250295705,0.8094037456766785,0.0
0,0.16620589396668428,0.9165163716026365,0.9907703113194847,0.0,0.0,0.10270978852596091,1,2.2902795275016707,0,2.2902795275016707,0.0,0.15128521451293464,0.2281567506024984,0.0
1,0.7939751161719123,0.6947801346813404,0.17705144015945806,0.5545568602357631,0.294693182079087,0.1455396592536447,1,2.930537275345949,1,2.5322789787810427,0.3982582965649062,91.32840745960239,0.7786759173914077,113.69979772937073
0,0.32140923790507436,0.5609602809118995,0.9729887653335407,0.0,0.7530443630890749,0.06209522166812564,0,0.12182813450250546,0,0.12182813450250546,0.0,0.6319141930646511,0.37458573876921386,0.0
1,0.6678087656439216,0.657988078578443,0.670959148799725,0.0,0.0,0.28281794073758315,0,0.38743764095147165,1,0.38743764095147165,0.0,275.1359819573315,0.9997538842631816,0.0
0,0.2499942574141122,0.40836914590011475,0.6123203267135688,0.4357099077651283,0.7277334408157906,0.25431457573408095,1,2.514374676385225,1,2.424745426652934,0.0896292497322908,2.950740018512206,0.520747313260187,0.41990140869759507
1,0.19708476025808985,0.9749271752625236,0.35615286025706805,0.0,0.0,0.029235259780365112,0,0.14647572825390562,2,0.14647572825390562,0.0,1.1331758103481375,0.9014100055654947,0.0
0,0.4855800778680106,0.5371882984053611,0.9519976110740119,0.048594635197611535,0.0,0.0964374868038285,1,0.8026952401174513,2,0.7330490765738297,0.06964616354362163,1.6308969792990182,0.3214919156716852,0.08330081654561997
1,0.690354676478183,0.12582085268938792,0.5118869253857486,0.0,0.0,0.10171633273167509,0,2.9943602962265734,2,2.9943602962265734,0.0,13.817350675714705,0.9990384971487727,0.0
0,0.13844549883546153,0.830214191649277,0.7327395107432352,0.0,0.45526879165622214,0.16587382397812386,1,0.1831957744303931,1,0.1831957744303931,0.0,0.3725384546033198,0.276472321770887,0.0
1,0.5685933037770732,0.38985312229589597,0.5053216831123871,0.0,0.16211864634211648,0.2500741722180924,0,0.7375967032080899,3,0.7375967032080899,0.0,34.998443395679175,0.9962989050409025,0.0
0,0.6108236996679951,0.37735595262748667,0.7018834718502762,0.9194034540657707,0.0,0.045918896286370914,1,1.0386180417154414,2,0.005814841198808637,1.0328032005166328,0.13628621440343164,0.39104142717144175,1.5546822113979404
1,0.21002877293306643,0.8474872128226818,0.7529992406443696,0.6204337554211788,0.0,0.10570946346773728,1,0.7206134878028978,1,0.26980704584139975,0.45080644196149805,40.470017167417694,0.9999820079362276,66.15173264683283
0,0.45310243319039445,0.1709223691586158,0.3456081147054866,0.0,0.6528621810348465,0.24015223982314843,0,1.4743071455496235,2,1.4743071455496235,0.0,8.669744542393847,0.726236388811107,0.0
1,0.39073509551280305,0.07237028919326227,0.7662354457714627,0.0,0.6963187340726933,0.1828161029748549,1,2.145711894374401,3,2.145711894374401,0.0,39.933368198520924,0.9999991107726975,0.0
0,0.1960750665428106,0.13491777421627094,0.3368118541359427,0.6023762430226838,0.6752825814993385,0.2366752758765293,0,2.787263570424829,0,2.787263570424829,0.0,3.752273945149177,0.8375226455026232,0.9270159662241677
1,0.8203067955127752,0.04267346138045491,0.5476119930948808,0.47684932385005907,0.5758752183135014,0.02774205283063001,1,3.0497497983794384,0,3.0497497983794384,0.0,30.022448927769172,0.9999231237222184,7.617432533190493
0,0.8086431747728513,0.6726456573027725,0.7873534174037112,0.10352988722624346,0.7609848968381185,0.22785114592239616,0,1.3100058437267184,2,1.2613676945390837,0.04863814918763465,5.187022811622723,0.13390169622395354,0.1327496791302794
1,0.5086903174204658,0.7400016015709628,0.5875236478790725,0.4701230161149549,0.0,0.2885158670248339,1,0.3759888746854124,0,0.3759888746854124,0.0,155.60972400441136,0.9992374366024165,138.06169169567184
0,0.058014733777267735,0.5053224970285753,0.8981542338510546,0.3326697194301049,0.0,0.07622878892994957,1,2.7817939370576674,2,1.991486547545192,0.7903073895124755,0.1495334030942397,0.48890731503017393,0.07454365057480601
1,0.8715760559548247,0.13217691594949643,0.3050751526083735,0.7725284557686096,0.0,0.1633354510093527,0,0.9013565670264759,1,0.19280218105303726,0.7085543859734387,8.073621388498893,0.9867614069277645,27.419263736007846
0,0.5824724774589648,0.8038178801135077,0.35128106046839824,0.009801469338119428,0.1312510297306344,0.13250055225893184,0,1.2704153042531798,3,1.2459320115108496,0.024483292742330187,1.2446441238042616,0.18207406585524777,0.010690049151975446
1,0.14604273988790184,0.16792136991008266,0.952884908736082,0.0,0.8444660694775874,0.28449612677404135,0,1.4232774363090386,2,1.4232774363090386,0.0,0.26438732713494345,0.9999999752924731,0.0
0,0.38656094627527193,0.3750887220633633,0.8641334593779851,0.0,0.0,0.014760417751174683,0,1.6485189979520625,0,1.6485189979520625,0.0,0.28207760842454477,0.5054429681070904,0.0
1,0.586993413190181,0.43021774379312494,0.5175722149699251,0.0,0.0,0.08231085605070211,0,0.9352054872712052,1,0.9352054872712052,0.0,14.45696334102223,0.9967180646996759,0.0
0,0.6305004038324661,0.5873705253573342,0.7080282063122164,0.0,0.037586499364758996,0.1510028804458276,1,2.484194135080832,2,2.484194135080832,0.0,3.251462111916307,0.23059485920402356,0.0
1,0.9276889739859024,0.16122770397360886,0.8859141379692881,0.5902395946811771,0.8449914787022698,0.12659050359295634,0,2.9724597279660707,0,2.9724597279660707,0.0,140.53351784704014,0.9999998350529424,14.167636344233939
0,0.08582526455185513,0.35195556839480946,0.4662096657402347,0.3577243023289156,0.0,0.06302218276279005,1,0.667224066805151,2,0.2782978144656195,0.3889262523395315,0.14431524528638445,0.6273162911467692,0.08037836496490934
1,0.6193251512817038,0.25040788974013384,0.3153846107667606,0.2517950567936714,0.0,0.07125405715610103,0,2.2016364727140547,3,1.2113015289903664,0.9903349437236884,5.7326938201363,0.9702659388418367,1.9292360724538706
0,0.12922643530617473,0.5201552343639971,0.06619971051796325,0.312892160296816,0.0,0.18739287432496265,0,0.5729123042199056,2,0.27310492465357006,0.2998073795663355,0.5267630484637381,0.4622727844829295,0.23987505115580424
1,0.297466122530351,0.6865605756254168,0.49058601351517905,0.0690082719759968,0.9243948450781102,0.12773133047895754,1,0.7625789546462686,3,0.7517881694281539,0.010790785218114718,40.01944570799279,0.994193900980324,0.21015789307060562
0,0.5902893458566169,0.2554925136067161,0.8824369211174049,0.5457548232681747,0.0,0.22036932276052384,1,1.1442472106207184,2,0.2326220442929034,0.911625166327815,4.740793742435248,0.5441908222320739,5.695847052617357
1,0.5299935154653812,0.003964601886879082,0.13070059797034617,0.04683843907910534,0.42109561892287883,0.2581587452244906,1,0.06486400734146887,3,0.05973245188281151,0.005131555458657358,20.47390863095527,0.9977767726522725,0.5706316959928193
0,0.4598981761889207,0.6834911275073907,0.752343177655418,0.007236600093433299,0.3142001016251147,0.06021304589208459,1,2.07973543220201,0,2.07973543220201,0.0,0.6673848286846243,0.24971535890194863,0.0033286714744075363
1,0.22172890020221891,0.1888468319739497,0.27084395587618737,0.1981833967994051,0.936968986660444,0.24741986990125317,1,2.9609224321679766,3,2.9539288145220612,0.006993617645915329,8.261616425266295,0.9616521816013792,0.1045763877364714
0,0.9216691367522626,0.5530379528488172,0.6917257743704043,0.5383261755672814,0.0,0.15474786148947775,0,2.0676150515872167,1,0.9057589117751434,1.1618561398120733,3.3739283268051072,0.08001591811602782,3.934106368362675
1,0.4650690107189882,0.09507515114297949,0.37894025690794886,0.914623681246587,0.0,0.13459659619644393,1,0.35508789179488154,0,0.35508789179488154,0.0,1.4533682362192994,0.9956652270352162,15.569715652147572
0,0.26241560211160053,0.5242856925683992,0.10617624513458668,0.18108694352693044,0.12071560301981232,0.040570305872224884,0,0.5658129526969264,3,0.3402991741859971,0.22551377851092935,0.2985956465372777,0.41708019508019567,0.05690690729670552
1,0.11144617591982586,0.8308278558558296,0.961011026603638,0.0,0.13522758548997305,0.047929519396328446,1,1.5096776359690531,0,1.5096776359690531,0.0,16.152917993709387,0.999999990575094,0.0
0,0.05591778080528853,0.7949178194024896,0.41074110892641347,0.0930262237184345,0.0,0.2345342633480436,0,0.7465063323456083,2,0.6220223754016954,0.1244839569439129,0.3054875649832685,0.3551573119997269,0.031333160127124775
1,0.8029028204045157,0.5144587734644316,0.5852728529588221,0.0,0.0,0.039414444227037715,1,0.9122995482422565,2,0.9122995482422565,0.0,39.41444422703771,0.9995704653232843,0.0
0,0.7900091434874791,0.5623982115664938,0.5406843913905252,0.027122094524571705,0.0,0.013955599569266664,1,1.4404786612548173,0,1.4404786612548173,0.0,0.4454901795509098,0.1589298531390403,0.012419468765346903
1,0.9373870480730612,0.541439845201694,0.992234973213659,0.0,0.0,0.24669632907659916,0,3.0439723312487175,3,3.0439723312487175,0.0,246.69632907659917,0.9999999976135513,0.0
0,0.32764945413198066,0.7083458703669923,0.5084046609907297,0.0,0.0,0.12300889735128381,1,2.2900563058117607,0,2.2900563058117607,0.0,0.8840157026352928,0.27930492068224655,0.0
1,0.012667173455681136,0.6485375145549263,0.2649876404506113,0.0,0.0,0.10780639605682278,1,1.7477658846902437,2,1.7477658846902437,0.0,0.26243241017800023,0.8473138394278206,0.0
0,0.16287418834292988,0.7379079615026909,0.7030663930457914,0.0,0.06773450454174579,0.12114926526489701,0,0.8694772228120179,0,0.8694772228120179,0.0,0.45141959828479616,0.33636513534537715,0.0
1,0.016969642538878782,0.4022489219427492,0.36067747888273904,0.38555981832814745,0.4349757485946594,0.1978458115944081,1,1.7802178606885133,1,1.486684795542009,0.29353306514650424,0.5890631972111764,0.9687903604245532,0.19357277451854538
0,0.8021387118032729,0.5251025981088469,0.9268620006938288,0.0,0.0,0.029694496275810132,0,0.10826316536943247,1,0.10826316536943247,0.0,1.1032130368791564,0.16497221694194708,0.0
1,0.9556562375208257,0.04615523140595479,0.2080422743690986,0.8612550547128319,0.0,0.21918477326235838,0,0.8181844097334953,3,0.0020290370429770065,0.8161553726905183,8.918373569526954,0.9905136439561922,55.36053440126869
0,0.8953795199981,0.10114133689294258,0.30939378703566467,0.0,0.0,0.28036786381024,1,0.6631837663116806,3,0.6631837663116806,0.0,69.36524580789145,0.4818057717394195,0.0
1,0.41846239370059557,0.9889100188894655,0.7029882633961682,0.0,0.9537513978759496,0.16738133942651806,1,1.8022447452672328,0,1.8022447452672328,0.0,167.38133942651805,0.9999311988163315,0.0
0,0.9153875006878254,0.5444825998444183,0.993121278246118,0.0,0.9670829696362684,0.2313627743493239,0,0.309416122075163,1,0.309416122075163,0.0,10.019245058314482,0.08444211385319567,0.0
1,0.027232468865797888,0.5214504280051905,0.7549609517339175,0.20191923706872017,0.0,0.24306646976233917,1,2.961473484609431,1,2.9012004115742127,0.06027307303521834,7.342619812729937,0.9999874860493946,1.8577270115202127
0,0.47737926608073544,0.2539339041208778,0.3450083298787604,0.695103192343459,0.5778116469885942,0.18800799033421972,1,1.4221671214728417,2,0.5759497422854305,0.8462173791874112,3.0436011916869514,0.6055968596055439,3.4632566272461554
1,0.35227654217651116,0.23361604014545578,0.09435399691959734,0.0,0.733419644458273,0.22743880129156255,1,2.0157812571700218,3,2.0157812571700218,0.0,9.473086023307427,0.8282739886958375,0.0
0,0.9523553741693855,0.3824415633651347,0.45883039123403346,0.010249174607231959,0.4989893551030308,0.1418504411248611,0,0.5026330386153486,0,0.5026330386153486,0.0,12.0988195811473,0.07143930049814862,0.06244763586996398
1,0.2731509409073254,0.4093936651384934,0.20530632420446682,0.28730653608731493,0.8762896426779009,0.18431218107576292,1,1.8954968898374662,3,1.7860423079791796,0.1094545818582866,8.637840697910109,0.850036236788981,0.34420098405565297
0,0.6151744480332769,0.3638928687688877,0.8050107012280634,0.8233457583558952,0.7391654216140363,0.20043461106962712,1,0.2860995504260121,1,0.22470664421957126,0.061392906206440834,6.068582182379684,0.4021637188926156,1.6962739451308224
1,0.23269091561955935,0.4405565030924935,0.47484650111121207,0.2611191001577414,0.5476708885325725,0.03137626240162043,0,2.1423221147768157,1,2.020147158997303,0.12217495577951265,0.7057072226093355,0.9911520224722756,0.09875319891807459
0,0.8363983479429605,0.5160144767242176,0.9499794021735259,0.0,0.0,0.04486523011948906,0,0.11157638783881699,2,0.11157638783881699,0.0,1.8391432583269256,0.1436521888916309,0.0
1,0.6686059503680927,0.3251334369395169,0.8798028165753388,0.07442855199859078,0.15823550298923184,0.16723321749150605,1,0.07326406155014771,1,0.06867732933717156,0.004586732212976147,156.77746484701433,0.9999999223693448,10.478909159310303
0,0.24342798576511226,0.15294705344949944,0.17855769823676404,0.0,0.0,0.234701372655752,0,0.5682738042255273,1,0.5682738042255273,0.0,3.657925658177805,0.807323811549075,0.0
1,0.33566446267414163,0.6958219443032294,0.412754854929284,0.5555004877988412,0.0,0.20600983126802325,1,2.791800396561146,0,2.791800396561146,0.0,115.0612396397363,0.9789034085324322,143.7944766915455
0,0.4617757620554003,0.36097682751751625,0.28900812856926206,0.0,0.3000606751089203,0.2677121378757147,0,0.15138968306991515,1,0.15138968306991515,0.0,6.724044133795543,0.4879140907423475,0.0
1,0.12172798924528028,0.7537796875070989,0.32565046877722925,0.29525103405280284,0.0,0.14830524316916047,0,2.4960627705782406,3,1.2914026611014013,1.2046601094768392,1.6442716767940062,0.8885649880797875,0.6888593475049386
0,0.7877334579722135,0.7770429063710832,0.30596067799424054,0.0,0.17430650410684867,0.07952265271438162,0,1.5127416438449157,2,1.5127416438449157,0.0,1.1596356591278556,0.1297860299555167,0.0
1,0.9867843901463149,0.6194609079728355,0.6215859920169071,0.067573032072897,0.44782099691751576,0.27911562726732714,0,2.2720011751394233,0,2.2720011751394233,0.0,286.14459459947034,0.9995105678785955,11.094870080574358
0,0.6213470831831388,0.24413500314432302,0.9173282488688378,0.8361096974910278,0.5667415851187126,0.2343532497823998,0,1.1242756721944018,3,0.14387780049590912,0.9803978716984927,4.896907959682421,0.5396679933303972,7.585957167185025
1,0.21124594403828312,0.6543765105242911,0.6403701140307498,0.6018484804530835,0.0,0.0777082148368576,1,2.8797498617084765,2,0.1756353342828919,2.7041145274255847,10.672132578119529,0.9997391162835726,16.132066462145513
0,0.3850284656869082,0.8188878601767233,0.8964059679926287,0.29311530179048306,0.9086741710215764,0.1821439737704399,1,1.1988021064299936,0,1.1988021064299936,0.0,1.0074171801889393,0.20951213271496516,0.02780103008622542
1,0.2719774145582413,0.9945869699981437,0.8802131913296977,0.0,0.3814798876274029,0.13513402470170433,0,2.7838115600085,1,2.7838115600085,0.0,39.93734578411079,0.9999979275678517,0.0
0,0.4552874539031986,0.7646152929540657,0.5824745232374682,0.08861530089606151,0.0,0.14680034695336294,1,1.5010064545767103,0,1.5010064545767103,0.0,1.2041824444702633,0.21362799244302955,0.11708446472208954
1,0.04500812690157363,0.31835536352811333,0.8976339234749199,0.3324293914690569,0.569887898873839,0.15220378795387843,1,2.6770366362266214,1,2.588793674236983,0.08824296198963832,2.919941339483105,0.999999930940297,0.5012541388794677
0,0.46824952854599233,0.8375165347341721,0.403600109263188,0.17625119456209992,0.5717102458078651,0.11010913067438773,1,1.6545354758427289,0,1.6545354758427289,0.0,0.6699038163764668,0.18121725479195294,0.05496406160940604
1,0.7178119387512039,0.6297846379505861,0.0191522600550047,0.6717660864900934,0.439459132931866,0.23779094541873538,0,0.5368462391895567,0,0.5368462391895567,0.0,23.10207371479756,0.4222652000047753,14.320612111041864
0,0.767500006808759,0.9200554942008303,0.16425978364793392,0.8168400483419096,0.0,0.07698922226175063,1,1.729151063916072,0,1.729151063916072,0.0,0.08324679917793058,0.10409020002389069,0.37125648292234875
1,0.15310495022469095,0.9002778045222289,0.9053052331162712,0.0,0.0,0.0951112652694628,1,2.0206876897577466,0,2.0206876897577466,0.0,95.11126526946279,0.999999872147746,0.0
0,0.24433017217299302,0.6954679303535842,0.07325158187528857,0.6576331766972209,0.0,0.030258255787273806,1,2.9724805857911614,1,0.17807999143720465,2.7944005943539567,0.05774867166444771,0.3127485563085237,0.11092617570350675
1,0.05377791257074149,0.4554402937625047,0.7478081669006321,0.8525627461655038,0.3060520678005715,0.01250571240717335,1,3.0794262858754213,1,0.012984246581000392,3.066442039294421,0.07040106724442251,0.9999869685372705,0.4070974306823654
0,0.9135696880935295,0.0007682349416320289,0.03187919684574936,0.8591093843821155,0.276111667831922,0.22412610089596074,1,1.2032049601460821,1,0.32354178620612717,0.879663173939955,34.58939402567477,0.9911831056766653,107.66316446647477
1,0.697626958912838,0.8927029522571527,0.17756406569900374,0.19903688148636478,0.0,0.17006554401402954,1,0.5951554822192305,3,0.31038100660841317,0.28477447561081737,50.02225154475908,0.6846488321119715,12.430376283581465
0,0.8637899145128142,0.2983505751178661,0.620094130280667,0.5128352867250683,0.0,0.057076890433582356,1,2.667046497000059,3,0.29001600022175245,2.3770304967783065,2.5940848401003365,0.24261568170563552,2.730777099636179
1,0.7034117411247928,0.7537395768310681,0.28415393482069606,0.3253723149622051,0.3344508118899171,0.23136438044588936,0,0.23292519021168184,0,0.23292519021168184,0.0,46.19599205488604,0.8856996803647075,12.77927708413926
0,0.8077350598370507,0.9325290066271064,0.41034478854669043,0.8851003106243219,0.3469704817392123,0.24255405923583193,1,2.3936597206656924,2,0.01116415097689423,2.3824955696887984,0.11742314849932836,0.09765297464650557,0.9045391312715032
1,0.48081966683339417,0.7038498972102746,0.30412740373834746,0.0,0.0,0.28292835614380024,1,2.2881719380014376,3,2.2881719380014376,0.0,77.04077429612056,0.9155112297297707,0.0
0,0.18948508923280527,0.5692679561641704,0.07577379498465642,0.0,0.0,0.162747842175182,0,2.729508300708108,3,2.729508300708108,0.0,0.916826541482133,0.41466223808657177,0.0
1,0.35764120268433963,0.6729904847785244,0.13168701859487786,0.7734713847258656,0.40516850703481344,0.1494097131282188,0,2.444141835068097,3,0.012159330467929282,2.4319825046001675,1.3359023648120982,0.5792367456079668,4.561376277868216
0,0.548788980306916,0.8087660989410643,0.24911162795210406,0.254972155699174,0.0,0.10417317765893225,1,1.7350222230023988,3,0.8291306062218515,0.9058916167805473,0.6816921018393518,0.1715311232017931,0.23329665603598387
1,0.5682927062040893,0.7419191567654806,0.5150272388966293,0.20140189162908928,0.25293035370240835,0.06610010914038823,0,2.5202011350189064,1,2.3999263034526246,0.12027483156628183,25.982883639961457,0.9939976118704541,4.6631496310839635
0,0.8649307511344473,0.263361393734891,0.1976445899594007,0.009273082732083715,0.19362441742556802,0.15357035870200939,0,1.969021403201282,0,1.969021403201282,0.0,16.226212388701025,0.2742038319631167,0.12224775295308563
1,0.5573134997452802,0.9139134952334179,0.8106934315245854,0.5469880187365489,0.041128447497859044,0.16728660490323588,0,0.4562645388014131,3,0.0485985143155646,0.4076660244858485,79.22183890865774,0.9999879899570819,88.11402610387299
0,0.004973195287413579,0.19835703915656022,0.42974083153592657,0.6932936735933287,0.8626971619102233,0.04283845070798091,0,3.045388605582586,0,3.045388605582586,0.0,0.01149137498974383,0.8008490001763506,0.001209495312643403
1,0.07329145002030857,0.7549998240434538,0.08376776142544995,0.6247094369153915,0.0,0.1869666010533123,0,3.0984430773548537,3,0.009114788497080181,3.0893282888577733,0.3685024422570701,0.37757476616612906,0.6134099171378874
0,0.14968252605155918,0.4663641044360879,0.46937553958834466,0.658724005284566,0.0,0.22309783445427647,1,0.8196268752939415,3,0.03167751966272609,0.7879493556312154,0.3967509614602516,0.49315082679882016,0.765800661284484
1,0.5658976998449771,0.1771920208128851,0.7632416685987634,0.0,0.5180013816179263,0.22289716016436992,0,0.28913245127522813,3,0.28913245127522813,0.0,28.274665167089232,0.9999918148717973,0.0
0,0.7535529918836987,0.8954766724913747,0.20845733120189647,0.47059275545643164,0.0,0.1400894282851924,1,1.219523854831151,2,0.3452540852763181,0.8742697695548329,0.4625311299111653,0.10873804218174743,0.4111462416743696
1,0.421754827938559,0.3106504491655834,0.6538618646577183,0.0,0.0,0.11777240339760299,0,1.9931961648366954,0,1.9931961648366954,0.0,7.561917506634944,0.9997930944356895,0.0
0,0.9535155505474926,0.9528442754090227,0.6866387119651769,0.08322009586431633,0.6550143139959383,0.21817423023534194,1,2.4715357521341543,2,2.4334862754239914,0.0380494767101629,0.7588022681936083,0.08105149524638211,0.022502116757981097
1,0.11267740063209142,0.517710147750081,0.4516629498610115,0.4659594818300158,0.0,0.03644913442523048,1,1.371887619506815,0,1.371887619506815,0.0,1.1194614945317054,0.9901968506160388,0.9767492918105074
0,0.5885711331191602,0.4241803299861904,0.514728566376785,0.8127546735256219,0.0,0.0495628117826051,1,1.643783965526974,2,0.04279467817579635,1.6009892873511775,0.28549868302703324,0.35836139379965526,1.2392319385732862
1,0.056021379514906156,0.08807398564964652,0.8140995207742553,0.0,0.5868011269753782,0.26860777673925595,0,1.8888955401947132,2,1.8888955401947132,0.0,0.12792163981067825,0.9999983221143908,0.0
0,0.6769815814116454,0.5294803439752425,0.8793058389897858,0.22567411232181067,0.4444062800865939,0.1013525048462655,0,0.5486859966441118,1,0.48204250759477585,0.06664348904933592,2.536497377378093,0.23764297522937838,0.36626202605999986
1,0.4806145190096268,0.4961025453543837,0.3056658187410817,0.0,0.0,0.18040958491181,0,2.7550351019545416,3,2.7550351019545416,0.0,13.388022805986173,0.9269574069325088,0.0
0,0.6449731068224848,0.005303602534779239,0.6442923242156278,0.24701432822798008,0.0,0.05695558967684759,0,2.4389773983378142,2,1.8418010505227784,0.5971763478150358,6.335649235882999,0.9852039658884943,2.0783876753017227
1,0.13783284945875374,0.151966353624163,0.925285077913802,0.7981187024493254,0.0,0.21246992818754912,1,2.958841131087563,0,2.958841131087563,0.0,2.142833146553012,0.9999999904365539,8.471489094045502
0,0.20546840028302005,0.8728077965440963,0.5007396312109774,0.17483416915796612,0.2342906526973365,0.03929664779716771,1,2.0885351880015515,0,2.0885351880015515,0.0,0.10339048306186972,0.23502670890323085,0.01603970968327189
1,0.9771697778493911,0.5144152528968474,0.8204181545276492,0.0,0.42543192051262546,0.12942758111173633,1,2.254294887314259,0,2.254294887314259,0.0,129.42758111173632,0.999999246448462,0.0
0,0.5537527821643865,0.16792447394371046,0.9457826986198425,0.04968305026179054,0.0,0.13107409845602894,1,0.09213671649709267,2,0.08321890560264963,0.008917810894443032,6.387155361698027,0.6885880824527679,0.3339237092977517
1,0.08001795521226629,0.2844917022951683,0.32771557727729084,0.31813656847053806,0.9511782787436883,0.044145842926999884,0,0.7026736354029833,2,0.6825970241004502,0.02007661130253313,0.164583064671972,0.9579998140016331,0.0026197484874878074
0,0.8118586684336861,0.6191173950887304,0.6204957812457725,0.4582904144594563,0.0,0.13032418229277307,0,0.276998554694869,2,0.08133677333090875,0.19566178136396026,1.9644475993726342,0.1402159822303648,1.6619375557145044
1,0.5245834158918792,0.755821557180018,0.46884930749208586,0.0,0.0,0.03741750790782687,1,0.09802213834642963,1,0.09802213834642963,0.0,36.556543454437,0.9921425023418258,0.0
0,0.09094291146135791,0.6732269794882545,0.21986822915907356,0.46839972582479095,0.0,0.08765617306362707,0,0.7250721927371822,0,0.7250721927371822,0.0,0.12207052477355478,0.3928094488714805,0.10755788345657681
1,0.023088934070015554,0.04173947248664178,0.4624317947354035,0.42797994093010083,0.0,0.2422503081384239,0,2.918613768457342,3,0.8993805655970021,2.01923320286034,0.07219157742697029,0.9988359121229824,0.05401304823660052
0,0.6669769559759705,0.4377045405814164,0.07333582482277101,0.0,0.3033866478777075,0.08777954263768212,0,2.722565483624392,3,2.722565483624392,0.0,3.160577453396398,0.2996300249598668,0.0
1,0.2545932023334656,0.3747550301281869,0.4773484970573644,0.019230513791954507,0.0,0.15256995809296103,1,2.759624191273218,2,2.744598909085418,0.01502528218779986,16.96049159230617,0.995854487372109,0.33255415474353966
0,0.13833054442137482,0.8959807609454241,0.2096072329667661,0.0,0.3994831424772106,0.22225016716981522,1,0.3681075274307818,0,0.3681075274307818,0.0,0.3442309371255332,0.24634631281264274,0.0
1,0.2687335756630974,0.3364332254505885,0.8859235799567501,0.6818726384248391,0.0,0.008938425757043504,1,2.8359994321328483,1,0.2476881441961889,2.5883112879366594,0.8092820694669306,0.9999999100502296,1.7346112487936851
0,0.5817087775335785,0.1693126927876244,0.49317053500930375,0.8354219932517978,0.0,0.10063249245840937,0,0.15013195900013926,3,0.000667801273161826,0.14946415772697744,0.929174294960258,0.6723710870495387,4.716624395394874
1,0.9096517536701376,0.097267032824367,0.5542749186044887,0.8234209293184693,0.281411924913489,0.21528041099816422,1,1.335733339808577,1,0.37594911699954126,0.9597842228090356,54.844877713911735,0.9998596706655175,163.32209969147863
0,0.8162498580807743,0.3562051574027112,0.530048822740228,0.0,0.0,0.2066732535934928,1,0.29903620693570765,2,0.29903620693570765,0.0,13.733068528569756,0.24930823537337998,0.0
1,0.5452303824885759,0.5979696256481425,0.14110441500604964,0.0,0.0,0.03542842217282669,1,0.3253617045252005,0,0.3253617045252005,0.0,4.712868496377469,0.6893705641777537,0.0
0,0.1448197919192561,0.58974415378652,0.09754620145649506,0.28866130444022753,0.0,0.21513857622509155,0,1.8705320284123794,2,1.0879788486215303,0.7825531797908492,0.7190782470918476,0.41769093822525893,0.2918020151241488
1,0.5562000611310318,0.7675962287549989,0.5012767621670378,0.10941075712033954,0.0,0.24248084663937045,0,2.2236124312022754,2,2.006958101922802,0.21665432927947315,82.55902309551435,0.9921324246848361,10.142549212461544
0,0.777185446924128,0.08065339943035077,0.8507454167128043,0.559562244754216,0.1317667119318895,0.17407135646897925,0,0.15888994533902961,0,0.15888994533902961,0.0,13.476345946947692,0.7174984586654944,12.744792362453207
1,0.7108632822931158,0.8915345125263209,0.44054637402977526,0.0,0.0,0.2205190723925341,1,2.9637893256065935,1,2.9637893256065935,0.0,220.5190723925341,0.9873296252298558,0.0
0,0.2472636957095301,0.23855880705094323,0.6698863231474224,0.0,0.31367821320490297,0.01319668942893338,0,1.0358756270893863,0,1.0358756270893863,0.0,0.18365594541080998,0.7061081951279546,0.0
1,0.09475727523309663,0.02227848333350857,0.7705703551273733,0.0,0.34297466355929374,0.009684065938422873,0,0.375255765674748,1,0.375255765674748,0.0,0.009188262978029871,0.9999986942221092,0.0
0,0.5680865217585311,0.6773855463639422,0.7161586602233061,0.7991971980520339,0.0,0.08500183645929395,0,1.060334409034483,3,0.0077512354070949085,1.052583173627388,0.25039341713804697,0.22634815643050044,0.9965683518662087
1,0.25755274167245146,0.15832689334023864,0.9622367725472548,0.0,0.0,0.09354693871605987,0,2.563840028947072,0,2.563840028947072,0.0,0.2755845375921368,0.9999999870515266,0.0
0,0.8195866498882468,0.6917068724736452,0.014128638579018804,0.5713045891257171,0.8179250197915076,0.29344039159787905,0,2.606410240901161,3,2.3708611722754322,0.23554906862572889,7.127573758580737,0.1271644777643296,1.0953386758125434
1,0.03862757211740353,0.11344162503129951,0.9788995294148177,0.1121834598919309,0.11526700566306203,0.2641862357085168,0,2.3434054343368254,1,2.258084474547578,0.08532095978924747,0.011101924313226146,0.9999999957576534,0.0012260698415547662
0,0.9373663367343961,0.35489974256256007,0.9313564413874184,0.0,0.12783192816727174,0.2708625179413821,0,2.5899997224890843,3,2.5899997224890843,0.0,24.860205455636954,0.1022122649536612,0.0
1,0.6668554539279069,0.9580380097249875,0.42178878325769176,0.0,0.0,0.13369351945305127,0,0.36095983082848365,1,0.36095983082848365,0.0,76.23499263926557,0.9706349486677778,0.0
0,0.9529001346514946,0.8191868690166361,0.7431019824611016,0.820109396472933,0.6352925218784667,0.05282915348644871,0,1.9197299813655888,1,0.21926052290099873,1.70046945846459,0.13714344757950672,0.0848148879658781,0.6252279319732424
1,0.7191537798294915,0.917432036335271,0.9578338934687015,0.0,0.3870494664839662,0.21927517390566442,0,0.07029443343832552,3,0.07029443343832552,0.0,219.27517390566442,0.9999999359920169,0.0
0,0.3994927855175592,0.9352865305331107,0.9276172420620962,0.0,0.3220172421923563,0.27875094925723615,0,3.027554995107801,3,3.027554995107801,0.0,0.6974132344055957,0.1912563429850649,0.0
1,0.6999404812707226,0.7101077891395438,0.252237697223585,0.0,0.8420325931618102,0.18344630407507073,0,0.46668875697702283,1,0.46668875697702283,0.0,39.16046250226835,0.8534476119572146,0.0
0,0.12436933868868782,0.15309305562372633,0.9161457305298457,0.5669595468352621,0.8967113091031558,0.29764062228837923,1,2.984477081206257,2,2.963030053351102,0.021447027855154843,2.240149245017654,0.8288833554091286,0.14005606457169983
1,0.9701136625145929,0.6756551687211889,0.14293253261348093,0.0,0.8952110001764462,0.2680343117660108,0,1.1112540879273274,0,1.1112540879273274,0.0,159.44967497000079,0.7948202405305088,0.0
0,0.6835251509075145,0.24008499326507526,0.8426929876747188,0.6471583160880261,0.8081875903544601,0.2384736665776101,1,1.1472005355341923,3,0.7587532938989804,0.38844724163521194,13.010679501624988,0.500425521954978,3.1690021396780907
1,0.3576804118279693,0.24264605840934694,0.8995208590171605,0.35532297243574695,0.6558326165671662,0.28811284927555364,1,0.1095050809998822,2,0.08437836321328823,0.025126717786593963,88.31935062863741,0.9999999645943974,12.322254774694787
0,0.35267426005112623,0.6617173734036776,0.16146752326298253,0.33765578839335686,0.7832399072954109,0.09054269861118454,0,2.065371199453888,0,2.065371199453888,0.0,0.8514700460573391,0.3086099964553439,0.06793680450735229
1,0.4400644591684004,0.3245048187798456,0.10282078302950792,0.0,0.0,0.13577256546721345,1,1.4241304587179369,2,1.4241304587179369,0.0,8.748443191131932,0.7774177136269509,0.0
0,0.7892678009461863,0.866126467625619,0.302125317801908,0.0,0.6361245354362794,0.28323544918655535,1,0.16895497164097445,2,0.16895497164097445,0.0,2.339142114196417,0.10526002884882069,0.0
1,0.6217509280759834,0.8560950824105203,0.05258161804459549,0.4101034939445396,0.9807378816601081,0.030322643369386604,1,1.9892877008277798,0,1.9892877008277798,0.0,3.9425709963582296,0.3007688561361166,0.03143520114226437
0,0.11222512487016567,0.6176041322847631,0.631009444277022,0.4219330543777089,0.37030507034746196,0.11930808617525182,1,0.9610728147828991,1,0.7155164572710786,0.24555635751182048,0.27177233819849506,0.40196137111949004,0.10601453462497795
1,0.17245395574751532,0.5622395210157518,0.6064673032975222,0.5080541627904619,0.0,0.27433051035792677,0,1.2734715481303625,0,1.2734715481303625,0.0,3.23844811196593,0.9987879982791118,3.344488193248812
0,0.47023426540722435,0.0989895256344383,0.3329422678595225,0.04054210717754014,0.10197784237852658,0.12468069406865206,1,0.3196339207357578,0,0.3196339207357578,0.0,5.3088648869305235,0.828236819887708,0.2005880643047624
1,0.0641453256310438,0.5146914993733146,0.0029436462960327203,0.060340254688079686,0.0,0.1965313437375439,1,1.1428474677273255,0,1.1428474677273255,0.0,0.7945740047591912,0.4870376920856416,0.051023573218816294
0,0.7238740754382852,0.1280319556986398,0.8128231648965567,0.0,0.0,0.18254554295642778,0,1.2853023505699266,0,1.2853023505699266,0.0,18.745168522390575,0.6528464169937114,0.0
1,0.6886117898087819,0.4691657950373045,0.3717486040287852,0.6898879593102651,0.7635421211835335,0.08788835726711214,0,2.895842872448183,2,2.762183764451195,0.133659107996988,21.858790786471808,0.9728561852627295,4.7136236557390685
0,0.5931649067290381,0.8689594774816964,0.08937569369258846,0.6543576980211803,0.6961494560836059,0.1994699662917074,1,2.495089168423489,1,2.2980658559105533,0.1970233125129357,1.5161406658152665,0.14357112060284782,0.5360125825195571
1,0.003199537400046082,0.9284405152134881,0.09096873379185078,0.0,0.011784330347742511,0.1812002916272228,1,2.337261788108381,2,2.337261788108381,0.0,0.058534770601075585,0.26188364767933714,0.0
0,0.8615405609098814,0.46605531813297907,0.5253179180471028,0.33354724713029993,0.0,0.23003926045659537,0,2.1694605922013928,0,2.1694605922013928,0.0,14.193875858895861,0.13691062020934452,7.103771720438158
1,0.21448891564737105,0.2841481238480106,0.5742770187319882,0.5778950390465654,0.7584946624080231,0.03789071530916758,1,0.6472109085580713,0,0.6472109085580713,0.0,3.031844590981102,0.9995036194514605,0.49864433438055855
0,0.5028011774622677,0.8506888888481461,0.3398424630844097,0.9865557661922519,0.0,0.08850725140822593,0,0.471347853140071,0,0.471347853140071,0.0,0.007648369440058359,0.1899318717797983,0.5612475267061777
1,0.11155626615434544,0.7189710713814235,0.11570806650188614,0.0,0.6274781731105906,0.11350230818230089,1,0.0011836878467716256,0,0.0011836878467716256,0.0,1.4914162345741462,0.4977097069645615,0.0
0,0.8341296812024206,0.8267187926265982,0.13016555965217036,0.4554080665337299,0.0,0.11329498690043682,0,0.025479640261011634,2,0.007556804298716637,0.017922835962295,0.7370001771271286,0.11453649882518435,0.6163070091108318
1,0.059323985739747065,0.7380031155235911,0.5128959699620482,0.7228404773351511,0.9018707614095631,0.2964720089007729,0,0.5724594740448069,3,0.459919777755898,0.11253969628890892,1.8361657983781012,0.9907849589891167,0.1553459325052125
0,0.5922797865020526,0.8776231876952161,0.6254736900968225,0.26093650525367484,0.0,0.11706769194060555,0,1.7766625193831862,0,1.7766625193831862,0.0,0.7286182008986806,0.1628174939368191,0.2572486509727817
1,0.85335672271599,0.6804172173888218,0.26400585178542657,0.1105012592568686,0.5913625496602415,0.2736908858125144,0,2.3468580035596545,1,2.3119324759912483,0.03492552756840617,111.89976142754898,0.895305990584127,5.312039026036903
0,0.9496229651228262,0.36619379742550706,0.7740885276701231,0.0,0.5477974900858349,0.2631884156272064,1,0.23817451895557662,0,0.23817451895557662,0.0,23.873075112628705,0.08019951419471683,0.0
1,0.6383266683789438,0.5939891525517612,0.906578298165276,0.0,0.0,0.1590261299831131,0,2.586463722937974,2,2.586463722937974,0.0,159.0261299831131,0.999999633589079,0.0
0,0.41251262654796006,0.40594759316853835,0.6991843329844618,0.46201323501197233,0.4656815048165154,0.008972770646729416,1,1.685113838007723,0,1.685113838007723,0.0,0.1711036690228973,0.46228252488485566,0.06005140054072788
1,0.3053922393281979,0.7055390682618229,0.5592864882279562,0.8583701433323171,0.9358299068925107,0.029935362829714575,0,3.0214814884523453,0,3.0214814884523453,0.0,2.4916500848259835,0.9967024005540808,0.14530628266218634
0,0.1621724884477942,0.4620096227027535,0.3644529130106786,0.5124319655104431,0.0,0.1301731497126628,0,3.001457457544275,2,0.5638320114505343,2.4376254460937408,0.37900349596131033,0.4938282938573999,0.3983310894737161
1,0.44970424698904066,0.3253482505283921,0.4834897400149365,0.0,0.0,0.28907763643504697,0,2.941117016106683,1,2.941117016106683,0.0,17.883168956341343,0.9951583390660161,0.0
0,0.38066611493559255,0.01470973455752489,0.6443951805948647,0.0,0.8990764351902748,0.25305833390708815,0,2.462387726730306,1,2.462387726730306,0.0,9.112689700199438,0.9764619158332871,0.0
1,0.3253127770916976,0.626623777840479,0.4999209781917535,0.4298706776741199,0.07938608755227383,0.2642931398015143,1,1.0123868427428833,1,0.6184134634465857,0.3939733792962976,55.09732439897209,0.9956273939642969,37.11862927680866
0,0.9537524218897822,0.39754782024482127,0.3956564716829931,0.0,0.9530615138690973,0.14543656174161695,1,1.0011077419316763,1,1.0011077419316763,0.0,11.786249186703964,0.06549439131853785,0.0
1,0.31026748096173973,0.9748663157172383,0.48759448989563925,0.07788442866102152,0.0,0.27013799061971466,0,0.22680367310282457,3,0.17808871319300304,0.048714959909821526,32.01669840805588,0.9848255076488027,2.7042187992799844
0,0.25221873673079986,0.8293373270005031,0.823164068875351,0.0,0.7631539558192966,0.2232985954087279,1,1.4005902684257894,3,1.4005902684257894,0.0,0.8199973157911052,0.2411841102235045,0.0
1,0.6489780362632892,0.20134756482706484,0.7443756164173957,0.8573268392282832,0.0,0.09761867241693374,0,1.4825139547653314,0,1.4825139547653314,0.0,3.750058192026416,0.9999860586517998,22.534199980585825
0,0.7414945241972167,0.9277437549735172,0.9638483967077119,0.29765899695617015,0.72797693986176,0.18074396929916825,1,1.6816035613805014,0,1.6816035613805014,0.0,0.7603825254189905,0.10707356239130239,0.06776935786986854
1,0.3931430894054757,0.7941214516773568,0.08411890255028687,0.18014974610038959,0.3288859583636561,0.1798125486776322,0,1.074266975297229,1,0.9608884746307627,0.11337850066646626,7.470955671383335,0.3839361945741302,1.0411425519124835
0,0.685005136474023,0.5729194668151868,0.12513699913176102,0.6051134651189777,0.0,0.14058070029889777,0,2.6063994206482377,0,2.6063994206482377,0.0,4.220617792786077,0.21635213982961854,6.46756075971314
1,0.5272770425417767,0.6399471536026177,0.8653670293579092,0.12034849353630972,0.0,0.03516487191496104,0,3.0714347584623045,0,3.0714347584623045,0.0,27.20323692259564,0.9999982868052214,3.72177908966139
0,0.04679504890140829,0.8606952505477922,0.9805012086622972,0.6208502393227161,0.9967570285640566,0.2689358170866695,1,0.2336150319761409,1,0.2331488972796217,0.0004661346965191826,0.22567958497247062,0.2973571221563678,0.0004553607013308331
1,0.7758735334793581,0.9995157093143716,0.14759285703744152,0.0,0.0,0.06728790750103132,1,0.630964924767909,0,0.630964924767909,0.0,30.371264783203422,0.5907893479144604,0.0
0,0.28072097823127806,0.4207873327317154,0.2076104016602467,0.5734472061777176,0.0,0.29979777635281774,0,2.8174341142175274,0,2.8174341142175274,0.0,6.867852883401218,0.497509077019626,9.232974453490211
1,0.24230659088235695,0.20651518253090217,0.8860119661176991,0.6969367373958665,0.0,0.23066908992160184,0,1.0600083019617303,3,0.027719136884290327,1.03228916507744,0.5127302596563611,0.9999996343660238,1.1790955830756833
0,0.3178896984180053,0.501173647461315,0.3879353284662319,0.7306430733101946,0.0,0.27461106729332474,0,1.6128606426597738,2,0.09573178235860602,1.5171288603011677,0.8420832295606052,0.4114307089982341,2.28418955617829
1,0.35890983899310336,0.40253544372482775,0.8227530542123174,0.0,0.5927944703073608,0.2686372684866957,1,1.1904928296564015,3,1.1904928296564015,0.0,191.51153681959545,0.9999991084553596,0.0
0,0.8240578907869724,0.8439965035767805,0.6197296454527124,0.0,0.937057406305842,0.2550211254894761,1,2.511170168824137,1,2.511170168824137,0.0,2.5776916461954555,0.09989519438179217,0.0
1,0.5030733224482142,0.7910662104807297,0.3254727221014234,0.0,0.9809386685044856,0.215692580607079,1,2.0671860354233913,3,2.0671860354233913,0.0,83.5335335005703,0.9280420119537538,0.0
0,0.6802513935552122,0.9007728856788634,0.9960818740771136,0.2961473984048516,0.0,0.14711022797842893,0,1.7664572794362794,3,0.7083713721770735,1.058085907259206,0.6206573955242541,0.1413542327303855,0.26114284804613536
1,0.10841086245567855,0.04396093944516566,0.7501179875099128,0.2769296085274552,0.0,0.0761888962948567,1,1.1908728984039854,1,0.8889485761616025,0.30192432224238286,1.2113469781030028,0.9999988835854005,0.4639352522149537
0,0.7797839081968443,0.7197501425464129,0.9206783129372238,0.9961073472526646,0.0,0.11193830429610556,1,0.5565622509455663,3,3.117795193750451e-08,0.5565622197676144,0.00781445792506962,0.12718805894924623,1.9996746330088058
1,0.9609075496764068,0.02192618103791899,0.15961523690822987,0.2705640758574288,0.0,0.17970559849881032,1,1.4158998240313312,1,1.0822172648494488,0.3336825591818824,80.2679496143794,0.9941707842001121,29.773175257187393
0,0.015238949124970369,0.9058641925026176,0.051077150649003755,0.906493446160361,0.0,0.16578531850563455,0,2.1973743036653532,2,0.008286304415021775,2.1890879992503316,0.004853310385550717,0.34174208544240636,0.04705011441474725
1,0.3226159556358089,0.11836898806901064,0.6198104917329416,0.6111552889066911,0.0,0.17304617294333818,0,1.0586972757018835,0,1.0586972757018835,0.0,1.3638469197196945,0.9998270350284728,2.143586461295021
0,0.8787703268969127,0.26097865321947744,0.3049960631597719,0.0,0.6846595481514158,0.2803727214602357,0,0.06935117928831827,3,0.06935117928831827,0.0,31.16338777750046,0.25555901554454874,0.0
1,0.5011079534758528,0.6839860461745928,0.13791823176393025,0.775264430584093,0.0,0.29487449826467527,1,0.1586241412565056,0,0.1586241412565056,0.0,7.791695393449186,0.6284092182740675,26.87880831764552
0,0.9890957275595484,0.7048947848948418,0.09763791626630558,0.0,0.0,0.2074074787820383,0,2.2950894986801385,3,2.2950894986801385,0.0,5.481024938594966,0.05706419936472229,0.0
1,0.5520795230350595,0.3759810318474074,0.19817910043603604,0.0,0.27126694401933205,0.1970067294897524,1,1.8684376388478676,2,1.8684376388478676,0.0,28.441687333430206,0.8740755847835495,0.0
0,0.8777561350711153,0.6071992001119455,0.3818902417841148,0.12068713726779934,0.2610920573458406,0.04738416727929027,0,1.4271212026430862,3,1.1476236446612744,0.27949755798181175,1.471470782031926,0.10656930092473338,0.14780350929453606
1,0.7284966939519985,0.8513856976782915,0.05405850493833886,0.0,0.0,0.10230660985087316,1,0.7016985143528616,1,0.7016985143528616,0.0,21.00151058600572,0.3456525677400011,0.0
0,0.3322550188258053,0.6095934759945512,0.19344178749855523,0.2834719266138154,0.0,0.07580940307278596,1,0.04159275127525624,2,0.021355381618122768,0.02023736965713347,0.5094658224120903,0.334542191271173,0.20155422179140495
1,0.4385159072666922,0.47349877594155165,0.40616894604323805,0.8452300910015517,0.0,0.24605802689516737,0,0.6160601661527609,2,0.01419470969695727,0.6018654564558037,2.687181500763869,0.9782004715739245,14.675247140263565
0,0.29833637709314675,0.1577054943448939,0.7788070150730986,0.8564363688241255,0.0,0.13209690245013567,0,1.689428025234229,2,0.024080010480500152,1.665348014753729,0.3819079141171011,0.7893645314452454,2.2782916851061867
1,0.6195796401529267,0.5425353416111438,0.30602424991410304,0.0,0.0,0.2986550733511398,1,2.957462902342073,0,2.957462902342073,0.0,110.31889987490788,0.9430398229566169,0.0
0,0.6257868077855991,0.6789169189102235,0.9412139376410446,0.1890294281358702,0.0,0.09287053675157092,1,0.9149851267056858,0,0.9149851267056858,0.0,1.2835860405092359,0.194111806096261,0.29919154112203467
1,0.6906224920438333,0.6824747546512389,0.024347317997572504,0.8570896250639003,0.0,0.187658237801121,1,1.03256848827029,3,0.0026734271906220797,1.0298950610796678,3.9443001070650245,0.38410857345383653,23.655516273156923
0,0.0832384027838331,0.6200275861014232,0.6401335363741893,0.9544015939487657,0.0,0.025001582282970725,1,0.20887577638195876,2,0.0004315557091917957,0.20844422067276697,0.0025531402622775,0.4099029333584663,0.05343873496706262
1,0.5704321719943116,0.5026659264789222,0.0028872992005247733,0.4185439502633219,0.1329217208895931,0.1869659803076608,1,0.12284973226411948,3,0.03175782416685064,0.09109190809726883,9.58336704881979,0.5014692866952739,5.465963059677479
0,0.770642093358219,0.35300568906742513,0.2715969442479642,0.0,0.0,0.29457271888937264,0,0.3913627091270411,3,0.3913627091270411,0.0,17.57573689034568,0.29595845945497024,0.0
1,0.011293908088254923,0.7475602706104801,0.7640568991220532,0.5727014824881643,0.0,0.1178219858025996,1,1.0678272347389848,0,1.0678272347389848,0.0,1.246225594891286,0.9999859539242583,1.6702965642495236
0,0.28161642892927874,0.0076791210226125894,0.27571222597292955,0.6756381518438787,0.0,0.20430931600137725,0,1.8679086266686098,1,0.4905676285855227,1.377340998083087,1.5835893076605698,0.9893426380064801,3.2985795314390245
1,0.12043899325295238,0.7645327467875227,0.9399428234057041,0.0,0.0,0.1736724318434454,1,1.4581368008261446,3,1.4581368008261446,0.0,62.56352722114099,0.9999999746904309,0.0
0,0.257575102546457,0.7786558664111833,0.5170059703423491,0.0,0.0,0.1625283872351702,1,0.6947334779524331,0,0.6947334779524331,0.0,0.7457394970090521,0.2641965310249901,0.0
1,0.7186613988532663,0.43888098076562465,0.9257056476135833,0.0,0.2450934880507677,0.09100168210991921,0,1.6701096880230766,0,1.6701096880230766,0.0,91.0016821099192,0.9999998752276504,0.0
0,0.08460681151916749,0.5784091718602687,0.4289681518042565,0.0,0.0,0.09265995640811568,0,1.3256995584040965,0,1.3256995584040965,0.0,0.22811803439530626,0.4436523428978302,0.0
1,0.506328174724403,0.7109783252439936,0.9707250807177435,0.0,0.5490804140888205,0.176436205161439,0,0.3316226104348794,3,0.3316226104348794,0.0,71.92442008466104,0.9999999713270962,0.0
0,0.8157310583955725,0.2625821000898687,0.10750010743445604,0.0,0.7478456638335392,0.11220933960264103,1,1.706893467031251,1,1.706893467031251,0.0,10.163666485682754,0.3410164209312849,0.0
1,0.2329467089404197,0.2444241497926114,0.05086209631297478,0.0,0.0,0.006457045463974954,0,2.7325827061544725,1,2.7325827061544725,0.0,0.11147229664600689,0.7807082051259084,0.0
0,0.6009611086345273,0.1285723646794975,0.2403953491724734,0.033847581220593725,0.12709025429510923,0.15362030459699688,0,1.630822329592607,3,1.539470606679029,0.09135172291357807,10.119899044366116,0.7300634539925921,0.3084469128753305
1,0.6562395971013444,0.8837135889312623,0.7808245670731921,0.026851934752466722,0.0,0.08192978940115835,1,0.5481903569464347,3,0.5070225811627668,0.041167775783667926,79.99322113364555,0.9999943628357346,2.2072414581371302
0,0.8793302462090203,0.44031834398204084,0.02891259511706179,0.0,0.02364180872366195,0.2412544160364229,1,0.09956624468593342,1,0.09956624468593342,0.0,14.027487203648105,0.13298411701780888,0.0
1,0.01213856746255848,0.40708954259274466,0.10537585411984907,0.6865019747544017,0.0,0.09157821806782936,0,2.2119499666386018,2,0.14484597302866709,2.0671039936099347,0.019952836250821396,0.6879909574898248,0.0436929753462057
0,0.7943149992989771,0.4936219984790373,0.7911589406853283,0.7432089431913926,0.0,0.14205480609413101,0,0.9820550063638253,3,0.01554380880888797,0.9665111975549373,1.4754455954600805,0.17761757113030663,4.2702591568661115
1,0.3593160199082607,0.4827486753456478,0.06122503601422191,0.024204429578941644,0.0,0.107805520165126,0,0.4692935116024467,3,0.4370831545490106,0.03221035705343611,3.5920515672624234,0.5883775983026969,0.0891001781922559
0,0.71624829296369,0.5855134953816346,0.5668054991174719,0.0,0.9177427468321386,0.08774659262103279,1,2.151018271549106,1,2.151018271549106,0.0,2.2624914399110163,0.1907374544829732,0.0
1,0.4131886612712611,0.13409556733388295,0.5580343537526458,0.0,0.40243412090019526,0.0578508306006925,1,2.472757507520539,2,2.472757507520539,0.0,10.647586121642142,0.9997202091210261,0.0
0,0.141602596831929,0.8445017164340487,0.3122785108275705,0.0,0.4734033912116812,0.1965255171820592,1,2.1654108072854514,1,2.1654108072854514,0.0,0.4220121603013723,0.26860074830646496,0.0
1,0.7752851900829789,0.9283894315706525,0.6490635800408276,0.7681127069410235,0.6985926672318011,0.20831406779420886,1,1.8512478186110373,3,0.06900420597193663,1.7822436126391006,48.32587436851131,0.9998143419334379,160.076551357423
0,0.22947412038788884,0.4062477741541459,0.6206195937384177,0.19362711830981572,0.0,0.175940042578705,0,0.6443351422315422,2,0.4247935389853209,0.2195416032462213,1.361805075545571,0.5296693068674585,0.3269980904180244
1,0.4916221968829366,0.26869645428613964,0.3353176670488188,0.6056950274603036,0.8999060160301815,0.22647417341202142,0,1.9215237334071764,3,1.7127279532025055,0.20879578020467093,13.005958290935482,0.9715785026101207,1.2129913297312975
0,0.4303223165562948,0.39286908885181226,0.03687727633329929,0.0,0.022682450192795356,0.27422010759948584,1,0.2936311605478648,0,0.2936311605478648,0.0,5.8188385905923345,0.46818888660242464,0.0
1,0.7382360921493729,0.7714531340477934,0.7713963860397556,0.0,0.5344485508328887,0.2884053605655653,1,0.9317465203727607,1,0.9317465203727607,0.0,288.4053605655653,0.9999938975493186,0.0
0,0.5573687571007563,0.6323099431721152,0.2975807642435687,0.0,0.0,0.012154972173188849,1,1.572615109596081,0,1.572615109596081,0.0,0.195775931790348,0.2398897643171951,0.0
1,0.05894018869326234,0.19587250488354135,0.8725808704046144,0.0,0.0,0.05352287446713943,0,1.8283101297557924,3,1.8283101297557924,0.0,0.030056386436018583,0.9999993470766679,0.0
0,0.9948420345429305,0.2824518866017588,0.9010541600497319,0.2219817421092476,0.0,0.15542011970475123,1,2.198896210124272,0,2.198896210124272,0.0,26.931953695044914,0.012933950391026183,7.684141006972527
1,0.31839311565566064,0.589163095201402,0.41564233577123433,0.06394524074963759,0.0,0.2612355247194731,0,0.7546706200299147,1,0.7101205492543217,0.04455007077559303,11.792342406712775,0.9739141156708607,0.8055769886831192
0,0.13317147429813447,0.9575853826117989,0.5403821544940877,0.6256191561345337,0.0,0.09466643682687625,0,0.1852800472974165,3,0.009712146608960158,0.17556790068845635,0.029282031596701563,0.26736747994468735,0.0489325247207794
1,0.11172389832146035,0.603831803552466,0.4624899048622172,0.6963669060780433,0.0,0.2588122234542267,1,0.9089566215513712,2,0.0801727701370222,0.8287838514143491,4.403589879344118,0.9904561505305479,10.099407216473045
0,0.30357542785724057,0.17814868169606413,0.8756895613363475,0.0,0.0,0.025699339538457495,1,0.45507069057698596,3,0.45507069057698596,0.0,0.512600278976105,0.7626286135077196,0.0
1,0.5095451291667785,0.9355100792268508,0.3574547742171649,0.9447030141551648,0.4522681555553598,0.1174730078077538,1,1.354625127898603,1,0.33675096911478986,1.0178741587838132,12.652142435220934,0.9443388436104858,61.55809362539235
0,0.9909251799832077,0.8054271184567908,0.04080232910926984,0.0,0.07830876389279184,0.17703788958296648,0,0.5357585342703228,2,0.5357585342703228,0.0,2.8799283740010724,0.07294958952389952,0.0
1,0.4032293846380065,0.360509845853903,0.7038513879430254,0.3845682407265546,0.0,0.20221720889174102,1,1.6961445244223843,0,1.6961445244223843,0.0,104.28092740113281,0.9999751586211257,65.16259875722271
0,0.22467241068271238,0.2698871709329439,0.6128847196823363,0.0,0.5217412887033186,0.028039205783409824,0,0.5447590444037183,3,0.5447590444037183,0.0,0.33011800861997653,0.677154472525934,0.0
1,0.39851022390984614,0.2744210850174291,0.5193636535366862,0.46831015272846765,0.6131035871577232,0.2082362068701501,1,2.3329515782175005,2,1.8828250219468323,0.4501265562706682,47.667888139576746,0.9987474562159883,18.277313401113194
0,0.89760034510713,0.4578206884284567,0.03277996276385675,0.0,0.7825713013777795,0.25680019201401855,0,1.250810173509711,0,1.250810173509711,0.0,14.607240040810147,0.10815251268452186,0.0
1,0.7405724890116195,0.451693757665647,0.4513610953619369,0.9884437030222667,0.1631818548705969,0.23136441893827855,0,0.14335311285816607,3,0.0007205494756792772,0.14263256338248678,12.287385201431512,0.9915438885406951,59.484420578602126
0,0.6133129324395125,0.8572995983522452,0.7181674555528159,0.16795888030868766,0.37335829633259043,0.05462855187133867,1,0.5962580390555592,2,0.4813422392730786,0.11491579978248057,0.3404554649031843,0.14235495101238926,0.04040876267580744
1,0.07674430405754751,0.49022851425609903,0.9394881155284911,0.19877750292637864,0.0,0.2846921171820843,1,0.6622511896906279,1,0.5353485890629144,0.12690260062771352,12.39329390772293,0.9999999825593799,3.074686525912043
0,0.5748792763458139,0.3227719804758109,0.11482622139274501,0.0,0.9558366903670519,0.11831317988767891,0,1.0163726955333143,0,1.0163726955333143,0.0,4.525695687019663,0.4714510354613599,0.0
1,0.47870539710969906,0.2896744681672416,0.42360436530076384,0.0,0.0,0.17945666915261846,1,0.3596011328451176,1,0.3596011328451176,0.0,40.90486979254559,0.9933486042439773,0.0
0,0.6681019572037156,0.2315605713434018,0.7390020615307508,0.0,0.0,0.08620920220279853,1,1.3974275386580168,1,1.3974275386580168,0.0,5.457345943709827,0.524129441544994,0.0
1,0.7695702694079896,0.41773538266091337,0.35238042981553463,0.5700373507724078,0.0,0.2784787246307315,1,3.110729390237422,3,0.017430907545759107,3.093298482691663,79.16366821504015,0.979096991921146,104.95387863991104
0,0.5752218574086545,0.4132837074807526,0.7075600902013015,0.0,0.0,0.1754375939035486,0,2.274763515101663,0,2.274763515101663,0.0,5.362241107148533,0.37618303528339947,0.0
1,0.9090844381539971,0.4600232907566758,0.8684837932574364,0.2654987928559305,0.0,0.22445333947872717,1,1.9165382614122288,3,0.91275516436679,1.0037830970454387,178.97464868907394,0.999999860753152,64.69363524060621
0,0.7432085107373737,0.27438938315864425,0.528768332327481,0.685815770505385,0.0,0.169584849995707,1,0.9919413830726203,0,0.9919413830726203,0.0,4.171124517312946,0.4044335501566838,9.104922227689059
1,0.5393754406066464,0.7927550561613438,0.5851494185583955,0.6086739255337252,0.0,0.15829899696537109,0,1.6863206969066953,3,0.0915842704917684,1.5947364264149269,28.528055474429912,0.9981075082123273,44.372927454803744
0,0.062380644489299475,0.9740497216217924,0.04433512076760948,0.6496983544362016,0.0,0.06824794532355076,1,2.212309496963187,3,0.06882967170656806,2.1434798252566187,0.006172295334741793,0.24426494371159146,0.011447648541935397
1,0.08921011550752489,0.44340484157122806,0.888556139924945,0.8643357016188029,0.8729712189375171,0.2108723645050426,0,0.3300118703437772,0,0.3300118703437772,0.0,0.5037819434155649,0.9999991530945844,0.06244501769485541
0,0.7372771680981177,0.8387652840941259,0.370744818252592,0.9740513397038838,0.0,0.2989089505961589,0,1.599031826073752,0,1.599031826073752,0.0,0.07820066294818576,0.13671987095698623,2.9354679448253815
1,0.09720280298198303,0.6792269818519482,0.4061118564358863,0.15263172512268197,0.0,0.263682654856858,0,2.816606187968598,3,2.566429913069311,0.25017627489928707,2.9725369665485015,0.9606179085080104,0.5354265183705739
0,0.5351546363255458,0.515455733158423,0.5871028732238763,0.0,0.4451151522347814,0.12229005908968446,1,0.14450809997471714,3,0.14450809997471714,0.0,2.5810060124384337,0.3129245064194056,0.0
1,0.6402027140035832,0.08870706361109537,0.5421498286417926,0.9775771675428511,0.32154072321047533,0.06708400583902799,0,2.1359582098580057,1,0.019608859051057692,2.116349350806948,0.15306901789939312,0.9995760239959681,6.67341100829333
0,0.06861014875219695,0.6204432240171837,0.5210326863650419,0.9477142052086226,0.05522278539943737,0.16521433651654996,1,0.33090817375287584,1,0.03341788917653943,0.2974902845763364,0.031261304331411756,0.4144428165487535,0.2757051861511218
1,0.7779611767655182,0.8869022045397801,0.7002695496615222,0.8279043825811457,0.21683190958133214,0.17713783290584148,1,2.0733008523300893,0,2.0733008523300893,0.0,40.10440379323587,0.999951019547774,192.9311865067072
0,0.4842590997345396,0.818860080709731,0.9829739193633368,0.7374439039462058,0.5366332415027617,0.11044215257989287,1,2.3339863397116476,1,0.3288774626163873,2.0051088770952603,0.20277355205463465,0.18417042023178376,0.5695320813026237
1,0.006071401786788777,0.6322373208429781,0.8776752987789853,0.0,0.0,0.19612488250203292,1,0.64979132851506,0,0.64979132851506,0.0,1.5552447994446281,0.9999996956181456,0.0
0,0.9780836291940409,0.035699154031909264,0.9092382284920736,0.5307924500262473,0.09010005891458783,0.25993977527173057,0,2.754101124106327,2,0.4998523561250827,2.2542487679812444,125.3226548301812,0.371860133388188,141.77162964412383
1,0.6312930919644297,0.7195131777345785,0.11784943970211348,0.08728288671160467,0.0,0.014758152795994336,0,0.3263327671587611,0,0.3263327671587611,0.0,1.6167068086453873,0.5740191380003414,0.15460522780872613
0,0.06509837770427518,0.3313407450886593,0.5978040048406219,0.0,0.04946993506260289,0.2895737898011087,1,2.3196163473352045,0,2.3196163473352045,0.0,0.7907033023458898,0.6535800689622661,0.0
1,0.9288728859304648,0.41015012162849307,0.985694627080419,0.16471796870277533,0.0,0.19879839031202196,1,0.12324131013240039,1,0.10297004882910482,0.020271261303295568,166.1738676544797,0.9999999996035401,32.76955675560294
0,0.297639526640463,0.6244075956757914,0.5703928005178455,0.41716490069785384,0.0760985783527971,0.19420398506600023,0,2.727750463058737,2,1.4186735461566244,1.3090769169021126,1.2146803055929167,0.34694566556077655,0.869408842516568
1,0.805147555387551,0.4031840261888079,0.7671894166866913,0.0,0.0,0.07168562460316523,1,1.5125747510165157,1,1.5125747510165157,0.0,71.68562460316522,0.9999965761534745,0.0
0,0.13618101936963967,0.5786358154326687,0.3945728051585766,0.0,0.0,0.03374507647616089,1,2.4600536972215874,3,2.4600536972215874,0.0,0.1306049534482816,0.4188147273501187,0.0
1,0.7552922076196017,0.24369659956556478,0.25531327782204805,0.0,0.12130038749629513,0.18324707735013002,1,1.632000148228213,0,1.632000148228213,0.0,59.86222547436486,0.9605467318237637,0.0
0,0.5303635051339174,0.40092373450584917,0.7996211312769392,0.7549940596570428,0.9037871628105757,0.05057781538085486,1,1.0318093409908564,0,1.0318093409908564,0.0,1.3544964988170867,0.41236948755588576,0.10843412807066771
1,0.20821142251066982,0.30529467241399433,0.38399120129588993,0.0,0.0,0.23602343062106035,1,0.9138241106064583,2,0.9138241106064583,0.0,11.96535673347982,0.9845556906108627,0.0
0,0.14391926437249003,0.9516647031357601,0.6264611249987306,0.307021602556112,0.0,0.14194352353225828,1,0.9698496046419969,0,0.9698496046419969,0.0,0.08932263827206398,0.22100926591411985,0.039574075682567815
1,0.570101021446974,0.8113968835651177,0.19237604263498487,0.4211772546111664,0.8314709667747209,0.1682774391606044,0,1.5415033842055244,0,1.5415033842055244,0.0,20.12131868901187,0.6922493366342264,1.5617218335096419
0,0.5199002449135323,0.2671437476940458,0.5979486596090239,0.0,0.2999434994304586,0.050238494525361575,1,2.456992606623096,1,2.456992606623096,0.0,1.8554299323599321,0.56841843412249,0.0
1,0.7448619599270543,0.9248967866411554,0.3887877573003923,0.16754476668256035,0.0,0.03762001754114778,0,0.9475103050597673,2,0.676031515047016,0.2714787900127513,20.297382508507717,0.9592293127675452,4.085168884220122
0,0.47615115335235203,0.41267748731302056,0.3734420164616533,0.0,0.8777632374124122,0.03202334855297802,1,0.613944869061662,0,0.613944869061662,0.0,0.745930746220109,0.42711189555430484,0.0
1,0.8594286123559097,0.978416148156912,0.159424131963394,0.5942946417975588,0.7259240638847196,0.14062904283780922,0,0.7657784141568632,0,0.7657784141568632,0.0,50.25368168844474,0.6546234466474123,10.001603127630231
0,0.6250640713374368,0.03490494088707741,0.8137461123794502,0.0,0.0,0.01258769814895197,0,1.181484256528272,2,1.181484256528272,0.0,1.1483417518393628,0.9120236655297981,0.0
1,0.06828379607185342,0.3122274830266416,0.3944899567097174,0.9475207628202458,0.8100282680279501,0.18127605535684194,0,1.610513682330436,1,1.3563597141513746,0.25415396817906144,0.43391025466134586,0.9786371886863164,0.2745942247571149
0,0.5061116559125608,0.37889650369300043,0.1129140091127403,0.0,0.0,0.1538835610388934,1,1.3187018551635001,1,1.3187018551635001,0.0,4.2330155748024465,0.4473926300582334,0.0
1,0.9170020334044912,0.9233777662856351,0.7390637377484149,0.38494550899481017,0.0,0.1677944881569438,0,0.8971678056554503,3,0.21280493857918154,0.6843628670762687,103.75839458619157,0.999941266913429,64.93949495627508
0,0.8604068336916711,0.30518164079083576,0.46280753988447776,0.7358269282622871,0.7971521240790802,0.2092575807434315,1,2.386707964297116,0,2.386707964297116,0.0,21.32640914167335,0.24116926200931565,3.923219221480387
1,0.07545869649816772,0.4304434890408789,0.8152005596340461,0.6069905266831779,0.0009201373255063316,0.12982263730570562,0,0.1649756961066829,3,0.010049913594110938,0.15492578251257194,0.14077673445172195,0.9999922111327869,0.2169233912821824
0,0.17194543620423985,0.017892352642868148,0.5314871003383851,0.04739295024263812,0.07887116618571499,0.20306501966961962,1,3.010649684840102,0,3.010649684840102,0.0,2.5928158879021876,0.9784722852485455,0.11835646159658737
1,0.5025370125541082,0.30581751435731563,0.904148900983437,0.0,0.5858535224651464,0.19078570431279926,0,3.0294325942834073,3,3.0294325942834073,0.0,23.37828853684111,0.9999997708099685,0.0
0,0.7316120807444645,0.1572315633470487,0.5953399687295066,0.4308987661125483,0.0,0.2470876966949274,0,0.8897321695331052,1,0.5106574726042701,0.3790746969288351,14.013168607134034,0.5899238776806002,10.610163363896886
1,0.7241974383617511,0.9098867768209822,0.8280489583539762,0.0,0.3189711500325738,0.2262694959193193,0,0.049058864279690174,2,0.049058864279690174,0.0,226.26949591931927,0.9999935927743515,0.0
0,0.5081052609970176,0.9779334025364208,0.29364354677824633,0.0,0.0,0.16774430423689582,0,1.5363340962356262,0,1.5363340962356262,0.0,0.17707104488325542,0.15931968951430775,0.0
1,0.9532946051713729,0.00031311247434973044,0.3516050939038463,0.8073771264207719,0.24802970176799166,0.27279079793968564,1,0.8842000330913469,3,0.033705351021546176,0.8504946820698007,55.68985873091178,0.9999874971613034,117.67208842731357
0,0.7796507173569887,0.9232530201995509,0.9732924538699487,0.0,0.0,0.03733349683884599,1,0.5082635669128088,2,0.5082635669128088,0.0,0.17346293115493272,0.10207672598716755,0.0
1,0.5412202312016957,0.07696609444166846,0.7037686941014033,0.27990968421927787,0.0,0.03587603070353868,0,1.1496477688727544,0,1.1496477688727544,0.0,2.069204913327518,0.9999846487218665,0.804330347432218
0,0.34639335079619293,0.8130169006915822,0.07787742100445394,0.8116326527383245,0.0,0.2747098902844094,0,3.117118811780397,0,3.117118811780397,0.0,0.46788964371101427,0.24463912497958673,2.0160315374957953
1,0.4039546520102427,0.9048788601975291,0.9896897703942175,0.5147464514790232,0.9983160563263184,0.15254969854332856,1,1.3477794001678607,2,1.346086848770332,0.0016925513975287743,152.52010347382884,0.999999999186299,0.1325729532964007
0,0.7220057119455903,0.6992126266860642,0.7274879920641235,0.466624550245058,0.5431451327634957,0.16649877861159113,0,0.172573042311541,2,0.1068452067054447,0.0657278356060963,2.3702030611766434,0.163540658284129,0.6459887334475238
1,0.1009046407449411,0.7392540388606563,0.7443773862062898,0.7650644696535668,0.0,0.2849217410132304,1,0.4558979705509494,2,0.024786632966125835,0.43111133758482356,15.851486867157927,0.9999777636374394,51.620158838297975
0,0.7799529869627154,0.5163958172106365,0.9048987933757483,0.21123959658949953,0.023912634893300866,0.2683289083844745,0,0.29602170839152697,3,0.14859015038269294,0.14743155800883403,7.791199711197492,0.18159499187452355,2.0247092695547106
1,0.6818076936469213,0.2951549822402676,0.8738098448736241,0.0,0.38408818847047854,0.2706827308627127,1,2.8055327409640776,1,2.8055327409640776,0.0,270.68273086271273,0.9999999131061079,0.0
0,0.9558931635591683,0.22138448809959632,0.3965795959190823,0.0,0.6915815416694344,0.13123438622697126,0,2.69930776142697,3,2.69930776142697,0.0,22.916861184352804,0.13429281975515928,0.0
1,0.9459035837807659,0.5813822898716197,0.7546952799707574,0.7076528690375721,0.2924443689361549,0.20383291664021044,0,0.5717718864472455,3,0.06362214434002211,0.5081497421072234,95.77789455082876,0.9999753807576209,108.15781886692925
0,0.2683975824038445,0.09402143986319922,0.016207981475156896,0.4509305866684251,0.1442844224301414,0.2067185335791417,1,0.1285781994293863,3,0.029763458998365664,0.09881474043102065,2.445974212645004,0.8757706452124936,1.5394093142631413
1,0.7619338150511243,0.30738333809115204,0.4137215087205969,0.0,0.1969500116450199,0.2502085271794063,1,1.9586045035332864,0,1.9586045035332864,0.0,173.41884438995706,0.9936265171733252,0.0
0,0.6053947014299166,0.16015660449070368,0.7927012450523524,0.0,0.7397020715436405,0.11392755539434107,0,2.340346222790109,1,2.340346222790109,0.0,7.070295112995515,0.6741892283903872,0.0
1,0.038739269757851136,0.7767177152409553,0.5809292547631857,0.0,0.0,0.25888035117555425,0,0.8883918713697103,3,0.8883918713697103,0.0,1.227980272121265,0.9969710747261568,0.0
0,0.5560959213758406,0.5286465591418159,0.7276876871696233,0.0,0.5525082823912467,0.18502506276831815,0,2.809006650313835,0,2.809006650313835,0.0,3.981684554898212,0.29843499181928634,0.0
1,0.568859738231471,0.12910239719461225,0.24356113849233252,0.2962405687946099,0.8150201407033651,0.22894343901204237,0,1.7512550201548462,1,1.6932293070221158,0.05802571313273042,14.385568784948346,0.967655065715861,0.8609996064242103
0,0.2645835073688937,0.020375681832466075,0.38016972606781174,0.0,0.0,0.1705838686683402,0,2.4653290049834755,1,2.4653290049834755,0.0,3.58101491447932,0.9724953106882657,0.0
1,0.9556522248295093,0.07933164947915772,0.11440537057242872,0.0,0.0,0.15051813425221758,1,1.0497326099737854,0,1.0497326099737854,0.0,87.64105692477253,0.9712407765373822,0.0
0,0.46948023625926616,0.6554125830568424,0.3630950522688787,0.739563409263473,0.0,0.08158770261673713,0,1.8037838279060134,0,1.8037838279060134,0.0,0.36840885311508104,0.27098138189990595,1.046172915419069
1,0.8538825750154767,0.9670687845302742,0.12005335046858234,0.0,0.26371789718055016,0.16171676065613322,1,0.9157639641354824,3,0.9157639641354824,0.0,87.38316053814002,0.5695659422072848,0.0
0,0.12315984969952865,0.3206545213563795,0.30980329911843385,0.0,0.0,0.21865104756087736,1,1.7471840036215038,1,1.7471840036215038,0.0,1.1978704192800458,0.6500672771267899,0.0
1,0.7459158576917373,0.039172609201194586,0.8430621191712668,0.0,0.6968845402716777,0.11152619231641032,1,2.2215880466618008,0,2.2215880466618008,0.0,111.52619231641033,0.9999999677737665,0.0
0,0.6946291061122937,0.6229816661606916,0.31274110717312376,0.20400385840912583,0.2843393900108888,0.11917684722434922,0,2.9046228217153494,1,2.8564968507559114,0.048125970959437936,3.1602421309635784,0.19472990767327159,0.5416697469244652
1,0.49759540070819686,0.8737953433263868,0.10627664328383668,0.0,0.0,0.19521964528523544,0,2.835228758419634,1,2.835228758419634,0.0,14.667186805958051,0.4088817220836125,0.0
0,0.703896263210458,0.4596989301045351,0.8953370057255919,0.0,0.0,0.10459864536256817,0,0.994066071223746,0,0.994066071223746,0.0,3.851736689761572,0.2581721345569681,0.0
1,0.9368823571234819,0.5678530723521644,0.32452735574262515,0.0,0.6967560192481035,0.297993779749535,0,2.292246989841033,2,2.292246989841033,0.0,171.3503359935055,0.9579109411315964,0.0
0,0.28370535220538706,0.8509684574128458,0.36994753644254386,0.0,0.4277133102603786,0.21857950315237645,1,1.7042217672816704,0,1.7042217672816704,0.0,0.7922793527035339,0.22243366808778153,0.0
1,0.5839147989903594,0.6756249473948545,0.5644361194816802,0.322566340148118,0.0,0.03577327459588914,1,2.8001314892720237,1,2.5186058412509817,0.28152564802104196,53.13246644766646,0.9989320263563264,25.299518256612405
0,0.11771298130923613,0.48682369134329084,0.8883158335726428,0.0,0.4310825759753474,0.09693703911321383,1,1.0078898920810022,0,1.0078898920810022,0.0,0.375407464810322,0.48206562890944826,0.0
1,0.8953943453526839,0.8407594099518141,0.5558073384103739,0.4557401793635225,0.0,0.24168538128973158,0,2.429981901926957,1,1.4488317686616266,0.9811501332653303,175.1105244178281,0.9975128812438291,146.63015490155905
0,0.9537679656279107,0.6744471306793219,0.7569087019953686,0.2512353444833607,0.37716569444102466,0.22825444537508283,0,0.7684108795565918,0,0.7684108795565918,0.0,5.698074349880785,0.06886042946484272,1.0619297195972317
1,0.476089490215865,0.8330767149942937,0.45577162797832504,0.0,0.4035683030690843,0.1465114521215683,0,1.0544803625807508,0,1.0544803625807508,0.0,30.558896144567857,0.9814831878503049,0.0
0,0.3347824097944684,0.5780941768759115,0.1370385939587464,0.0,0.0,0.20649458015550165,0,2.6893659339098916,1,2.6893659339098916,0.0,2.1243232599903106,0.35985107196026644,0.0
1,0.3409530270969151,0.334862451366828,0.17296650472510344,0.648959232738285,0.23014386150530042,0.11490837550565776,0,0.8110043424531378,1,0.39489936165605516,0.41610498079708264,1.6288056853277004,0.8351560359830223,1.8206714535935606
0,0.25156460939152303,0.08084381713080557,0.19164379336340354,0.36958961826010517,0.5026550404017353,0.2830074020111638,0,1.2676225644005839,1,1.064244908041483,0.20337765635910077,4.4783571582675705,0.8948404345636395,1.1058952218114537
1,0.9087119185990504,0.5642523395856806,0.5557390625517705,0.8662398842050749,0.0,0.028099667461369503,1,2.6736344484013777,1,0.08060914721850754,2.59302530118287,3.7600297240846463,0.9992090627212415,24.35021600753054
0,0.17351913545823772,0.7331148524395593,0.7255326478381177,0.0,0.6546832366115755,0.18929177691792914,0,1.2588117354711459,2,1.2588117354711459,0.0,0.7518066358456561,0.3347572091475116,0.0
1,0.6332257548882735,0.017700249623501696,0.06776000474158272,0.07136341917888811,0.7097997031372616,0.008282679058170716,1,2.507384157552644,2,2.481658259550255,0.02572589800238889,0.9372979627203937,0.9866057711917855,0.019859168676715985
0,0.4879731883762679,0.7110887173020436,0.8556861258481272,0.06916841540167329,0.027370347994099098,0.08387743389916773,0,1.9829081910587831,3,1.7747149620148435,0.20819322904393966,0.9497217625119352,0.24083784686512566,0.06858160607087754
1,0.7754008736993969,0.7963530460720882,0.6621589030010724,0.40775308854228365,0.19424690188477112,0.21348524558824217,0,2.2973715779889377,0,2.2973715779889377,0.0,279.98085238264395,0.9996712136010054,143.79493743667663
0,0.6355366742436587,0.8842038458507566,0.38744264856138255,0.0,0.0,0.1508162253356757,1,1.1704448480033631,2,1.1704448480033631,0.0,0.8761527156468417,0.13162770023365122,0.0
1,0.027267393855250233,0.5852438550101288,0.30294160835701356,0.0,0.11397577951848681,0.08523727002126943,1,2.3255343902733516,1,2.3255343902733516,0.0,0.49079300055787406,0.908369166882037,0.0
0,0.9094144345855255,0.45343705844722615,0.8229161262468085,0.0,0.14020044584449043,0.08781945732894834,0,0.016368826864738957,3,0.016368826864738957,0.0,5.207402371036936,0.0984410626640666,0.0
1,0.002438418367863515,0.8539605659647084,0.7587486691203781,0.0,0.0,0.24291447200421526,1,1.8161687720624473,0,1.8161687720624473,0.0,1.5964753917991004,0.9999811321347939,0.0
0,0.35572851288880025,0.5352373611196514,0.3138085245158396,0.1832146756250892,0.3791756494409032,0.24989133959218132,1,0.9361131005526941,2,0.7513317506504665,0.1847813499022276,2.7332475602242186,0.3737604528206262,0.3593475847911481
1,0.9069290345564972,0.3662335026779724,0.44680671115374393,0.0,0.2548748480658125,0.12362214029169673,0,2.8711957945489393,2,2.8711957945489393,0.0,65.47927838104617,0.9938737729313237,0.0
0,0.7564984767438613,0.8962173909518593,0.5099466331230018,0.40832336639420574,0.8215385562983929,0.03362370150485728,0,0.7007038780126451,1,0.652678550833286,0.048025327179359145,0.20580067750492026,0.12775428008327827,0.016529362213342724
1,0.5645456657759919,0.6036830194577983,0.269830185183328,0.23576241508440143,0.3891640820689176,0.23690796959142135,1,2.054602541435407,3,1.5323732782789434,0.5222292631564638,62.67905982231515,0.8996839352404267,12.535571452000584
0,0.05528545119994366,0.4636160285123724,0.4689136373784628,0.0,0.7187049607086551,0.23772123095899386,0,1.5452149941815223,2,1.5452149941815223,0.0,0.43607015644700686,0.5222156443727359,0.0
1,0.11989975116928753,0.06167132730840108,0.9720885810041371,0.2670546605161175,0.0,0.021131119924874434,0,0.5341491182193648,3,0.21264618117354483,0.32150293704582,0.0036331467102209956,0.9999999966798413,0.0013237668746028677
0,0.9855642339512826,0.29395398016369634,0.9085108274267331,0.14543535585727174,0.2866313393220127,0.22757130095868192,0,0.41568680078748543,0,0.41568680078748543,0.0,28.22171736067556,0.033511225744410456,3.2682225309828534
1,0.7117267801151361,0.5607881410253226,0.058666084156174025,0.7555647851154688,0.0,0.2833339987692439,1,2.3266440390326246,3,0.01745025989763476,2.30919377913499,12.401521972553207,0.5745992769985115,38.333892637864366
0,0.8103166757963779,0.08497338343191585,0.35214307438921577,0.0,0.4464281301385905,0.18861749157528793,1,2.1921074682776602,0,2.1921074682776602,0.0,32.45609023848917,0.6713320209164426,0.0
1,0.39503968298320313,0.8776528213979036,0.4886122252177215,0.751795361244465,0.0,0.28509807049669095,0,1.7797841471847227,3,0.020406287843758864,1.759377859340964,12.027666425790335,0.9874110118502106,36.431002542265425
0,0.7819235397398189,0.19509208522077426,0.9073612470162163,0.0,0.04077795967414477,0.1271993613827041,0,2.0799014679689694,1,2.0799014679689694,0.0,12.960258099895226,0.4736112072299018,0.0
1,0.9880842517880194,0.3135986493894647,0.933431091643605,0.0,0.6763240937503852,0.16839715502820807,1,0.4180308617925611,1,0.4180308617925611,0.0,168.39715502820803,0.999999993121984,0.0
0,0.1645701961075513,0.8679442034747825,0.47441797402613395,0.7366603978298915,0.2484993359274289,0.2342781294544382,0,0.47479687208807303,1,0.20834182476565344,0.2664550473224196,0.24936533201031091,0.28337982883176827,0.32650363997315723
1,0.8082834161692315,0.3038834508652234,0.12427619299701054,0.0,0.14316068870880472,0.08017985459475262,1,0.9201989177332147,2,0.9201989177332147,0.0,23.726411601102583,0.8591554696810657,0.0
0,0.08342271429130343,0.4945478267642822,0.29179389966412206,0.5078217290705839,0.5769817632936873,0.2265660425503228,0,2.7070469988552275,1,2.5507685793050334,0.15627841955019406,0.7926770478086183,0.4891518653144118,0.245066264787249
1,0.041629954629513355,0.7333545351240546,0.08986831179596122,0.637169459506242,0.0,0.08107110937150126,0,2.408574426288034,2,0.20963919124535701,2.198935235042677,0.08468931707689385,0.4059610992955256,0.14872355098444517
0,0.18503088525923106,0.41229450572260296,0.5929087288957546,0.0,0.0,0.04810376737095503,1,2.548150657395883,3,2.548150657395883,0.0,0.35215324127049114,0.5374007556940404,0.0
1,0.7229251348094788,0.7329973982168619,0.45575650283580327,0.0,0.0,0.29258609435829863,1,2.0024844152046324,0,2.0024844152046324,0.0,292.5860943582986,0.9920170114467363,0.0
0,0.8675371190095641,0.06013136260532015,0.5749402394646269,0.18356545575289873,0.5566692189919232,0.16473118060326047,0,3.0073219669526825,2,2.980065174661583,0.02725679229109934,47.83197791780541,0.6743125956089029,4.2427458590255585
1,0.509341092943821,0.7330961375136982,0.33429977058904814,0.0,0.0,0.20252178528616804,0,1.7981115910215317,3,1.7981115910215317,0.0,26.392111431206374,0.9226205961521013,0.0
0,0.8556395752560504,0.8325339347465731,0.09638977389912262,0.12067206439884981,0.0,0.1332929029023164,1,2.6314876731127512,0,2.6314876731127512,0.0,1.7109472924071434,0.09349223985249522,0.2347969778888513
1,0.08721615959622897,0.15408694864588857,0.6788299367495368,0.26729466627158094,0.0,0.06617818377440184,1,1.919703536283102,1,1.5463966544426873,0.37330688184041483,1.3253066746942128,0.9999731977957691,0.4834786769154213
0,0.8829321547901784,0.7031782727739107,0.6432277841422299,0.0,0.9809780602038732,0.1853217531023405,0,0.11298815842963882,1,0.11298815842963882,0.0,4.2453133024102,0.10104944863192533,0.0
1,0.11175558529589213,0.19850915161479066,0.7343726390101744,0.0,0.0,0.1946585193773829,1,2.6353849684050634,1,2.6353849684050634,0.0,7.197124273391236,0.9999921935781415,0.0
0,0.9534701698838011,0.6969038400375832,0.07235803997080681,0.2489436298082981,0.0,0.24428140038219104,1,1.9145868751622057,0,1.9145868751622057,0.0,6.6294083586760015,0.06128004750573923,2.197370325038366
1,0.9851475831171779,0.5238061270198002,0.8894413442666818,0.0,0.4420083963922148,0.052687100386803756,0,0.6011961423890199,1,0.6011961423890199,0.0,52.687100386803756,0.9999995414501343,0.0
0,0.8457075838517776,0.6034032711932213,0.9362422713484683,0.701709320878533,0.0,0.008798797705027468,1,1.3704563090491395,1,0.3667220373982425,1.003734271650897,0.08220436095437048,0.11830082366647998,0.1933803847590416
1,0.9286034440245816,0.870488856793474,0.0845082427487821,0.0,0.0,0.026220404352248147,1,2.6872009546648954,2,2.6872009546648954,0.0,18.60171884256313,0.5870044738670501,0.0
0,0.2588552832063853,0.32266155723582124,0.27769268996940344,0.0,0.0,0.23343302303923244,1,0.571230289982184,3,0.571230289982184,0.0,2.9778134991667993,0.6087373276713408,0.0
1,0.7082479317554589,0.6457029893132942,0.26262108231703196,0.0,0.9488274756922181,0.2916732689655804,0,1.4435158313455223,3,1.4435158313455223,0.0,61.175681624438546,0.8799791936222545,0.0
0,0.279776790147522,0.5857619393553599,0.44953583295263877,0.24408134370192902,0.0,0.22056360750499795,1,1.6698784706033907,3,0.8240682610684724,0.8458102095349183,1.4522214672385512,0.3674328288907426,0.46891310873613773
1,0.09266373164108344,0.862308939525648,0.06925120160861231,0.9441201300249854,0.0,0.2041242360580853,1,2.087767815359048,3,0.00016528585170553318,2.087602529507343,0.1020788252461762,0.2643145831489674,1.7246760561058816
0,0.4439712880877319,0.5429994179458086,0.39848379367226916,0.002207030709972191,0.0,0.012027425865743914,0,2.658944353738808,0,2.658944353738808,0.0,0.1871617429850353,0.33884085789860896,0.0004139853929756724
1,0.6593861173054472,0.18216787082863506,0.7472025252518296,0.13484627597312893,0.0,0.03827750405319348,1,0.8061381050176819,0,0.8061381050176819,0.0,34.3728301307153,0.9999969108007413,5.357485044634629
0,0.08685990692423351,0.016721458581569038,0.653241876464221,0.5638798440619879,0.9406501357675099,0.06867751654696774,0,2.309030570125862,2,2.255193162135804,0.05383740799005787,0.3937419699046517,0.9817170398147483,0.014401367940848902
1,0.3111299186294756,0.8317393900529948,0.31397895213140914,0.4303882825277383,0.6079436544104145,0.0717424554219501,1,0.7193368514646368,1,0.6025624311391221,0.11677442032551466,10.005028571556341,0.9007841504727707,2.1218538405107874
0,0.2769452485168916,0.7627823261640054,0.6292667538218684,0.0,0.0,0.06550020683781255,0,2.8514601670327453,0,2.8514601670327453,0.0,0.36331476645300936,0.2864985528998526,0.0
1,0.13895982525847583,0.7611850469966638,0.19175976305694842,0.4392438892869368,0.0,0.2540297619606519,1,0.3132291684685077,0,0.3132291684685077,0.0,3.7052080237592357,0.6737053778341672,2.90231341554823
0,0.7927129199401057,0.4510172251086877,0.6095696684240932,0.7608174964562291,0.0,0.19618698929436829,1,0.549432590886154,1,0.12874318255195616,0.4206894083341979,2.1725756139538066,0.20147691756992403,6.910762764750892
1,0.1028788189560984,0.6915541583491103,0.2551036083779704,0.4433468759483189,0.0,0.12776366594635352,1,0.9364808333577659,3,0.1633329517017814,0.7731478816559845,1.6351183334836386,0.8266515957892671,1.3022914515943484
0,0.6020186271784486,0.016245424992194835,0.06377184166043803,0.2813428737370801,0.5742074019291394,0.05394672705384258,1,0.2570546610339913,2,0.1994342042576598,0.05762045677633154,4.144190850893046,0.9601594850698073,0.5668841228065755
1,0.3922747160097736,0.7980970810066665,0.4749920191021805,0.0,0.7075247248967915,0.29536981027918713,1,3.0803921875342075,2,3.0803921875342075,0.0,181.85314766939888,0.9917070545086315,0.0
0,0.8338745109081496,0.7682136922364887,0.4791942411113964,0.2471420081135659,0.0,0.008959306976809106,1,2.9532217636496476,3,2.546359354239562,0.40686240941008567,0.1870493742172031,0.10309208139730008,0.06140302481825647
1,0.33184032481755044,0.7999504016769723,0.4292777997945473,0.0,0.0,0.021451027668907104,1,0.06045351602867425,1,0.06045351602867425,0.0,7.416880562661182,0.9812374488506503,0.0
0,0.7493186611795593,0.8708445149105573,0.9961083482561572,0.39129257614981694,0.0,0.13583148185262894,0,2.8596613681145424,1,2.422355491558001,0.4373058765565414,1.6296347683598404,0.13101214212961676,1.047570576125873
1,0.39418352628146835,0.8956621808161226,0.5665005108051067,0.0,0.0,0.14342663610685558,0,2.2791153223961396,2,2.2791153223961396,0.0,34.40135128388873,0.9965836449659765,0.0
0,0.8693750319158191,0.460803334283726,0.5296219336694757,0.0,0.0,0.18800650460923804,1,3.066505253975807,0,3.066505253975807,0.0,9.953986025116881,0.1325824359734552,0.0
1,0.6359718342177035,0.6505473700781643,0.7451892912832438,0.0,0.37005905118234206,0.18159885668322331,0,1.6225478192570053,3,1.6225478192570053,0.0,181.59885668322332,0.9999553783082,0.0
0,0.002520534144889508,0.9701985250496246,0.5501854056360739,0.34489435511934097,0.0,0.10271151515170727,1,1.0272176319919308,2,0.4539012437519033,0.5733163882400275,0.0012032715326696292,0.2761491118688747,0.0006334879916492764
1,0.6125847528272427,0.48644875752984773,0.32904949190788146,0.2829774057905865,0.0,0.15676173902690704,0,1.7967577827927137,1,1.397489572182763,0.39926821060995077,18.534859908835358,0.9500007442138497,7.314897209727728
0,0.37500877095911955,0.5192312737071254,0.5727900884907767,0.0,0.0,0.07138420299268568,1,3.0950514276295924,3,3.0950514276295924,0.0,0.9489674514929063,0.37715187489543023,0.0
1,0.8069340169711616,0.715016523460935,0.06835095436378469,0.0,0.0,0.07865525446012622,1,1.0480428762359753,0,1.0480428762359753,0.0,23.999162934299836,0.5267473627482928,0.0
0,0.32117096739846474,0.39934792642676376,0.5307593942880608,0.0,0.02817089776144499,0.20875620973168268,1,1.480862189599151,0,1.480862189599151,0.0,2.9938430417887925,0.5051990239512033,0.0
1,0.6548680604569722,0.6150294538157866,0.813076256364178,0.0,0.7253059902193829,0.26013708616784426,1,2.5043225741916824,3,2.5043225741916824,0.0,260.13708616784425,0.9999985500713825,0.0
0,0.5217048062087744,0.7841879994653727,0.23623270374914562,0.5457954017067477,0.8640104194185583,0.13581175884952132,0,1.8414746467934715,1,1.7609030259333007,0.08057162086017078,1.2700390576056713,0.20451513399621168,0.11175824924817028
1,0.5912593448473008,0.3388482217670612,0.6936376786249734,0.5412729527060989,0.0700125464279866,0.029659897114238616,1,1.6189538950405538,2,0.36377297163985645,1.2551809234006974,13.969786307111534,0.9999740051082354,16.18482874647437
0,0.3604288191696071,0.3711834336632285,0.8987381444336907,0.0,0.3513291989755064,0.2861221346379678,1,1.5932821620846647,1,1.5932821620846647,0.0,5.031141288877704,0.5200357304177914,0.0
1,0.7338041284575768,0.22629684272337536,0.6492239078454173,0.8602267359870168,0.9767436890008184,0.02391302135431904,1,1.4282528007336759,2,1.387129134514939,0.041123666218736865,23.81111322258717,0.9999532797246997,0.527219535767368
0,0.29132520605488665,0.12441656116317501,0.0803511117705723,0.0,0.032182683998917216,0.1698900343665533,1,1.161678049648532,0,1.161678049648532,0.0,3.4904775119753895,0.8329800757774407,0.0
1,0.8101363128429538,0.6014031377685471,0.1491607791759627,0.5967692649703483,0.0,0.1445026913601134,1,2.4875194686778292,2,0.2893392715029489,2.1981801971748802,23.158269404577428,0.7671618717089941,34.273536737071176
0,0.16116324483830224,0.65566490718991,0.9767674311051562,0.0,0.0,0.037381341527678226,0,0.4614412206543776,2,0.4614412206543776,0.0,0.15785701140067163,0.3767451430484714,0.0
1,0.7106411026024182,0.47827381864634033,0.05729865951315527,0.3901562065985702,0.3325942989567602,0.2997817366857529,0,1.8027767725245525,0,1.8027767725245525,0.0,43.39073757526524,0.6315140649692461,15.995115454223548
0,0.004424629772795563,0.9477620768865199,0.8431877971672989,0.16407758412384132,0.0,0.05167609449742953,0,2.4719892017893406,1,2.3289843060940103,0.14300489569533026,0.0037379545309316133,0.3390431801996152,0.0007336979333867842
1,0.6906391318322144,0.6394053235575408,0.041993175494300705,0.11962796226462546,0.0,0.22522741915678118,1,2.5320986013077174,1,2.4447809912476033,0.08731761006011407,39.1662261942772,0.46737103621448695,5.322040715047251
0,0.07561771692967723,0.14887836151211487,0.06311591564916674,0.19834918458405248,0.0,0.050797096108469594,1,0.21445571840096514,3,0.110691487379218,0.10376423102174714,0.16823051177957055,0.8408807429746531,0.04162458790280405
1,0.23782968022375794,0.34146536687184925,0.9109750310514808,0.0,0.0,0.11883888753970716,1,1.7203321975240313,3,1.7203321975240313,0.0,24.58976337573906,0.9999999646766732,0.0
0,0.08747481046983097,0.35418518986067005,0.13373505201618985,0.0,0.34489952698967086,0.19523717219893344,1,2.4251159602102237,2,2.4251159602102237,0.0,0.7013897675417028,0.6246079650505982,0.0
1,0.7528757807964268,0.9281663461076738,0.5310215879275292,0.05431768927151348,0.20440226022398267,0.035441115542578644,0,1.3532507992638325,0,1.3532507992638325,0.0,35.065418108275274,0.9951493507586868,1.5842022315671296
0,0.11591520947886058,0.32148284343192013,0.3067743096086587,0.5384913831989061,0.2300198697910717,0.200404745548467,1,1.0842332099187473,0,1.0842332099187473,0.0,0.6837232394351357,0.651073963902765,0.5099500897704157
1,0.15465084881477642,0.025493201686812017,0.8229228620025792,0.0,0.0,0.19525251916734865,0,1.3557459184254108,3,1.3557459184254108,0.0,0.3422702073825368,0.9999996582403664,0.0
0,0.48565674905377376,0.48455049432398956,0.07118300853529314,0.0,0.0,0.2954549793951406,1,2.9293789974698154,3,2.9293789974698154,0.0,5.926421373453351,0.3536469592782767,0.0
1,0.9775306000191509,0.3975414414420315,0.07149127416684797,0.7762947126800197,0.0,0.08399440823761327,0,3.0153193521820016,1,0.05077611077591859,2.964543241406083,13.87264854375323,0.8313290209090198,48.14040760681632
0,0.8078174493490337,0.17193171070041058,0.9686934129665972,0.008035861946784628,0.1927842792595621,0.09117151089272815,1,2.890481856188646,2,2.8872061557023407,0.003275700486305322,11.12294371097339,0.4806817923814406,0.07262219804292228
1,0.42470424016125974,0.21191117787424174,0.45316022368219466,0.8762897867936471,0.5764227375061346,0.2755093232226207,1,1.4718385009865056,2,0.18769889798121508,1.2841396030052905,8.93488073582396,0.9968708577450516,37.69776785803499
0,0.6188524755980395,0.8691327568112146,0.10125882249301299,0.0,0.15171780931267087,0.2695424664140742,1,0.435394749178325,3,0.435394749178325,0.0,1.7224527471004032,0.138313384370795,0.0
1,0.47877542286912234,0.9948358555715848,0.7072735807209903,0.17168546917980454,0.0,0.1848557029338777,0,0.7855098789465849,1,0.6583556713393531,0.12715420760723173,157.88314035365744,0.9998070623628544,32.72457504802923
0,0.9404668059410963,0.6521376072235384,0.008589118859994804,0.0,0.0,0.1530320510060998,0,1.1726857536167392,0,1.1726857536167392,0.0,4.663052326416121,0.07338614278634326,0.0
1,0.47938655702571387,0.5407194938509718,0.09875120700743911,0.4801575235355311,0.052753717744947304,0.029346805100433616,0,0.048874279376177415,2,0.014525821074181246,0.03434845830199617,0.9362042959519269,0.6176864792469753,0.7811249005642872
0,0.13114786787858146,0.2969192347050351,0.38197495261691083,0.4100307161082041,0.9030142146662643,0.2560191716088769,1,2.804002544056347,1,2.7897140776189566,0.014288466437390568,1.6234868137032097,0.6729216766250083,0.06751320506212605
1,0.8724594995880467,0.8818706342834474,0.25088498693479044,0.9706803355479112,0.0,0.24992551557035944,0,2.785951038020541,2,0.00031732937593764894,2.7856337086446032,3.8727798694237108,0.85133890537218,128.21535762451708
0,0.5120682298119937,0.7735731316652373,0.11496154912036471,0.028921734699685953,0.0,0.18943501074819422,0,0.5130337627382683,3,0.47137784780441505,0.04165591493385323,1.7458645448555872,0.21070681756640486,0.05199728280633049
1,0.932950459210245,0.8901376253091028,0.5636310158020906,0.9315598975200313,0.0,0.08165117286019839,1,1.454316495361842,2,0.004939755981289734,1.4493767393805521,5.588218985016417,0.998963668506779,76.06301738845335
0,0.09651893698294789,0.49661815326886827,0.04931719925776745,0.7791703076324585,0.9674035276021283,0.2292201842569284,0,1.8249713916571408,0,1.8249713916571408,0.0,0.7144620910267337,0.48450161236424716,0.01880533619293165
1,0.8322220375021512,0.2448220828064458,0.48104876833266974,0.0,0.3910093644577334,0.0961639378713502,1,1.6265561140134581,3,1.6265561140134581,0.0,96.1639378713502,0.9984613104108421,0.0
0,0.37142401355609245,0.9235630673418209,0.9362383819270839,0.0,0.603030671514835,0.07981314588514783,0,1.8868273102642743,2,1.8868273102642743,0.0,0.22076890178802888,0.20127692441618206,0.0
1,0.7570572020104828,0.5907240952847114,0.7010243500330174,0.0,0.9275204901341657,0.11160374814784928,0,3.1310032548688884,0,3.1310032548688884,0.0,111.60374814784927,0.9998952128464621,0.0
0,0.667286221375886,0.07415711619639331,0.881248939634873,0.0,0.4993996647076274,0.2999574617773502,0,2.9753254242090277,1,2.9753254242090277,0.0,29.091906769204062,0.8059718917705285,0.0
1,0.4385693605078489,0.8025595391011993,0.8643611522715854,0.5135374428785487,0.0,0.10217608168398822,0,1.428962297032088,1,0.6910020449670038,0.7379602520650843,32.917944211305254,0.999997610238459,34.75004735230216
0,0.8532817978265456,0.9215677856712019,0.176900909709231,0.0,0.43726068447429245,0.0212680194369484,0,1.7570087061813748,2,1.7570087061813748,0.0,0.11675594369686271,0.11116799243506115,0.0
1,0.3561254802394609,0.43262056387996484,0.9092766636370226,0.4499020887601183,0.0,0.2574176287592535,0,0.812557931333288,3,0.13625276015240675,0.6763051711808813,7.716915816902294,0.9999996937262883,6.3113428970944785
0,0.07973120895721708,0.17631186327023451,0.05749400293032014,0.24124005541508542,0.8561912652023629,0.26374757299170015,1,0.8060743158000975,0,0.8060743158000975,0.0,1.0849206786205738,0.8112952038133198,0.03906848372060057
1,0.9807974466026291,0.7779387287203612,0.5305321076074754,0.5537735817030518,0.0,0.038738600279490575,0,0.22294644320604695,0,0.22294644320604695,0.0,17.392886954181083,0.9967400955978757,21.584829830410364
0,0.25235763344231454,0.9057847636915863,0.060406081111584076,0.7774433481572746,0.9317318978627311,0.12793804433758812,1,0.45032204168027545,3,0.382984663154332,0.06733737852594346,0.2699764979168652,0.20731085682023698,0.01598439493882127
1,0.7116079507581425,0.2373595416905221,0.43210195308910504,0.5279857101307782,0.0,0.23838529888454615,1,2.2319007922522878,0,2.2319007922522878,0.0,136.520609784639,0.9961309152661953,152.70921379223608
0,0.1790579110141255,0.3657253925411833,0.022662132588453843,0.719347623919078,0.9655896216936398,0.165105988954156,0,3.11846285447918,3,3.116608471794594,0.0018543826845860423,1.3022790315830155,0.5874167494733648,0.03305650241659825
1,0.9787349305797839,0.48883355452121235,0.5778654677138044,0.6488977399820093,0.7799999831761204,0.1731083348036161,1,2.4491592401815194,2,2.159595063650571,0.28956417653094846,197.81962586715366,0.9995957375284239,55.977823962406916
0,0.8369564573089643,0.6305299917287325,0.09805957494566309,0.8852123344178169,0.0,0.18002669191637308,0,3.060040871052714,0,3.060040871052714,0.0,0.7482435744579548,0.12606836528228915,5.770257961948358
1,0.026899887192811223,0.1392309437319007,0.06827639638959604,0.0,0.9347611917994336,0.1889969069052123,0,0.07126164691373438,2,0.07126164691373438,0.0,0.27624535683391677,0.8786534054271499,0.0
0,0.9537640542411705,0.4533141647801824,0.2658425192217553,0.946000806737788,0.0,0.035652648734825494,1,1.3356958079028245,2,0.0029540315884955953,1.332741776314329,0.12584759912140858,0.052814516768011854,2.2046983131167868
1,0.15771928760156173,0.667404054399585,0.16093213422836938,0.0,0.0,0.07361404859500047,0,1.923470505935548,0,1.923470505935548,0.0,0.9691560971806413,0.6231072928072187,0.0
0,0.6030852178590124,0.31914940851930884,0.25765643414346606,0.0,0.0,0.13791994375718644,0,2.902758994777826,1,2.902758994777826,0.0,5.7650986712190715,0.4585081005094692,0.0
1,0.014500367644670886,0.8881324268587995,0.4361993291817716,0.7023098195786367,0.47894179057214825,0.1309522549255993,0,2.155725548262385,3,0.037935453605939654,2.1177900946564456,0.0718169393334733,0.9638447898518069,0.16943031723313753
0,0.8897970999120511,0.8753478975154736,0.6777346181201297,0.0,0.7843657301576155,0.19630378486526792,0,2.077750656579587,3,2.077750656579587,0.0,1.7853878551551023,0.10319821100166693,0.0
1,0.6960798619141726,0.5280781247525055,0.6562230306091649,0.17917820589259525,0.5428016341306184,0.17134767537863105,0,2.480388829668672,3,2.288873343009723,0.19151548665894902,128.7232355572929,0.9997351956184228,12.011225844579572
0,0.7825154795956952,0.6516774537694776,0.3482302615205167,0.8895558334460113,0.0,0.2794260611463668,0,0.03224134159676938,2,0.0003932293111692134,0.031848112285600166,0.7301869318689441,0.1484942845210102,5.881180192822111
1,0.1174155870597191,0.17953802725594625,0.34409124807429414,0.23459773247188542,0.0,0.013452609162754026,0,1.237158764801097,1,0.9798103700119305,0.2573483947891666,0.05579334287545187,0.9782371278070795,0.01710080082187195
0,0.7545407244066544,0.45036928927219644,0.09941376358637277,0.6807932640255311,0.0,0.2683860623807102,0,2.7965840913403732,1,0.2765306193115413,2.520053472028832,3.672720099952234,0.23050790908824537,7.83305244817466
1,0.9231419052470908,0.4597422857480402,0.4281232401409061,0.6669389450730641,0.0,0.2133634837022237,1,0.9273044566075654,2,0.09900071543156067,0.8283037411760048,71.14048730463239,0.9936613683140436,142.45544729131905
0,0.9413704114140174,0.6144317985370988,0.8539510310694388,0.2696837275858426,0.0,0.29230539605335115,0,2.4606666933474988,1,2.145536143429969,0.31513054991752965,11.994030250025508,0.07008280814548706,4.429032884495168
1,0.3796811469478616,0.8005184078997508,0.19879768629114292,0.0,0.0,0.10195283468251827,0,2.952706615260321,0,2.952706615260321,0.0,5.621756384099661,0.6760507234411139,0.0
0,0.5616296532373843,0.24037257523537336,0.04179026956191767,0.5680709352972134,0.0,0.0979667211756163,0,2.4245207379101483,2,0.36922404699048794,2.0552966909196604,1.921145505715606,0.5807728405853916,2.5266809146656195
1,0.40458097582200614,0.7253494477697275,0.9391036118184832,0.2108116888655306,0.0,0.21903066394269133,1,0.9950144894221657,3,0.5104610693759367,0.48455342004622903,176.6434609423325,0.9999999811825867,47.1858310658132
0,0.8205293585788253,0.9827427779920297,0.1407934529581205,0.0,0.0,0.09493053376886784,0,1.9343949438812285,2,1.9343949438812285,0.0,0.11174733010464559,0.11660171417006415,0.0
1,0.12303841215125422,0.3740582604451449,0.3392535142368578,0.0,0.0,0.019834706118760394,0,1.8824784329908029,3,1.8824784329908029,0.0,0.14475088585507082,0.9522996190133974,0.0
0,0.7383903322259817,0.7133793185509453,0.7801329615803527,0.0,0.922665412092793,0.08718566619493151,1,1.9188987657530239,3,1.9188987657530239,0.0,1.5010405822914872,0.14308492329713818,0.0
1,0.07476619237340032,0.5481698481112269,0.1509715887844878,0.0,0.0,0.21096449326961936,1,2.924839886324609,3,2.924839886324609,0.0,1.8511988602457268,0.6831398994212246,0.0
0,0.7576629370816018,0.916946471129361,0.9626762845967882,0.0,0.23800512204488433,0.2398050812125741,0,2.227974244415661,1,2.227974244415661,0.0,1.2572257119963048,0.12630410128538605,0.0
1,0.36688320348324543,0.6163951534534049,0.9963415584102785,0.0,0.059230948231946634,0.20975012655622288,0,2.973728988519445,1,2.973728988519445,0.0,2.0593012930246424,0.9999999982590768,0.0
0,0.7915344389009975,0.6134193977519604,0.5761914292839605,0.0,0.0,0.07066039303841343,1,0.9637270361661976,3,0.9637270361661976,0.0,1.9142814733331743,0.14454855699471802,0.0
1,0.18423071005725333,0.3568542352760572,0.558589465836187,0.07642265867373432,0.0,0.22456557114773404,0,0.07000732517420143,3,0.055159784894973835,0.014847540279227592,2.477890785446949,0.9981398565892793,0.2050364309014672
0,0.2954126329471376,0.20930788308875292,0.4567925929692461,0.43345517087853536,0.0,0.05970860008577772,0,0.21705980742975553,3,0.03949693942609869,0.17756286800365684,0.6186934308657113,0.7269016945260953,0.4733533041210204
1,0.47219904906325105,0.6312166243975261,0.9123571199606537,0.06437411005205895,0.0,0.26434243142566904,0,2.5157048428412865,1,2.47304438072578,0.04266046211550645,105.74465902946187,0.9999996393618896,7.275577119994817
0,0.9008619594263061,0.12776616806851393,0.8808733530526761,0.4014933915280007,0.7832085810619104,0.27098106117291315,0,2.0593179763283045,3,1.762169611342637,0.29714836498566743,60.62936601206643,0.40362431312522107,7.9065569201817265
1,0.9081960871994283,0.8002141169495733,0.07990444188132517,0.0,0.5044097438344656,0.027816787224171524,0,1.8099848554119564,2,1.8099848554119564,0.0,12.590927671167595,0.5802848747468841,0.0
0,0.5799188748033306,0.6788512391507177,0.4705026828840426,0.3515610349489242,0.21183801495306143,0.043571080085681675,1,1.008133813849458,1,0.7424779325197897,0.26565588132966833,0.4816406450319689,0.21064634527991155,0.19217358725769781
1,0.7092323247596958,0.9113916176316118,0.2461115186053321,0.7262215002594852,0.4881431124453288,0.2691192057193486,0,1.1882608817085283,2,0.3687567702792178,0.8195041114293105,34.77767639797495,0.8030659863848926,40.88643515814698
0,0.4488508275133518,0.3865605906909223,0.45212705287114996,0.0,0.5724034073623667,0.1151037154379267,0,1.7892317230916877,2,1.7892317230916877,0.0,2.6241078254150434,0.46656076350548137,0.0
1,0.01535692332235028,0.7861226330612137,0.5728727651984655,0.05064502822970529,0.8644015596039273,0.17892791512729808,0,2.7563404729412766,1,2.753725101895103,0.00261537104617382,0.3174564628174604,0.9963812966366264,0.0021953654436269376
0,0.447225979707507,0.022853149261233163,0.6710124399152106,0.6356918064436893,0.0,0.0639676825252989,1,2.4004636100059633,1,0.590500363290994,1.8099632467149693,1.1305767568196292,0.9594078671430355,1.9727757804459847
1,0.5539212179066205,0.6633634320287356,0.7977489643266729,0.0,0.3188642776951114,0.09705775669693555,0,2.3030128463625763,1,2.3030128463625763,0.0,76.3462333311203,0.9999875193006516,0.0
0,0.8700900080217161,0.11973673008888686,0.29817961313419106,0.0,0.0,0.23668064112886344,0,2.8104806831392297,2,2.8104806831392297,0.0,46.462726221735196,0.4885050704606313,0.0
1,0.7626374183931498,0.44914389212394346,0.44104554097011406,0.8111232222386004,0.0,0.2702398625327859,1,2.7485475693578953,2,0.021346790023705292,2.72720077933419,51.04381615871612,0.9939872852032213,219.2054795127598
0,0.04422040628701507,0.31818922642852565,0.060153952869693605,0.07608958574892444,0.0,0.043130715713553924,0,2.6070981668824116,3,2.46177281405916,0.14532535282325165,0.08582276391830115,0.6719191526178233,0.007068021372683291
1,0.38618832115189894,0.6597427626888357,0.6611335690577363,0.8849678415163109,0.0,0.13198307083911745,0,0.6297948784492358,1,0.06916995886174382,0.5606249195874919,2.352193269155946,0.9996121209698241,18.09594314905683
0,0.0345253850367333,0.26318279825258095,0.6013370730417169,0.0,0.951263477375805,0.2746589991711432,1,3.0466461715691486,2,3.0466461715691486,0.0,0.430164233030259,0.7299473603016793,0.0
1,0.053639989121274545,0.24923458343746474,0.09899033011412761,0.0,0.0,0.287028043959661,1,1.2890405761268984,2,1.2890405761268984,0.0,1.2386889802288839,0.8097601813643426,0.0
0,0.12006642966104109,0.1935125257578839,0.3680109108531171,0.9751228432202941,0.038782304223694,0.051130037337348014,0,0.09020414463077496,0,0.09020414463077496,0.0,0.020581406806121683,0.7857402597317645,0.30840780035067406
1,0.12685876691075704,0.782816739948572,0.6906431541354665,0.5137137652483579,0.0,0.2511321235321868,0,3.0267208760421465,2,0.5179159695145363,2.50880490652761,3.1406004193501698,0.9996973851011005,3.3177366564548834
0,0.9420683276592541,0.6684812073098699,0.7350897783094057,0.0,0.0,0.17600100165093976,0,1.2984134961583915,0,1.2984134961583915,0.0,5.046020268940817,0.07388220455463868,0.0
1,0.5849234172278402,0.2958806571792679,0.21955864454853324,0.0,0.0,0.18777057086935034,1,3.0575392181406182,1,3.0575392181406182,0.0,30.543044220879676,0.9199612285744441,0.0
0,0.7078169133474163,0.9771431768687713,0.9408764039434094,0.588216161788131,0.5151127196494187,0.18731585478332877,0,1.3413965168567272,1,0.9694138529775522,0.371982663879175,0.18693224694195143,0.12978918973159947,0.10428826395448244
1,0.8292192800202886,0.7276376322705171,0.15601771741603776,0.830695658287327,0.9288468373987482,0.09773803848244136,1,2.8202829440197634,0,2.8202829440197634,0.0,50.32987731009848,0.7396579707157226,3.171531673265222
0,0.41531713789283997,0.6214949316270276,0.3204901737675333,0.0,0.0,0.293424461454178,0,2.9670929389546417,0,2.9670929389546417,0.0,3.49866933418234,0.30705109179231305,0.0
1,0.5564345168398469,0.14900188591912478,0.9666281149890982,0.0,0.6976779331256668,0.26334745575758567,1,0.16501065433983803,1,0.16501065433983803,0.0,121.9060510863578,0.9999999992046662,0.0
0,0.03438871671150423,0.03175182768717688,0.9701488438032342,0.027562056012261915,0.6305228685021972,0.23364809775122647,1,0.3914218004338274,3,0.37986688203145613,0.011554918402371273,0.47828760387440056,0.9671545226241708,0.004921773855220125
1,0.48896537332788603,0.27012896312486845,0.9064723480974572,0.0,0.9945922317663167,0.16071159698594423,1,0.4348936841664165,3,0.4348936841664165,0.0,148.57188997881343,0.9999999733280058,0.0
0,0.27187858206825144,0.13124332676235084,0.3981501998913397,0.0,0.2670146785157741,0.23706890656299096,1,2.103174817417475,3,2.103174817417475,0.0,4.398628233172267,0.8281713844228309,0.0
1,0.645178751302457,0.9728028385242304,0.9570617372597902,0.0,0.4598698495229504,0.20354656205977686,0,1.1889342977217097,3,1.1889342977217097,0.0,203.54656205977685,0.9999999255674145,0.0
0,0.7080791938904019,0.7197206695314357,0.5317535216655522,0.0,0.0,0.07663606069591178,1,2.4265380181862044,3,2.4265380181862044,0.0,1.2240261954248288,0.15200108162560633,0.0
1,0.13217510279601175,0.2541079545961704,0.24516349515829738,0.3464875661283051,0.0,0.16888476944822461,1,1.5727725042828016,3,0.4786857297518593,1.0940867745309424,1.9589515823279389,0.930751130800394,1.0386219614870562
0,0.9070314114897748,0.9506320279624397,0.858128052236383,0.0,0.0,0.12034933093255025,1,2.6193566712548035,3,2.6193566712548035,0.0,0.4100744390099976,0.08576205983172247,0.0
1,0.44765656477312565,0.7034654225896049,0.23459667880764967,0.9608576962809731,0.0,0.2478422766585379,0,2.1745655248038895,3,5.2565716975647115e-05,2.174512959086914,0.7081994546171296,0.793040660866275,17.384743150416014
0,0.7677583352437252,0.2512107955726324,0.7279755727913398,0.0,0.12276071797995491,0.23407167823492311,0,0.4124570731737462,0,0.4124570731737462,0.0,18.992496166100015,0.4090698993713269,0.0
1,0.35050062165813545,0.20155316218763275,0.9514506564122183,0.2804251285639351,0.5514318009775819,0.16421021530579327,1,1.6219390265136449,1,1.4760335414978119,0.145905485015833,30.204414474433207,0.9999999970056522,4.611462322784184
0,0.5182216837694167,0.20095563717685527,0.8887069605516414,0.3750616982162829,0.23698564848787695,0.1952877994467275,0,0.6333432377110986,1,0.4549976687895776,0.17834556892152098,6.003397557755802,0.6570242309395851,2.4567361081206216
1,0.5143601708292089,0.7458242553865019,0.24875529996284496,0.00017525884093927413,0.8850219565188119,0.2725056477263563,1,0.6477249283661382,3,0.647688453200722,3.6475165416161026e-05,65.26308020435133,0.8396500098886532,0.0013151375322015108
0,0.33390569866591413,0.08240527340189974,0.5505852626206116,0.0,0.9126693917190337,0.17026170436149873,0,1.002134478584626,1,1.002134478584626,0.0,4.5126088301711365,0.8811936300429855,0.0
1,0.67462960027887,0.3777958637086243,0.16872013519757034,0.21139331221874857,0.0,0.13027642014789403,0,0.4815496121859129,1,0.3815649843452919,0.09998462784062101,12.361535833266062,0.8435011781068316,3.313623945108758
0,0.11930844354318249,0.1363527424319857,0.37055117056819964,0.7795342147291026,0.026752143030661646,0.08984957664537696,1,1.0491604528265739,0,1.0491604528265739,0.0,0.1605008645176364,0.8479834053140063,0.5234875179996001
1,0.5000428802394755,0.27651848003997703,0.09374018759543601,0.8105077200110791,0.0,0.12026263666790625,0,2.616732272774136,1,0.14582496877803397,2.470907303996102,1.2800748575559864,0.8013533037464317,5.475212785987216
0,0.5748532100414313,0.297142887419544,0.8602833438262704,0.0,0.0,0.1952517690759424,0,2.8036304956806655,3,2.8036304956806655,0.0,7.942420544853638,0.5014049238698386,0.0
1,0.40089279333154426,0.8915100628506638,0.6965506506209269,0.7863066087458274,0.0662706780482879,0.04809369399381063,0,0.2091066746222324,0,0.2091066746222324,0.0,5.279053421686084,0.9997634889879377,14.627823910297924
0,0.18951267578893816,0.1145459610085584,0.4541455869132742,0.7663557351674622,0.0,0.08071638904098188,0,0.29076191631098863,3,0.0036858954363992013,0.28707602087458944,0.22816429858237536,0.8623568652122388,0.7483813861401232
1,0.24464784089247305,0.3687846737233331,0.898185596025938,0.689672044591621,0.0,0.2652802770971884,1,2.4586094023844605,1,0.4113522425824736,2.047257159801987,21.793493064522917,0.9999999368737988,48.43380255840466
0,0.04524405493156092,0.22433965772527176,0.41143750235099996,0.07995473319017865,0.0,0.2175525292639166,0,0.9399282839084855,1,0.8732733538880295,0.06665493002045597,0.4487570680421619,0.7675010185718265,0.038998354686318445
1,0.08793579960317166,0.8282422507392804,0.2630308237729819,0.0,0.9858572364748017,0.24964252295466244,1,3.090873379971348,2,3.090873379971348,0.0,5.925996190046732,0.8068360585816583,0.0
0,0.4804143764329242,0.3502824047626253,0.09420588167270316,0.0,0.07754891821177368,0.17645360875268948,0,0.47112182908851463,0,0.47112182908851463,0.0,4.804170020948006,0.4907696579937345,0.0
1,0.3020052926665109,0.2694854303018006,0.10214059750700555,0.3609801181708101,0.6508163357674089,0.07762478813144923,0,0.31094459812885866,3,0.20781758381536358,0.10312701431349508,1.6244176188046384,0.8019306660946759,0.23848677802263618
0,0.3831688533410219,0.6908807825906036,0.6213634409070392,0.0,0.0,0.12454637916852489,1,2.995743746020268,1,2.995743746020268,0.0,1.106158292628306,0.2709982337735043,0.0
1,0.23403066276044782,0.09675754262506087,0.7007641279211833,0.0,0.05845542323024744,0.20450693945693516,0,2.7281996315240944,3,2.7281996315240944,0.0,1.5334370349917836,0.999973003433694,0.0
0,0.12119292691673667,0.36790482969707505,0.53155156160267,0.30095240020225267,0.24144742024984223,0.14726297640874386,1,1.9644881973781507,2,1.34345273004392,0.6210354673342307,0.6489373642341353,0.6015735254372344,0.2246743737931698
1,0.8294577453653279,0.30759311330024,0.5579478441673834,0.5835635583089085,0.6993026103723348,0.06567774008871945,1,2.8467930112295354,1,2.768460434348332,0.07833257688120332,82.42413208241369,0.999554838998624,18.35065405611147
0,0.19501457202436823,0.1259066478187899,0.73276638916092,0.8769394900882838,0.9615097820402017,0.19136715232182552,0,0.5902356561451013,3,0.5340765313946336,0.05615912475046769,2.285352980237186,0.8482209530093896,0.08559209215746331
1,0.8616211915128188,0.6374822336810431,0.5699658066427085,0.0,0.0,0.28035859419989045,1,1.3262571027083054,3,1.3262571027083054,0.0,280.35859419989043,0.9993025641582275,0.0
0,0.5689896116275962,0.8927708882155331,0.1598091707653032,0.1719469483065711,0.2391677743386863,0.16711842428726664,1,0.7583609242362678,1,0.6651830586090488,0.09317786562721897,0.7259251244785159,0.14213002427343246,0.10987552790492909
1,0.25614787074122125,0.20913778600228072,0.9918570214720211,0.317519567186085,0.4390434058973187,0.22545099269068014,1,2.979676159914598,0,2.979676159914598,0.0,5.749680409645636,0.9999999998406999,1.2472137997862534
0,0.7238608299275159,0.7993279845126658,0.5772159096845825,0.0,0.4949754415923402,0.014059509950821256,0,1.0753243834362873,2,1.0753243834362873,0.0,0.16829433186656204,0.14508237970509663,0.0
1,0.5610174130662167,0.8796933787477823,0.41064892641146744,0.9689473897851733,0.0,0.24947847293584494,1,0.6581182329716996,2,0.0005935171722581609,0.6575247157994414,7.746957818121999,0.976879835064213,241.73151643983408
0,0.912147161894554,0.3568262177660414,0.8605238094723328,0.23081538893979436,0.0,0.06840629465994795,0,0.12023552567573711,2,0.0711706783215758,0.04906484735416132,4.482998558057536,0.13670559748138456,1.3452492950532988
1,0.611052740909999,0.7159519504986597,0.21188386391278013,0.6217425091831704,0.0,0.2805878660773112,0,3.05239461889448,0,3.05239461889448,0.0,58.160856889657815,0.7735775437377639,95.59910372357983
0,0.1805259932093457,0.5118952807761564,0.1622673967404834,0.0,0.0,0.10090247590020524,0,2.0844859953884742,3,2.0844859953884742,0.0,0.5932040768160295,0.4511531809352146,0.0
1,0.7447943786234758,0.783264534760222,0.9531045323910883,0.0,0.0,0.08206295829715839,0,2.411529224655333,3,2.411529224655333,0.0,82.06295829715837,0.9999999323555292,0.0
0,0.9427565484656782,0.6347199997473488,0.2315094509847051,0.0,0.0,0.05798122571637695,1,3.0555492310830235,1,3.0555492310830235,0.0,1.8756367142323167,0.0632287774425937,0.0
1,0.9857305991282788,0.5363248091741699,0.37834464237265264,0.0,0.932243884320458,0.13478136040073355,0,1.274086755731095,0,1.274086755731095,0.0,108.92576347953745,0.9800021749584945,0.0
0,0.7535038051096001,0.020711449431605966,0.884449415224412,0.48054211391912793,0.5938513618701763,0.10857408860569512,0,1.6675000691837856,1,1.4108756908229085,0.25662437836087704,16.78983988988025,0.9209795358007317,5.17560622130666
1,0.4017467626336386,0.8754282879263902,0.3399135155014511,0.6844124728294719,0.0,0.28103687727898186,1,1.4138457299827498,1,0.40171890288725587,1.012126827095494,28.740245612533297,0.9287443872658143,62.32877054983067
0,0.7323904836767086,0.43237593698947363,0.9973332636346561,0.17439810694849478,0.0,0.0367828026051536,1,0.5345463135967328,1,0.44373411781934063,0.09081219577739214,1.314900641459023,0.25998192826293476,0.277756367355506
1,0.7757959821721804,0.8301941523456482,0.7582397994422655,0.7691271824860798,0.0,0.1009179105606141,1,2.6674018806380206,1,0.1848711363585882,2.4825307442794324,23.37002294834332,0.9999906461388257,77.85463918380333
0,0.8526164186120888,0.3328486249724705,0.6043831837469494,0.0,0.6006280752352846,0.2676483311591355,0,2.5415379521591426,3,2.5415379521591426,0.0,21.185538401919565,0.22804425164655429,0.0
1,0.9042228764309371,0.6204607735670469,0.7999703511396332,0.0,0.0,0.17710052512058272,0,1.7947632499958697,1,1.7947632499958697,0.0,177.10052512058272,0.9999916359689702,0.0
0,0.8307995595244446,0.9612150719551013,0.11341891032843132,0.0,0.0,0.0850902480946299,1,2.5997493175126474,0,2.5997493175126474,0.0,0.21064121595087945,0.09393375498638146,0.0
1,0.200139584778804,0.9101343372566626,0.6604556518811057,0.7663455601744278,0.0,0.16757093795136113,1,3.089036292283233,3,0.0012569435511020927,3.0877793487321306,31.020824467304852,0.9997741473980017,101.74286061594256
0,0.37851568279810066,0.7076544827488199,0.10223330374902384,0.5291639677835814,0.4326658494441967,0.22557783684572286,0,0.9683336636186404,0,0.9683336636186404,0.0,1.4996960827409074,0.2781375388293926,0.6723350415567324
1,0.6695332716826221,0.10674394861041692,0.7653430476356345,0.9538660734393775,0.0,0.16244439330842608,0,1.7455716531099212,3,0.00010211658605051299,1.7454695365238708,1.5145994251727024,0.9999957065383593,31.315890803800865
0,0.29387978751269483,0.5974436725345941,0.22208252239647153,0.40408489385345014,0.0,0.16284411727718734,0,0.7137975315806361,1,0.4283041905457329,0.2854933410349032,0.8494479161436636,0.3631802340336979,0.576003305652959
1,0.8099932472644429,0.6398552318280012,0.01764901325630308,0.07625811809830652,0.0,0.2831556568771845,1,0.7217270245654488,3,0.5772115714131136,0.14451545315233516,70.04921875441782,0.42944651763639574,5.78280762313318
0,0.1824511171909563,0.8152830421548504,0.9824978494635511,0.029705507511740836,0.0,0.19190494966163008,0,1.8560651607862297,3,1.7665639875286576,0.08950117325757212,0.6421639816896413,0.2965595958621333,0.01965981166494343
1,0.504091039947238,0.585749840969166,0.7859673465687607,0.0,0.0,0.19660525407710963,0,0.3936843676346624,1,0.3936843676346624,0.0,76.51692726941123,0.9999842330523597,0.0
0,0.6423771529559005,0.6335269532300448,0.17197764908188995,0.6588474862879887,0.0,0.19770553233178612,0,0.13097323808241618,2,0.015233130036269391,0.11574010804614679,1.310252011404486,0.2136806750228365,2.530411500489065
1,0.723311173346102,0.32890329180271616,0.5453892167226538,0.11083484613610706,0.0,0.16068032851818892,1,0.6989922141399799,0,0.6989922141399799,0.0,146.29230487534772,0.9993211917778255,18.235403210861318
0,0.6047115082074426,0.8296051770624642,0.8393472699579823,0.2717279477864255,0.565165363685975,0.2308193234602935,0,1.73018962647609,0,1.73018962647609,0.0,2.0009959828770816,0.17011769120984177,0.2717758331721472
1,0.6648035290204319,0.06351944339608084,0.9710019240067054,0.0,0.0,0.2805466768028833,0,2.8738331454849826,0,2.8738331454849826,0.0,23.7173675710498,0.9999999977707836,0.0
0,0.3206445039886734,0.3680448975394689,0.057010279829358246,0.0,0.0,0.27809046569947543,0,2.286003169235141,3,2.286003169235141,0.0,4.240226725139606,0.5384247587363049,0.0
1,0.6076554441091927,0.5893780240157389,0.16483531028038867,0.583618148676928,0.8751741300829584,0.1417213255156775,1,0.677200088180421,0,0.677200088180421,0.0,24.94694624186279,0.7519105745417938,1.9763888330224793
0,0.5507842473788678,0.7381211427953985,0.9003861066310234,0.6855546267882231,0.41044896776519735,0.10541564583389545,1,0.4630373095644009,3,0.09234249604121988,0.370694813523181,0.6766983081471897,0.19641043545694825,0.5053264402256621
1,0.6220181427824593,0.7300002064539245,0.009505324215952626,0.857957248671211,0.6353918915111868,0.1805547144510641,0,2.712322799080259,3,0.0016319613904117458,2.7106908376898473,2.5532014355439663,0.2928028427217775,15.42167874425503
0,0.24659161828677034,0.2695300873902642,0.7060316608530176,0.0,0.9478239686531251,0.24596007753618507,0,1.7204127782842122,1,1.7204127782842122,0.0,3.2422786145870237,0.6712535520329088,0.0
1,0.35372075813371506,0.2131645558275922,0.44968929100225796,0.19780630573916103,0.0,0.20763361596119367,0,1.9808812991940214,0,1.9808812991940214,0.0,6.138615587051662,0.9942990149782763,1.5136704268741061
0,0.9442780485427122,0.820291655843992,0.7864029540750304,0.0726748329760627,0.4440377020086732,0.07059824907855149,1,0.6848711809999048,0,0.6848711809999048,0.0,0.9305796956831119,0.07245358165551652,0.039193583558695885
1,0.17636519786553062,0.027773171854070133,0.05016440918345311,0.6271419110834364,0.11763207515244567,0.11649386044434477,0,2.5246272110506953,2,0.21745038492892949,2.307176826121766,0.5031582416225873,0.9748850763973173,0.8463048827651517
0,0.7352606645859322,0.4934439520483571,0.14310649368690487,0.9814560319929373,0.3989439692344283,0.24328497467840332,1,0.13682913497792545,0,0.13682913497792545,0.0,3.5546773277107255,0.2163626631196819,5.140526166211933
1,0.6470496030580708,0.9484371236940884,0.9481402693550064,0.0,0.19183647739741716,0.23668312734958039,1,1.80783557929352,1,1.80783557929352,0.0,236.6831273495804,0.9999999869537389,0.0
0,0.9979295878921463,0.31996797365987284,0.8226329452875503,0.4059054775552967,0.0,0.06261589989069331,1,1.2983447696402781,3,0.28237927252901185,1.0159654971112664,4.758775682427818,0.004380995751587791,3.251356548459317
1,0.8304377672119678,0.6998735851015533,0.7918778705206366,0.3667031024339268,0.0,0.09021255436290321,0,2.9005276444837476,3,1.445291007236304,1.4552366372474435,74.14803239791442,0.9999876010769279,42.93454400958866
0,0.7349943217003136,0.8162167619799395,0.39309440228988535,0.0,0.5505835569677612,0.2509285143953184,1,0.8234016414125607,2,0.8234016414125607,0.0,2.670544863146875,0.12358124678298199,0.0
1,0.6080575570567971,0.08689030709729917,0.021028038623345124,0.018427941945932558,0.0,0.1978232681549533,1,0.7849417015302398,1,0.7718472742883636,0.01309442724187615,18.694244901458752,0.9190557660009947,0.35096400405903966
0,0.13500539643708098,0.5448413160577761,0.9478480678050574,0.0,0.2713162929413526,0.18927138727831735,1,0.6752288737813607,3,0.6752288737813607,0.0,0.7667892082706121,0.44110863775380205,0.0
1,0.8403914731930072,0.8814739187991609,0.7463558807881249,0.9435880119817778,0.757956619964295,0.01264211384882969,0,0.32757800899359063,2,0.19360001315565661,0.13397799583793402,9.641094389533977,0.9999501635519149,3.0443184216693564
0,0.9180442255463293,0.07785942350664077,0.5397960072421002,0.0,0.0,0.16883295786165256,0,1.0314051665990938,0,1.0314051665990938,0.0,55.891675746622,0.4925548578074368,0.0
1,0.8499098660010553,0.18633716978838655,0.24552911007895617,0.38397859360037534,0.0,0.2874052994116528,0,1.884639340380462,2,0.7917926915608291,1.092846648819633,39.39931949467071,0.9659264284057029,24.55839217795197
0,0.48184674625793045,0.13924631758138206,0.7173667338247759,0.3021639007920429,0.6075218556282194,0.29135947363821196,1,3.0513120300507177,2,3.021118176207152,0.030193853843565766,14.300820999071425,0.7620732311866724,1.9282058218945612
1,0.2552808487036372,0.8571232717081592,0.5218319854095343,0.1761906684946234,0.0,0.03394193408062782,1,0.7974955760114286,0,0.7974955760114286,0.0,13.07171314333812,0.9958234584879571,2.795688017864686
0,0.6082092370758789,0.6370554126444964,0.9033157663684772,0.26130663595630566,0.262278749857468,0.1445657928257245,1,2.5098848727938385,3,1.8736662283770307,0.6362186444168079,2.6780624675020714,0.21778021846095963,0.7548732617365143
1,0.6638195532130509,0.48837774748738905,0.8135692622783337,0.1104495427930714,0.7977479887152323,0.18067188204343787,1,2.324482959250183,0,2.324482959250183,0.0,183.51717384952218,0.9999988745678546,4.195620280691033
0,0.40701028621034285,0.002783752062358147,0.4800540512740539,0.6594825963202536,0.14898586229145083,0.029737644957829743,1,1.4745260157478632,3,0.07292748811367711,1.401598527634186,0.4298969574699373,0.9953145168092818,0.7897665042983224
1,0.5185149607419649,0.8422931764199684,0.5671767561321978,0.6104303144817262,0.6050942070458719,0.006895982580550548,1,0.0646465447075623,3,0.02824817220173232,0.03639837250582998,5.231623904296352,0.9986701713104067,1.6648625534545782
0,0.47787321747956746,0.28231536663972956,0.5462471830810489,0.9775336955291146,0.0,0.22031538750659965,1,1.2829368629171072,0,1.2829368629171072,0.0,0.15751556437853964,0.5703209244322016,6.853675999532998
1,0.990727279346154,0.9591844804702009,0.47288156710760043,0.0,0.0,0.14114582219774088,1,2.4541219817401716,2,2.4541219817401716,0.0,141.14582219774087,0.9941773812179614,0.0
0,0.2923436145323466,0.5571138638545272,0.8016826591964474,0.7307312442200351,0.25665481424860437,0.24975991501480213,0,0.053751008843916245,1,0.02454938372350344,0.029201625120412807,1.050805301971729,0.3870954700812297,1.2503385370399578
1,0.9834358326694204,0.8565635298019009,0.48908109603320493,0.8987663345241977,0.0,0.027728512756261103,0,1.280723959888521,3,0.0010663000007537816,1.2796576598877671,2.807059129704003,0.9930196594117241,24.92145506081467
0,0.692042640486587,0.44553331214453906,0.685515738669372,0.6622245314896129,0.0,0.19823931667482012,0,0.485811489038031,1,0.1626802590483603,0.3231312299896707,2.508892205629124,0.2770665905121533,4.918799973123554
1,0.13534666787393934,0.18042381947092156,0.52327627884049,0.08134471587650471,0.0,0.15551463043765376,0,0.10179222523483274,1,0.09352296420343625,0.008269261031396483,0.6863481714437323,0.998203633045496,0.06077447978946539
0,0.9228680985347406,0.0944239968820747,0.12935200551501413,0.0,0.5733118889572039,0.19459946893192484,1,0.9244044039731167,1,0.9244044039731167,0.0,59.400731266745,0.42520003783320104,0.0
1,0.7938924584585185,0.26799942545793576,0.9621187048122275,0.0,0.0,0.2573306921167757,1,0.38020577727686977,3,0.38020577727686977,0.0,257.3306921167757,0.999999998426654,0.0
0,0.5835899212413443,0.4231156704571206,0.5826471613984056,0.0,0.0,0.03400411353183563,1,1.9220536062345195,2,1.9220536062345195,0.0,1.0354892316413502,0.3621398594427805,0.0
1,0.27908441866582023,0.07939640180546803,0.9204801562539043,0.0,0.0,0.15662348371193285,1,0.589658900573798,0,0.589658900573798,0.0,13.171099290441983,0.9999999946927085,0.0
0,0.7972596168110705,0.04175405850179714,0.3684809886975241,0.0,0.15777452164131234,0.06907383374648524,0,2.0375767374196614,0,2.0375767374196614,0.0,13.414541011817173,0.8230979170818244,0.0
1,0.2449590065928382,0.47359353777846147,0.8789484805903913,0.18699633097620605,0.5429514093181576,0.14392421318326776,1,1.8937414651118731,0,1.8937414651118731,0.0,63.381886428476555,0.9999998319958475,5.955524530185731
0,0.5881961710192773,0.15034255313320888,0.46694511905697533,0.5921035673773678,0.3098432346037172,0.04920861721391025,1,0.2604464008992572,1,0.15387484755900852,0.10657155334024868,1.741553125672478,0.699455994981367,1.2166680566860473
1,0.30981167492966033,0.16775311594077946,0.7296890687024855,0.09458571321954723,0.2982030958696955,0.02534611907335363,1,3.0467592774774026,2,3.0317171051346103,0.01504217234279226,4.799538836657927,0.9999937485191938,0.34128766783148173
0,0.4279732921850262,0.17923829972794525,0.3247554265111158,0.0,0.0,0.24285925085633178,0,2.0490470385518997,1,2.0490470385518997,0.0,7.889903854456108,0.7237114577342307,0.0
1,0.5178202663846886,0.22242477046197107,0.761868979266479,0.0,0.0,0.015734504853960985,1,2.196280451498656,3,2.196280451498656,0.0,12.404077755367027,0.9999972165347583,0.0
0,0.1898471119185916,0.8106577636879733,0.8364993339191998,0.8114594318349009,0.0,0.2589509803698458,1,0.5045500929758042,3,0.0033057765733939693,0.5012443164024103,0.1531187624809134,0.2690801292816196,0.6590075823746515
1,0.43806808531507446,0.9432641343188216,0.2947734093393377,0.8714373472989679,0.8951667348940605,0.05741351413735203,1,2.7136684351783043,1,2.6672659917466204,0.04640244343168387,19.41441911912326,0.8698681384528022,2.042820525178791
0,0.007573133158723655,0.7876896743488764,0.0951865852738416,0.0,0.42878039399954093,0.2602392895186095,1,0.5974325003848101,2,0.5974325003848101,0.0,0.053351843931239436,0.3476887547661781,0.0
1,0.17083064878489596,0.3962071879897403,0.42831430312217,0.4920925253026138,0.09912794725972462,0.23411890813681915,0,2.776774219009343,2,0.8795157069870071,1.897258512022336,1.5404405241983978,0.98369512496515,1.4924751168171237
0,0.6228956019713309,0.09820863276832426,0.30828092476533187,0.7348659492925991,0.4005724798900373,0.03249528210923804,1,0.6706798188781006,2,0.1936179088205735,0.47706191005752707,1.2872923706408228,0.77592166363682,1.2233222987616934
1,0.5258223003892035,0.2625550243396899,0.344554468151817,0.5207905717524532,0.5197141445270449,0.09895000317461121,1,0.12358856172321249,0,0.12358856172321249,0.0,14.455493597857282,0.9816594768904866,4.82511872061869
0,0.5878290631399322,0.374136405084058,0.5502045812783567,0.17554731069557972,0.2725468971121221,0.06849849152175949,0,0.22297149885576234,2,0.16987867043041993,0.05309282842534241,2.089652402307891,0.4081049123469628,0.3062873869719826
1,0.9308356957557858,0.9314945033764137,0.7165166309650739,0.0,0.0,0.15340749330378597,1,0.7935265781919744,2,0.7935265781919744,0.0,153.40749330378597,0.9999704655462123,0.0
0,0.7315088755806247,0.45803163789099344,0.6503313794058077,0.932906665321204,0.9373993209134848,0.09686807369232074,0,2.612185902163919,2,2.542454150178333,0.06973175198558579,4.04184534563281,0.24109820261429982,0.27508394141428866
1,0.42173558943215106,0.7339458811082799,0.15917979921212988,0.0,0.0,0.0758888208904866,0,2.110252595855304,1,2.110252595855304,0.0,4.333170588566244,0.6190639528968682,0.0
0,0.46605225599901645,0.5019673479866256,0.7655945081053346,0.43632233107940166,0.7757400209818345,0.20313744673666162,1,1.760716993528411,0,1.760716993528411,0.0,3.751823517186939,0.35174209418634317,0.4165407788038636
1,0.26880656542735737,0.30102050736194896,0.04531821184396578,0.4413161963862928,0.820191409112547,0.15945345803363836,0,0.8133639545409875,2,0.6966138544295427,0.11675010011144482,3.167696480297725,0.7267846613141066,0.2931387581958809
0,0.7722031994839545,0.056155577420113345,0.2904425944922776,0.6033816228006192,0.0,0.13142822200446477,0,2.2257646512956413,2,0.28066906464216,1.9450955866534811,8.486409488292008,0.792906358765318,12.910504966899449
1,0.7786118182289485,0.8832524764220719,0.937396397088672,0.8215886027978628,0.0,0.1071753195801954,1,0.8836543810787426,2,0.026086435039835043,0.8575679460389076,19.122252189775967,0.999999981460615,88.05841277699615
0,0.07652479467754958,0.434839614343565,0.015887612548830532,0.9188982290599286,0.0,0.2253421394851937,1,0.8614314054292,0,0.8614314054292,0.0,0.05090808807670309,0.5455039864310915,0.5767981566404514
1,0.8654047666318904,0.6369441814198752,0.9005778631480181,0.0,0.5662058712468299,0.17980724377075052,0,1.3933798544986846,2,1.3933798544986846,0.0,179.80724377075052,0.9999995874311585,0.0
0,0.6408209701335388,0.6274299757768055,0.27164440289126623,0.0,0.3280520569394372,0.023579547352775856,1,2.8389141483087714,3,2.8389141483087714,0.0,0.45906579658395347,0.20856450488241696,0.0
1,0.24832030397633154,0.8902303350159703,0.6147361103342689,0.0,0.0,0.10503432249598517,1,3.0844888412390263,2,3.0844888412390263,0.0,85.6624080969878,0.9993767684885334,0.0
0,0.5814834068816879,0.2522139725657575,0.6834763281361563,0.0,0.0,0.18953459869369071,1,1.3102049492866017,1,1.3102049492866017,0.0,8.749265749342687,0.5537416781980824,0.0
1,0.7306063653705087,0.7432218497920473,0.5612943699574676,0.6729818181063852,0.0,0.13236182962884246,0,0.9500498002829499,0,0.9500498002829499,0.0,47.62513690874547,0.9976703354953063,98.00938601890884
0,0.8054402548462116,0.7189164214536952,0.2602507977902041,0.9411306057857718,0.0,0.08219992671343182,1,1.110072325446706,0,1.110072325446706,0.0,0.09353644992602735,0.11820740311828837,1.495344345851219
1,0.6105322363953084,0.8756881690479964,0.34182763513645065,0.0,0.0,0.27205703928642555,0,2.020627096881628,3,2.020627096881628,0.0,71.07012278290694,0.9220217707767053,0.0
0,0.6025360792811838,0.7157989391612211,0.4094745480473513,0.0,0.9334650466878407,0.21657092217687748,1,2.229108763698464,0,2.229108763698464,0.0,2.9111163121642503,0.1884615600242494,0.0
1,0.5792384611013579,0.6162246439412207,0.6494303030157106,0.04017124292573249,0.08098363154493216,0.06881452948857475,0,1.0482792451087022,2,0.9837671886458451,0.06451205646285707,30.4774592229977,0.9996058499478299,1.168788871848044
0,0.5741064211062904,0.2567277880044665,0.8681630156052013,0.5512563401580853,0.0,0.2355379733229543,1,2.3312559704938645,3,0.18550090901608055,2.145755061477784,4.740596530341109,0.552179386909918,5.8235561353726455
1,0.11311492836514392,0.7649865234298322,0.4768879155971293,0.7618935080222934,0.0,0.14850105902629504,1,2.585290541390088,3,0.012485145509255502,2.5728053958808323,3.1262585139259764,0.9905699195835213,10.003406653786802
0,0.7722683313668413,0.6818013166283371,0.5706709270531205,0.4708199782233392,0.30575092640024815,0.059207604445742454,0,0.3817920663685417,0,0.3817920663685417,0.0,0.8463326337431067,0.14754305611705376,0.4130547674992516
1,0.9049393678279081,0.9059437350608164,0.4790886131713413,0.0,0.0,0.14369906852685344,0,1.043384453721632,3,1.043384453721632,0.0,143.6990685268534,0.9905863886837909,0.0
0,0.5889464001056584,0.9621459225605632,0.2332855380773552,0.0,0.3689670824484619,0.2521935619145246,0,1.2507525766966352,1,1.2507525766966352,0.0,0.5022108484223858,0.148532727926599,0.0
1,0.44488224787580466,0.2723615616805849,0.01673635731660561,0.0,0.4657908948962116,0.17551454986452422,1,1.3133225455999638,2,1.3133225455999638,0.0,8.819259091581971,0.7381672215365234,0.0
0,0.030306357212327217,0.6556186167968927,0.05972254610783756,0.08730658633167399,0.9689050607103072,0.07112391940685821,0,1.5953546245839478,1,1.592632772060311,0.0027218525236367697,0.06491767481391894,0.423797132102395,0.0001767996453689834
1,0.9801860113230566,0.8181635160470602,0.5387803815463656,0.9722936088134294,0.0,0.26359180699596585,0,2.5968898908051714,3,1.1616544546627346e-05,2.5968782742606247,7.303177718218518,0.9970159045777334,256.28862927822644
0,0.9830436911901225,0.7895704245609958,0.07533542702729756,0.903094596066961,0.0,0.17665041249917374,0,2.9604968205914686,3,0.0002028587769893329,2.9602939618144792,0.30109056477925944,0.07270307685103705,2.805965931134126
1,0.5494098005842512,0.8190182118699636,0.4840356348224977,0.39569858057882845,0.13092309880051034,0.28707835018230937,0,2.7973337322756455,0,2.7973337322756455,0.0,177.9681848519144,0.9888800628830244,94.54347549201488
0,0.18753429955333167,0.16428978471782374,0.4189676576177723,0.0,0.056090266343949424,0.27969387453081873,1,1.3142793683822176,3,1.3142793683822176,0.0,3.118897172168631,0.8051766574872382,0.0
1,0.48236879535856225,0.7063584396503597,0.7386574129776983,0.0,0.0,0.16201919507039947,1,0.6930152555482181,1,0.6930152555482181,0.0,162.01919507039946,0.9999823417947786,0.0
0,0.7887275768129156,0.6143133930864667,0.6872108235155275,0.9893728679444467,0.0,0.0052521015184084485,0,0.5686306643481899,2,6.0914474104743765e-05,0.5685697498740852,0.0015138980462397398,0.15267265990769152,0.14094203816739148
1,0.3207597501098196,0.4082145190080132,0.04045456240335099,0.46933075223436926,0.0,0.157754488022666,1,0.15506766867450267,0,0.15506766867450267,0.0,2.7271797260578707,0.6280954504061566,2.411953053051887
0,0.6103898254608042,0.6057981114081391,0.17214951179763416,0.7321285684202472,0.0,0.2619551273183946,1,0.2097924907368502,0,0.2097924907368502,0.0,1.3767207874242682,0.2308859939229263,3.762762655454111
1,0.29033693932190663,0.8105687742118739,0.9081799894108703,0.0,0.530319546581178,0.06589040048499076,1,2.3826473673839716,1,2.3826473673839716,0.0,65.89040048499075,0.9999999107757958,0.0
0,0.850178464639664,0.4432013949849235,0.5766679281313151,0.9477863787278509,0.7411614974988336,0.21371337058341958,0,0.35668245930578574,1,0.26893228107299394,0.0877501782327918,8.659876961064212,0.1584066956908633,2.9457671658737463
1,0.7424734282619211,0.888359403029085,0.6034963216285665,0.9166449821828421,0.98647019221738,0.26825157333136446,1,0.013512993875138327,1,0.01334541005461519,0.00016758382052313794,264.92498465596435,0.9994747063678356,3.3268812557178147
0,0.5303589892592351,0.015123034079057351,0.4954808891522281,0.0,0.0,0.007247824198860865,0,1.1743523664569793,1,1.1743523664569793,0.0,0.4755437117082221,0.9683394424726983,0.0
1,0.5903129078534641,0.2841403086018831,0.7151299116808258,0.0,0.4631907071616246,0.009514521123383085,1,3.0793864204513905,0,3.0793864204513905,0.0,9.514521123383085,0.9999876358827213,0.0
0,0.32396136306471046,0.34359610908688976,0.5097351369274347,0.0,0.0,0.04258032794675544,0,1.0608854749171284,2,1.0608854749171284,0.0,0.6900117855208184,0.5636046351059395,0.0
1,0.08951878793810653,0.34920652981614386,0.6530009522547573,0.5921820420506807,0.0,0.11277319602188689,1,2.437671793769791,2,0.30396757765569354,2.1337042161140976,1.8732146636164357,0.9998855468484281,2.720047175650646
0,0.49218356466910906,0.9581792192613269,0.22746235794186787,0.0,0.0,0.07482977977651996,0,1.6253817049445962,2,1.6253817049445962,0.0,0.14387909996635714,0.1661886601882786,0.0
1,0.38240096111164557,0.5083421717774043,0.4459734652640681,0.0,0.0,0.11919428414199487,0,2.6322655820542336,0,2.6322655820542336,0.0,7.262043153979786,0.9859575082173473,0.0
0,0.6818058622920229,0.4064408247944614,0.03925149208997858,0.0,0.0,0.16211354767084868,0,1.7628618697053793,2,1.7628618697053793,0.0,6.612317316216087,0.3172594517073899,0.0
1,0.9349628740586224,0.8281386938835195,0.18367678758858264,0.8832690300595099,0.0,0.16793892997710747,1,2.366968628807516,1,0.1017266109956485,2.2652420178118673,19.176781367707562,0.803622701807701,145.10508296944263
0,0.7390396021636904,0.880233375374573,0.9570285889072135,0.0,0.0,0.1186258108304294,0,1.461099103181367,2,1.461099103181367,0.0,0.8714736106318958,0.13227416327730512,0.0
1,0.13087772850222523,0.9497166651991018,0.0023914756193348374,0.0,0.0,0.1850568783969877,0,0.4392484932288352,1,0.4392484932288352,0.0,1.6807995578501176,0.053097523147124015,0.0
0,0.8383169843117612,0.8017594012021879,0.05373992499636793,0.0,0.5073911458653932,0.10826408713237408,0,2.2857759861170655,1,2.2857759861170655,0.0,1.494486055282508,0.1140535399137691,0.0
1,0.2562253408739198,0.10430017455607032,0.0335270975523162,0.0,0.0,0.08404610177131382,1,2.0915255028895023,1,2.0915255028895023,0.0,1.8480580775131972,0.9025391083564989,0.0
0,0.06137175628542002,0.8187705464648521,0.550051432170742,0.004797905869261765,0.0,0.03552102195744907,1,2.261231666821744,3,2.2500125738647094,0.011219092957034604,0.04363997368791235,0.3104434878677048,0.00021038991690883405
1,0.6984801755616978,0.39611585892962375,0.47797677586048315,0.0,0.0,0.04394813234004397,0,1.485222680026663,3,1.485222680026663,0.0,10.845897365834512,0.9948300004459403,0.0
0,0.6190579312664405,0.6980962838803905,0.5512618050366365,0.576825329439501,0.4318417234870856,0.18537187723741236,0,0.5110624449482876,3,0.14975712988267487,0.3613053150656127,1.8350261529384255,0.20100095784648064,0.9825469060838594
1,0.08899270761388367,0.42555307641662576,0.4476314342813865,0.0,0.5031751597673347,0.12819535677930635,1,1.5444711241809286,0,1.5444711241809286,0.0,3.4478347327693992,0.9912551976776423,0.0
0,0.9266464999941009,0.471729508385899,0.7144490045836935,0.0036312394375372925,0.0,0.21363823075683935,1,3.035565250126495,0,3.035565250126495,0.0,12.338994395410145,0.07590990767409844,0.044969136771080095
1,0.8637231879103753,0.16750170862090774,0.6459996277358269,0.0,0.41113416109180434,0.2791500878825669,1,2.5865602851788436,2,2.5865602851788436,0.0,279.1500878825669,0.9999666192096855,0.0
0,0.9554188998583625,0.7813729644320998,0.5739602582661468,0.843365427178607,0.009368416151807835,0.26851096342940495,0,3.0488689889870337,0,3.0488689889870337,0.0,1.0863970581949236,0.07985534648058312,5.84947309247557
1,0.06975863834551488,0.007387316225124896,0.17235930391724896,0.0,0.0,0.02906619199824807,1,0.7410435904638634,2,0.7410435904638634,0.0,0.16251302147179994,0.9962807998589047,0.0
0,0.813652201241405,0.18299478576116446,0.3124246199798354,0.9516764530768214,0.693775295331367,0.23166516509368432,0,2.2961165332319666,1,0.03930022504362718,2.2568163081883394,1.3319610907966397,0.4541410818767142,26.231435547163265
1,0.7173379623560996,0.7155780521507824,0.3508736954612116,0.19612388377804546,0.2773991917474756,0.05455380539755431,1,1.4668696393123428,2,1.1511392047854976,0.31573043452684524,45.68681046691177,0.9613711101954191,7.900209469311685
0,0.9597390189787046,0.5000580091015241,0.7931234671202622,0.0,0.36762304262607803,0.012068114570871626,1,1.3093792599331624,2,1.3093792599331624,0.0,0.6689132831958791,0.043365637644254384,0.0
1,0.15375043508243114,0.0640536819518901,0.9428308648294007,0.17347349159363523,0.0,0.2892445431576997,0,1.3543021920106617,3,0.8294233146506995,0.5248788773599622,0.19247371771030436,0.9999999852369251,0.040396874766415035
0,0.28278999967303553,0.24027612455261904,0.9861527515794618,0.3213435387376151,0.0,0.23039586482719362,0,1.898666591010608,0,1.898666591010608,0.0,3.9452444150304453,0.6939772366918218,1.8680715116930744
1,0.989646497058164,0.5030779228642985,0.042566562288394505,0.0,0.0,0.07565094798951537,0,1.284771970458812,0,1.284771970458812,0.0,75.65094798951537,0.7765985694567861,0.0
0,0.23970883284836653,0.8110146712006567,0.009646870380884853,0.39860299017673895,0.0,0.26883565883299615,1,0.1743955105027615,3,0.037956425344831415,0.13643908515793007,0.6164483122794618,0.25358816343792145,0.40857891966607784
1,0.8156238760560501,0.6314501009100613,0.9316591123579596,0.17132429370641555,0.944762617876995,0.019422050693355834,1,2.322608472681942,0,2.322608472681942,0.0,19.549183511028648,0.9999999832167378,0.18685094915144018
0,0.9810845788048461,0.00335485244531053,0.620836007955422,0.0,0.0,0.16110904547364385,1,0.7593611698635722,2,0.7593611698635722,0.0,161.10904547364385,0.8489268985178235,0.0
1,0.32987152992721713,0.8077319056263119,0.452955378813205,0.778274415312918,0.4114609208417811,0.07766465768745633,1,1.35819425791679,3,0.06572303845726227,1.2924712194595278,9.215702293240135,0.9871336129371995,21.986183453001725
0,0.7400315555784518,0.5089864686517256,0.43471127217515515,0.0,0.714787335719802,0.18301189912738716,0,1.178694929460348,2,1.178694929460348,0.0,6.292066045456249,0.2090478842890796,0.0
1,0.26046692418760575,0.2786818524981336,0.023415072323010544,0.0,0.7828415882098612,0.2957524607161042,1,1.1425848494831887,0,1.1425848494831887,0.0,6.657430329298561,0.7332408031451765,0.0
0,0.16801231312639642,0.40218746185786347,0.2913240071972353,0.11094953543344799,0.7625476298253858,0.2276427106064168,0,0.025331808567668444,3,0.023382146201686233,0.0019496623659822111,1.4848714124018925,0.5529065292470019,0.04017820790044692
1,0.6234950974763632,0.48857118837186564,0.3112548346602084,0.0,0.0,0.06723994631665015,0,2.208461526096664,2,2.208461526096664,0.0,9.111122321419096,0.9395766859586714,0.0
0,0.9522905966805338,0.38340678538882866,0.6113403226882564,0.0,0.0,0.08396650273215825,1,0.24802127700785143,0,0.24802127700785143,0.0,7.165731496385395,0.07125866877201947,0.0
1,0.5398249477834327,0.7795958994271613,0.21423998240491526,0.236205654700399,0.5489973556540768,0.019652678309418012,1,0.5571609925313797,3,0.40050601169256456,0.15665498083881518,3.961957091917521,0.7712025863670872,0.4851946471359867
0,0.9934346648098361,0.05562422551247603,0.803776296195405,0.0,0.2303108559867192,0.21581123185525813,1,1.9173082155178165,3,1.9173082155178165,0.0,196.49420625231693,0.10028640168135783,0.0
1,0.886442231448456,0.6797310930020685,0.5230539211394009,0.0,0.0,0.08139651502565338,0,2.7445409431449312,1,2.7445409431449312,0.0,81.39651502565339,0.9964352498598947,0.0
0,0.2552809449253267,0.2170917704509121,0.5435421501323412,0.0,0.2023205430415147,0.29524540602931904,1,0.5296280923206396,1,0.5296280923206396,0.0,4.424849633174388,0.7286822409743774,0.0
1,0.5559187594663973,0.29525987723740466,0.14714150007429316,0.0,0.0,0.25762336381448114,0,0.34001013563921745,1,0.34001013563921745,0.0,17.973457901404117,0.8460033414311934,0.0
0,0.8986246745968132,0.7634233226188957,0.49510003992914264,0.263144263874317,0.0,0.14430952060102265,0,1.528505137881773,0,1.528505137881773,0.0,2.421144719074373,0.09623461274768785,0.8646337588194416
1,0.26818991465113784,0.43637502441076115,0.31777622855301846,0.20501129757546643,0.39619688769685113,0.24700246071119739,0,1.871077494223179,2,1.5839590911013506,0.28711840312182835,5.862086427518395,0.9351607406376523,0.8871142203927994
0,0.6701832655651356,0.33011353452398084,0.47017134290792795,0.39907926776738145,0.30489212458759996,0.177478754244232,0,1.0886049004499068,3,0.40203358541491463,0.6865713150349921,6.044238949505979,0.400940827467518,2.784679061235132
1,0.09456954408971274,0.17464528659478884,0.8811251612109814,0.0,0.12085621393405044,0.2368803843028406,1,2.185619162121054,2,2.185619162121054,0.0,5.731288505773614,0.9999999331180452,0.0
0,0.6023606281023547,0.46365911893088585,0.7311633401255349,0.0,0.0,0.04187094243251112,1,0.49995225806574584,0,0.49995225806574584,0.0,1.1990657180452815,0.31505539650413916,0.0
1,0.21568341403783098,0.9382392030862411,0.3656409967235812,0.9638577425074768,0.0,0.10376422001383759,0,1.2734890835185873,3,4.629576555644074e-05,1.2734427877530308,0.1602263983632908,0.916068711606076,4.272988610312829
0,0.15274642756612689,0.7332836383594039,0.7366007619121657,0.524712140192714,0.0,0.2432691816319071,0,2.954764798819317,1,0.9919391639528448,1.962825634866472,0.4677307066116971,0.3421022371956798,0.5163691330125401
1,0.9038231525105065,0.7318390248057496,0.2622959190693739,0.3822673206586076,0.0,0.030333006678578463,1,1.7069488043905277,3,0.43868921975593944,1.2682595846345883,19.171265541944724,0.910105936972053,11.863624116773893
0,0.7118160754765392,0.5710537730960452,0.32336031952455024,0.0,0.16318394178818962,0.26414333702319887,0,2.8113552397903776,3,2.8113552397903776,0.0,7.102691564989103,0.20347796260647777,0.0
1,0.7138673407893049,0.03992625500488234,0.6146572273705071,0.32621839481648596,0.664324107209559,0.23577021359482297,0,0.7387339083393286,1,0.6625317857819564,0.07620212255737224,32.41306757672363,0.9999537265182556,4.080996638344563
0,0.36979178083716235,0.6594777813227655,0.7368287566642089,0.12068009495119547,0.3144519864809239,0.29171103980124946,0,0.9397640101582226,2,0.8052787147220942,0.13448529543612842,2.625978362559844,0.3038747142494239,0.23912060257914367
1,0.853290862296117,0.7293847763172411,0.6822221937244068,0.0,0.0,0.03064517987896323,0,1.1216075080857724,1,1.1216075080857724,0.0,30.645179878963226,0.9998177970575437,0.0
0,0.08226863765608605,0.690657986570967,0.9877577592587116,0.0,0.0,0.24963498097011744,1,1.3551178269946824,0,1.3551178269946824,0.0,0.506538901993544,0.36895596710664136,0.0
1,0.07824979666839316,0.20650484402223046,0.23749618561946417,0.29605758381493386,0.27339956219033523,0.21997806340981202,0,2.91190209800561,3,2.5537410137261682,0.3581610842794416,1.0444916835076852,0.9294838947073312,0.30847626265568623
0,0.5374449699648615,0.848194626301171,0.44963401888789567,0.9400941651635993,0.11653150644838661,0.15110215930654922,0,1.4753468118130426,3,0.00042525123579553476,1.474921560577247,0.07343976820065963,0.182123457243067,0.9704834495667845
1,0.06791355054139747,0.1707849222417075,0.5143250457007948,0.04420787482961952,0.2037545312701824,0.2934735098856137,1,1.2719268155175958,1,1.237438467978354,0.03448834753924168,3.7014021859017023,0.998896585782387,0.13512830092506373
0,0.28072031503817785,0.09165519808013434,0.7491475480839447,0.9947932955410681,0.0,0.08157721202162638,0,2.4087843695146685,3,9.52897233424866e-08,2.4087842742249452,0.008722600882386933,0.8769744012919644,1.6665406968881733
1,0.9547980170012078,0.1918846632807022,0.9549915394486163,0.214655465727557,0.9023492846222889,0.16099085881399913,1,2.259452320022493,0,2.259452320022493,0.0,163.19154297121963,0.9999999984952719,3.4985801775816237
0,0.27378663056991204,0.2196515542634193,0.028700574685390334,0.0,0.0,0.10163686071879466,0,1.0526922649607986,0,1.0526922649607986,0.0,1.656863918683773,0.7206698454780933,0.0
1,0.5469159162380651,0.754449485314466,0.7943490989494632,0.0,0.4617038251660609,0.1481394865788569,0,1.9290348084912379,2,1.9290348084912379,0.0,148.1394865788569,0.9999843462806712,0.0
0,0.4847147706245576,0.5532971774124595,0.029046485408740108,0.7880105625202236,0.0,0.06250278303618075,0,2.4272117835899576,0,2.4272117835899576,0.0,0.34839293328097987,0.3164687485655149,1.295051841245658
1,0.46845198138260025,0.28086821215314295,0.4233266059948877,0.0,0.0,0.19982670631421934,0,2.150254442201374,3,2.150254442201374,0.0,11.407465770132758,0.9899960798593458,0.0
0,0.8877217764524957,0.6856191979513255,0.034842722357814604,0.7790322052368993,0.0,0.0648125598313932,0,2.2538430887819745,0,2.2538430887819745,0.0,0.5347409305143432,0.09918081878123086,1.8852539428907988
1,0.6963351588977905,0.08150758960410764,0.8781513561720141,0.5773698059754275,0.6637055198078462,0.20982437342087007,1,1.6515887909857274,1,1.3917696193927784,0.259819171592949,188.66545392588102,0.9999999797471901,64.18080118539314
0,0.5937764889654329,0.6804649348181002,0.4548668155368827,0.7050079560557806,0.0,0.14516516168132787,0,0.3833911377772491,0,0.3833911377772491,0.0,0.6650291311030081,0.215934858109737,1.5893677068970016
1,0.5330976540045542,0.19772038378094658,0.03404148457499934,0.4228449859569864,0.0,0.1351867867614621,0,0.7373152645018489,0,0.7373152645018489,0.0,5.464180656984193,0.8212234079583384,4.003259673659741
0,0.2544508677837771,0.7839434754069656,0.9298135284590432,0.504092611765067,0.8298621931339472,0.174291052481442,0,1.8482851821096378,0,1.8482851821096378,0.0,0.8610364473427556,0.28482062683482456,0.08270510681167859
1,0.4086059441064016,0.4636807918750022,0.34915504598813274,0.7053424423281903,0.0,0.014394938350936252,0,1.4214356722492376,2,0.10856116583212339,1.3128745064171143,0.23082445128073262,0.9555371032046378,0.5525406628013757
0,0.6222526537428748,0.688164061166535,0.008135445108799266,0.0,0.8181171466705863,0.26849833976294407,1,2.154807899736891,3,2.154807899736891,0.0,4.131930047990729,0.19191766317165704,0.0
1,0.6997477704384346,0.9956297278819247,0.028716286256706636,0.0,0.0,0.28533617512012593,0,0.2845606092911241,3,0.2845606092911241,0.0,42.00829385777371,0.11974349622428593,0.0
0,0.5987638548306341,0.44331116740163756,0.27647443887762,0.08853341160457096,0.4733376907258777,0.07274316421757396,0,2.3718579057744953,0,2.3718579057744953,0.0,2.2602849949688593,0.3350414099199289,0.11061005964888933
1,0.035559453915395944,0.9407175842504371,0.27685410260597787,0.17123783086714772,0.0,0.2351011734726066,0,2.266670016451923,1,2.0858759891514542,0.18079402730046867,1.0018472369166374,0.7664341400949884,0.20700045694574887
0,0.9347639769719259,0.5693709943123922,0.6895768127592249,0.0013820454270782045,0.0,0.14142574624477147,0,2.403736758847737,0,2.403736758847737,0.0,5.807885211271145,0.0714431327174413,0.008037869898569186
1,0.09096627849157779,0.58067415500902,0.6506216783799833,0.015870361716511128,0.0,0.05958503455933025,0,2.6680117023513947,2,2.652980163613538,0.015031538737856565,0.47067499102158866,0.9994489425978071,0.007590242248426716
0,0.34490452027652585,0.45493743371960327,0.6274354934328239,0.0,0.7282961125705107,0.11244054995403194,1,1.9908305075370667,1,1.9908305075370667,0.0,1.5619261875579868,0.43973598974468164,0.0
1,0.19369945655044196,0.7332404190670043,0.058948309826686085,0.1615640115220096,0.0,0.16111290201757378,1,0.36811212348310335,1,0.30940394617574807,0.05870817730735528,2.6204824716431308,0.3599168236757475,0.5049588353313975
0,0.9432143929475016,0.21923513029447006,0.4643289162227978,0.46439743011319745,0.34495695428863604,0.14065749147492213,0,0.659880874531082,0,0.659880874531082,0.0,17.115538061584314,0.1682133100329083,7.59482995672321
1,0.10686767002063446,0.19724494361067857,0.5170205518877182,0.9727958575571217,0.5638153054287944,0.2795802284476894,0,0.6720552400979457,2,0.1909081826298969,0.4811470574680488,0.4964758861004586,0.9977755903694134,0.5246323869785177
0,0.9947567034623964,0.1509507672864142,0.540151738271057,0.0,0.0,0.28773441273987127,0,1.9749454801214896,3,1.9749454801214896,0.0,93.82845570132325,0.028646994034156936,0.0
1,0.5944005542264517,0.8455855716060232,0.2732785170723384,0.20163259925861843,0.0,0.04735026018727557,1,2.559011012552216,3,1.9373837968069119,0.6216272157453042,21.635689943217926,0.8679026109673679,5.464226615407273
0,0.2366684777139002,0.44036346528160086,0.7618620132370846,0.24924232953229464,0.8527631779711806,0.08572626561247146,1,2.4003808234294395,2,2.3464230869111606,0.05395773651827884,0.8069087357514556,0.4924066440569165,0.03136854507093944
1,0.7620243290134878,0.04397341197358695,0.49003920722177186,0.27245114811574433,0.0,0.17764614646876606,0,2.254709670101806,0,2.254709670101806,0.0,32.64674533362416,0.9995530219747323,12.225492797290885
0,0.7211008534992798,0.9353321183338111,0.9832394977408507,0.9035191217496968,0.0,0.23946578641504435,0,1.5830451507169139,0,1.5830451507169139,0.0,0.10017415600896434,0.13092865056896597,0.9381057376408386
1,0.5544069668958631,0.8052126592747545,0.3370168632988594,0.20965637736127773,0.0,0.1669780777854426,0,0.2022961201381887,3,0.10003769222233426,0.10225842791585445,23.753630506371156,0.9205048106098203,6.301183407436169
0,0.9506624772892427,0.5856489324846923,0.1498577381887316,0.0,0.0,0.2101223558719598,0,2.510147548472015,0,2.510147548472015,0.0,8.350619623660545,0.06191442515211021,0.0
1,0.7946782275464231,0.41012265382404833,0.6433080416243673,0.5965687718112077,0.0,0.18326986508062354,0,0.39004165834698246,2,0.0632637671880301,0.32677789115895234,59.78090211276728,0.9997522268677451,88.40024484790337
0,0.7017523876342409,0.4183843564643729,0.7027504890874611,0.8473433752752956,0.0,0.14472433636155374,1,1.3771172607892421,3,0.003932433376169567,1.3731848274130725,0.9141497726883558,0.2930903536526689,5.074124724647749
1,0.9255239263955846,0.22850477517445567,0.08901071679237438,0.0,0.4683382757176777,0.18927365382774336,0,2.3030167391467913,0,2.3030167391467913,0.0,74.74745371684685,0.8915827718608377,0.0
0,0.9161147193562488,0.9249561974063047,0.7788832053618167,0.18708320118430355,0.0,0.254753769491885,0,1.4312468180825642,0,1.4312468180825642,0.0,1.3473846657749375,0.10214195824009653,0.3100846690178535
1,0.3081445411714401,0.3428509823481529,0.7650414244628823,0.9746729635390906,0.430898236827711,0.19937178594770855,0,1.5215323829186065,3,0.0002002962392361361,1.5213320866793703,0.2955965635417386,0.9999810974098678,6.128648757853943
0,0.7235725560529448,0.6636154869995993,0.9025023749784328,0.0,0.0,0.1910179824623442,1,3.059615134325901,3,3.059615134325901,0.0,3.855052420374673,0.16167404125419427,0.0
1,0.6158690266125046,0.05443701308797111,0.18963976799084237,0.876628531189096,0.0,0.0836292476781954,0,2.817465566094225,0,2.817465566094225,0.0,0.9661069722289636,0.9796364527953718,6.864771443507103
0,0.5658466773124485,0.9192564745145181,0.5740454251332887,0.0,0.0,0.2854533123515439,0,1.6888927552504152,1,1.6888927552504152,0.0,1.144042512360483,0.16002850975550398,0.0
1,0.4273865872871916,0.37527450816929964,0.6770309276415662,0.728394811962765,0.5790408022724599,0.18414558773737125,0,0.13716669676693796,2,0.06584438689211597,0.07132230987482199,10.816364893592997,0.9998492903791896,4.8231167553789245
0,0.30597253480129605,0.14726805328168002,0.24680815654154398,0.24737883115244175,0.0,0.08802352655367629,1,0.3779105022825831,3,0.16202371563853685,0.21588678664404626,1.4066537173664342,0.8007433973794689,0.4623525976171785
1,0.1513321076989721,0.7090345455074186,0.17211187029088815,0.0,0.9355645764026801,0.10297028450159941,0,1.0581346244401257,2,1.0581346244401257,0.0,1.350246003720117,0.6249332800471208,0.0
0,0.5826201792003172,0.7414752480972082,0.12144796212438858,0.0,0.4370382609023997,0.2612527389597444,0,0.5263561296338084,3,0.5263561296338084,0.0,3.185254971855728,0.19962194984217352,0.0
1,0.7244986264585184,0.9721324287072913,0.1960452546989926,0.0,0.0,0.2717345010487464,0,0.46564448491382343,2,0.46564448491382343,0.0,70.46738223978066,0.6862312343902113,0.0
0,0.40648646492168494,0.45511893301825534,0.49481566399793697,0.05807181499021785,0.0,0.009718266597015461,0,2.5749337372113748,0,2.5749337372113748,0.0,0.1748864926726732,0.4153998665943479,0.010782112913066823
1,0.7874809818104772,0.42972859422102117,0.04167888456169666,0.5867762186499237,0.8032002027533923,0.18686247253062863,1,3.0640384835473387,2,3.0390188625396566,0.02501962100768207,51.026044287712246,0.6617488614213082,6.686776057761432
0,0.40739795601149087,0.6043305834705825,0.7881235170811356,0.9052141410355734,0.0,0.1951214291574573,0,0.32665090219089365,1,0.03055789731304709,0.29609300487784657,0.22463904267441961,0.31894333885924775,2.1453246325899182
1,0.3435934446704695,0.5470445417894654,0.8218006513672146,0.0,0.17030032125197692,0.07221175949419058,0,0.4695226392611055,2,0.4695226392611055,0.0,6.856511949747669,0.9999936806038003,0.0
0,0.43795925051898854,0.8233573578387844,0.17687966716581527,0.3420436773742894,0.0,0.13137864102186408,0,0.5010302438920015,1,0.33117882398944876,0.1698514199025527,0.5768332479779468,0.2150509173158911,0.2998712203003952
1,0.7738252611694123,0.4980738012694441,0.36216546700525776,0.0,0.0,0.28275902117333346,0,2.600702501769166,0,2.600702501769166,0.0,82.61119779452041,0.9703409120151916,0.0
0,0.5269731191911905,0.45665839291016286,0.7057291159537575,0.0,0.0,0.15836905613837032,0,0.37588495151555035,1,0.37588495151555035,0.0,3.8122676652884153,0.3601298875970129,0.0
1,0.553203628110473,0.4107435964377041,0.7573901933839611,0.8353376772132628,0.0,0.12619856281708575,1,1.3117016772056636,1,0.17943016785816845,1.132271509347495,20.82618918051756,0.9999943187606772,105.65198037312496
0,0.13334493546507942,0.8667031056092727,0.16651179926247173,0.3350889239516587,0.0,0.13582770268940944,1,0.812604760554987,0,0.812604760554987,0.0,0.1781035071232602,0.2611618256023358,0.08975713400450386
1,0.3960825350180699,0.353950797472809,0.4629230247249968,0.9705621494150908,0.5834790466206028,0.2441380140316375,0,2.054245332848705,2,0.0008015619160824487,2.0534437709326223,0.3451577281746438,0.9924647909047846,11.379805926324734
0,0.1402986986545991,0.6032515076049184,0.931465101944042,0.0,0.8841925558518823,0.009438392894922515,1,1.295755938050322,3,1.295755938050322,0.0,0.03620302692110737,0.40185326883782324,0.0
1,0.7864230039614344,0.9084923729210841,0.606088717621327,0.0,0.7730994409111422,0.007530437627175035,0,1.5126426009112093,2,1.5126426009112093,0.0,7.530437627175035,0.9988316901202849,0.0
0,0.46379464253972724,0.3349749724409131,0.4626607983487375,0.5760263417276247,0.6346846421457042,0.12619937162492448,0,2.444665593618342,2,1.8465520415892478,0.5981135520290943,2.3270446882591003,0.5156276066500922,3.1616092477930455
1,0.32923861621617667,0.3512876281073627,0.9858208613651325,0.0,0.0,0.14463894982144346,1,1.2483177957513347,3,1.2483177957513347,0.0,17.7015002209915,0.9999999994733603,0.0
0,0.42773813764467983,0.6229103757475084,0.5128781867255222,0.0,0.0,0.20946842471243074,0,2.1265765537735266,3,2.1265765537735266,0.0,2.5739672380206944,0.30180637040188385,0.0
1,0.30512271418388326,0.7063938427325,0.4845426918589153,0.8790453404284639,0.7849557005957589,0.03339578799240765,0,1.6641014409353132,0,1.6641014409353132,0.0,2.161716239482579,0.98842113912881,0.5898840486097242
0,0.3202570050115433,0.7070209109433089,0.30330038672809045,0.6760392841176236,0.0,0.10942896364092568,1,2.0570849365131494,2,0.1602459287103774,1.896839007802772,0.2506137127537869,0.2823345827097329,0.5229791967173099
1,0.15729732180655098,0.6515566876072283,0.13580767671164162,0.448427435968326,0.0076546274439160955,0.15216867477658474,1,1.6361816075607831,3,0.2878750622748407,1.3483065452859424,1.7608410643036567,0.5956905515042406,1.429704772778538
0,0.21730592521608527,0.955697203290644,0.03944714370135061,0.0,0.4654180776874286,0.28268363293678556,1,1.29778664624447,2,1.29778664624447,0.0,0.2842514177993424,0.1966702774545257,0.0
1,0.7220850279843946,0.3129567802468284,0.40960295414337844,0.6875560934252682,0.0,0.0699115862665441,0,2.4999613274678834,0,2.4999613274678834,0.0,8.697902095401657,0.9892625246455649,19.14038155287059
0,0.24910870138310515,0.39269792679473847,0.9737029830247445,0.016419739204931227,0.5247689995764403,0.1390406985420652,1,2.9403088258138124,0,2.9403088258138124,0.0,1.4985925512240525,0.5373033693406182,0.011785753639306711
1,0.22589026056080785,0.32454470762593324,0.12876603089961902,0.9091888666257529,0.13702901948924084,0.1742433899757446,0,1.8029542186120247,3,0.0008167490420428469,1.8021374695699819,0.25690702707004337,0.785620921149295,2.572118638883148
0,0.06246602540515056,0.16054496268396046,0.2520443210974509,0.37370177326496434,0.9251291717534645,0.27734966343154344,1,0.7867293202221898,0,0.7867293202221898,0.0,0.9023269308243775,0.8305705965815916,0.026039429251078643
1,0.9103079076148466,0.6205315414562149,0.16058192151313921,0.9992416233127617,0.0,0.26635213478656317,0,2.166879225345514,1,0.0006283317779196551,2.1662508935675944,0.08117177400098803,0.802743076705171,106.95241109703875
0,0.804248867387335,0.5384654066923589,0.008059782076605182,0.0,0.30198451698448814,0.07928478402426355,0,1.2009009528872996,3,1.2009009528872996,0.0,2.833293687561095,0.16047343994149188,0.0
1,0.1665550236130019,0.8982829683808248,0.7288775445049205,0.0,0.0,0.1247809000631933,1,1.0631824927302091,0,1.0631824927302091,0.0,101.54395290667365,0.9999609890216804,0.0
0,0.21933876956989717,0.6394657931688817,0.0778412413989582,0.0,0.0,0.08616325894588514,1,0.34138492776080137,3,0.34138492776080137,0.0,0.48668800914049576,0.35376117736344626,0.0
1,0.7139381322252196,0.7761775550036646,0.05169553460404208,0.0,0.0,0.21764686299686586,1,2.1163187153644167,3,2.1163187153644167,0.0,40.58567718644486,0.3907048543583622,0.0
0,0.24336801253880702,0.31637673536031197,0.8242739045356117,0.0,0.0,0.03563834558657253,0,0.9797544365789705,3,0.9797544365789705,0.0,0.4267532524218585,0.6204820990480524,0.0
1,0.6816828298213856,0.4612162225505949,0.8098247980985505,0.7226694130985581,0.0,0.16871081098552534,1,0.9830117810063942,2,0.07115025867005376,0.9118615223363404,46.81241192556253,0.9999988197443781,121.98401420466735
0,0.42621385252211164,0.3544235848006675,0.3735642496114382,0.571369364064252,0.5132795754322237,0.25227763554093274,1,2.7745398314826226,1,2.5497603684338404,0.22477946304878227,9.190978238557745,0.5110362827368475,5.034626139566974
1,0.05232209493419682,0.5131987176524976,0.49693560254595626,0.6640745345886454,0.42146388190502904,0.28766657259993167,1,0.5585739301518576,2,0.20492676914361022,0.35364716100824745,3.623471199634367,0.9953809180086908,2.5240361040640464
0,0.35095205661284523,0.09317650565648006,0.5983316043212429,0.7032004494753571,0.0,0.07665663123468285,1,2.797546692028523,2,0.06867173865972034,2.728874953368803,0.6375648606791785,0.8633271429743397,1.5105679769621718
1,0.29848628817517564,0.8140955826641452,0.5952026414653664,0.0,0.16252199048728833,0.019341599690217336,1,2.3676994658848702,3,2.3676994658848702,0.0,15.46473443428697,0.9991543117780163,0.0
0,0.971151900124082,0.2538919325434553,0.544475392287967,0.0,0.0,0.26018541685308794,0,0.11389760098538865,2,0.11389760098538865,0.0,41.07091295478038,0.07815021983557346,0.0
1,0.4783512171426352,0.6595671536651666,0.32110665221991097,0.0,0.0,0.030308997653398513,0,2.175177976579314,1,2.175177976579314,0.0,2.9510110607584426,0.9175021610710171,0.0
0,0.5418008414791908,0.7849628754174468,0.270679996797907,0.7718539944431787,0.9448923027661442,0.009231284193646196,0,1.492553047262913,1,1.4476533447131958,0.04489970254971709,0.08752734692567983,0.19856956741698228,0.0041839870580902445
1,0.40311262266783043,0.21398895444215382,0.33885517538420573,0.35957262116835564,0.696430557146434,0.04087481199106148,0,0.6398885709421559,3,0.4554252271877384,0.18446334375441747,1.2642757400967721,0.9768152761128537,0.16606577963746114
0,0.37694262794830224,0.8931020428619463,0.9736109558571784,0.0,0.0,0.232125692318073,0,2.373378454226551,1,2.373378454226551,0.0,0.8763320820865985,0.20890930252730233,0.0
1,0.11005701476114627,0.6219217253801645,0.21137219719864309,0.11386149618026942,0.15550378349026672,0.13509299263056404,1,0.744382449640385,3,0.5593220177579239,0.18506043188246113,2.310869387580162,0.7696674622774963,0.24724369491175938
0,0.11672253985849268,0.07049870119454404,0.45364630823853547,0.5030452347547005,0.0,0.08836137830605119,1,3.0664824311131578,1,1.3725410582268533,1.6939413728863044,0.41445833044891883,0.9209218091469348,0.4195377581977813
1,0.034633023411783204,0.6383371214625867,0.19322684751244135,0.0,0.7844907083006399,0.29048338452664363,0,1.2924613785172214,1,1.2924613785172214,0.0,0.7004297214449973,0.6948782125558954,0.0
0,0.8847280014016745,0.7571205896683701,0.9668721538972208,0.8628469977386605,0.0,0.17677536927801085,1,0.8285885325953661,0,0.8285885325953661,0.0,0.44750243752791635,0.0879054147046261,2.8152948046003927
1,0.4946469936666472,0.4494121592281607,0.49980471147097427,0.0,0.49164813703129184,0.007568152955892499,0,1.8383849586037866,2,1.8383849586037866,0.0,0.8238201695739978,0.9950295223932668,0.0
0,0.1986853751490718,0.8258433590373176,0.5466861906496804,0.0,0.6291793586103928,0.04161826514844657,1,0.7915541612179956,1,0.7915541612179956,0.0,0.1273633099706566,0.2589217879547622,0.0
1,0.9616721067001328,0.8804468550344993,0.6832803897503263,0.15583534350137873,0.20887172501667028,0.07017678862313387,1,1.9012104079170742,2,1.6197077675031015,0.28150264041397266,69.94167740531756,0.9999354282600117,10.100675624314157
0,0.5544542808042112,0.8210518798941063,0.3771936627402631,0.21578523841651798,0.06773317957300806,0.020888713781122722,0,0.3474611916804277,0,0.3474611916804277,0.0,0.13913918746005138,0.1849399759709568,0.03504704184199716
1,0.5027436270108087,0.4361608269343895,0.8669211748710642,0.0,0.10788414674255264,0.17361110769807034,0,1.1532547228431642,3,1.1532547228431642,0.0,40.27071181626797,0.9999988654346819,0.0
0,0.9643610366740445,0.4543401786346888,0.256653728932261,0.0,0.0,0.03496796823755851,1,1.238061198777314,3,1.238061198777314,0.0,2.3302376017833333,0.04104535007595822,0.0
1,0.39435709731784296,0.6953604657983351,0.8223012814957229,0.43094530059481984,0.0,0.1384823476116068,1,2.0276096923541527,3,0.408166354030119,1.6194433383240336,80.4412380274575,0.9999984857616624,60.918174541388495
0,0.14430141452833378,0.10727650214369411,0.4291614983604839,0.4474896169065493,0.0,0.18561148249121848,0,2.902653834919432,3,0.7188490135907395,2.1838048213286925,0.9712185757404597,0.8768605136328772,0.786610065058476
1,0.5356839430904086,0.39302848349194897,0.18073152985669128,0.0,0.0,0.16119614771436436,0,1.2645969841359883,3,1.2645969841359883,0.0,11.365757770932426,0.8339811565055244,0.0
0,0.5010970332225883,0.5167428119721342,0.3164894422340394,0.4406376770655611,0.0,0.13592512914866192,1,0.6204365933072326,1,0.34825928425881386,0.2721773090484187,1.4875827860144615,0.3274184198420874,1.1718433587615005
1,0.8571362154919776,0.5158783067461112,0.8579688151511755,0.0,0.5999132452003233,0.28447320562214223,0,0.8274354951301065,0,0.8274354951301065,0.0,284.4732056221422,0.9999986475853506,0.0
0,0.566584867330037,0.0956026889326047,0.09530190405945838,0.9415310177155815,0.0,0.2903339677446235,1,0.4352294097599953,1,0.024781635600849672,0.41044777415914563,1.0704302983784513,0.8039249691358157,17.23723055967126
1,0.6691684569439745,0.37432068999172774,0.4502796978192575,0.12864630869227356,0.8804064442622804,0.22260850255471124,0,1.4208397975979548,2,1.389986745623463,0.03085305197449184,41.94777056026356,0.9923733446663412,0.6607151992671498
0,0.7700742383158969,0.3433891274634461,0.12466261424877179,0.6997412898719783,0.0,0.2956088244146216,1,0.25567518708945924,2,0.022973646363637405,0.23270154072582183,5.447345293467208,0.3053877447712404,12.694827138914905
1,0.4315829444158297,0.8532936890602845,0.8733251765117488,0.0,0.6852007235290248,0.1790533603968756,1,0.5290359181481216,1,0.5290359181481216,0.0,179.0533603968756,0.9999996869054325,0.0
0,0.14664722819381049,0.5077127916145627,0.8055031407830271,0.0,0.0,0.2708866173325436,0,2.501994686214185,0,2.501994686214185,0.0,1.282077648308188,0.46397005262134505,0.0
1,0.998054709723176,0.34800041632020273,0.4835264913464471,0.4044271593285327,0.0,0.030770708453367376,0,1.5594885701046166,3,0.348936260611864,1.2105523094927526,16.454281656794336,0.9969643253932272,11.173374497309783
0,0.013667547786253897,0.22055283812187687,0.9134873023648017,0.0,0.0,0.15530513467095194,1,0.6537007708760798,2,0.6537007708760798,0.0,0.10033807445416734,0.7770722836382162,0.0
1,0.3491543112579307,0.6115752435421833,0.9169869335974371,0.08881077952387983,0.0909245507413543,0.2093294753090096,1,1.7108162655680565,0,1.7108162655680565,0.0,211.1108440817857,0.9999999556619619,18.548892142397225
0,0.4709853926919525,0.7769881291174165,0.2938829460711164,0.6639332211016846,0.0,0.07703272735471618,1,1.4764907388534099,3,0.050218602839449344,1.4262721360139605,0.21148293268572882,0.20401336778496104,0.41780548843999565
1,0.7392077193461957,0.4983702935585118,0.318091543818652,0.6261613665937582,0.0,0.14877350803444353,0,3.110559286501316,3,0.006415240509430757,3.104144045991885,12.450601912265164,0.9488987752310649,20.85414724867932
0,0.7909927769103137,0.3277924978523602,0.3896664929060092,0.0,0.4542424215628008,0.27553945209386954,1,1.983077126471412,0,1.983077126471412,0.0,18.771423840531668,0.3000205151194326,0.0
1,0.4870876860365839,0.43108169848833666,0.7466973099263968,0.0,0.0,0.028970967638658026,0,2.6194917661226604,3,2.6194917661226604,0.0,5.141076839945892,0.9999677455903432,0.0
0,0.49955691347972864,0.8341043752834635,0.19634761144503177,0.494037815817687,0.7168404101304908,0.29112689671006814,0,1.5186872142098706,0,1.5186872142098706,0.0,1.9958110095430917,0.19543536511256676,0.3378174699167572
1,0.6143499325300451,0.06288552273788173,0.8391298313399141,0.12659066405402108,0.2077232134218635,0.27001806926292093,0,1.2497539091860623,1,1.147774343073741,0.10197956611232128,31.62265932135559,0.9999996508414484,3.545511540117905
0,0.505977190528694,0.8417576369103553,0.9474500501907448,0.2998601442798372,0.22469962432680546,0.19344883413027003,0,2.612359977484658,1,2.406017253106197,0.20634272437846102,1.6552091707362946,0.19162423020425345,0.5226374678344683
1,0.42516533110820687,0.9044857157079337,0.6375486483012781,0.0,0.8338118425571375,0.24815280001167522,1,2.9736661371724367,3,2.9736661371724367,0.0,248.15280001167523,0.9996787477934871,0.0
0,0.6185722337146423,0.6833405806453888,0.08570441381119687,0.8762154548681231,0.0,0.23792172608549483,0,1.662383874158237,0,1.662383874158237,0.0,0.5358556541054473,0.20592951944398552,3.7930826114474976
1,0.966870735185672,0.8751335827667426,0.9964174506737759,0.0,0.0,0.040966548216469674,1,2.4696853809306547,1,2.4696853809306547,0.0,40.96654821646967,0.999999999853137,0.0
0,0.2510094919298158,0.42570440627892825,0.08401605107376364,0.2601202811711022,0.0,0.27725213722812087,1,1.6035300448010008,3,0.7311711073146563,0.8723589374863445,2.1832679742717547,0.50259248767012,0.7675737892077092
1,0.6355611208443616,0.49367106536373895,0.4497685666974085,0.0,0.0,0.13362206435409432,1,0.7430364502828588,0,0.7430364502828588,0.0,101.45408379361406,0.9935403500415054,0.0
0,0.8442095169421175,0.06550521739023718,0.2039244890424703,0.0,0.0,0.14047779879608838,0,0.6798761282420249,2,0.6798761282420249,0.0,31.50047855730095,0.6896819944590751,0.0
1,0.5466187004957186,0.4745236063285494,0.7120884383112389,0.0,0.9478416159756987,0.23666550813229403,0,3.099195902053352,1,3.099195902053352,0.0,68.0060482445264,0.9999223301388258,0.0
0,0.38949466610474204,0.7107686910435863,0.15200503352155348,0.0,0.0,0.2967211457130511,0,0.2231102050577624,3,0.2231102050577624,0.0,2.6316496056157788,0.2731601978507212,0.0
1,0.301997315419991,0.02477174062827847,0.5102905993021448,0.0,0.0,0.08921175945598452,0,3.114164698260821,2,3.114164698260821,0.0,1.1326752940287177,0.9997304923892321,0.0
0,0.6715597691472576,0.8439316688997379,0.9523312787318776,0.6087385404099508,0.0,0.15536139855008196,1,0.35739556655109106,2,0.05453259542833391,0.3028629711227572,0.5001624794252684,0.13292454979432822,0.778170633039532
1,0.6003277578745095,0.1474489730191304,0.4865076844052125,0.821585016934263,0.9931023959915068,0.25029137973761983,0,2.7022909824495347,0,2.7022909824495347,0.0,22.196555618681476,0.998157997008999,0.12655848602062925
0,0.5065311242206596,0.9985572593364395,0.4313122046749033,0.7904754881912016,0.10767496669903986,0.0483462489358793,1,2.2688495525878807,2,0.05007201070268785,2.218777541885193,0.0006355659630690114,0.1254828044692965,0.0023978068751839047
1,0.13999820327485835,0.05975162563430114,0.21458980501766367,0.3950866070718968,0.0,0.06765612417024083,1,2.979047632958446,3,1.387845681470401,1.591201951488045,0.7283888082173071,0.9786776518995944,0.4757320076428231
0,0.3752971126992113,0.17031909230494746,0.8231963444275274,0.7384417886070095,0.0,0.026663121028563355,1,0.7021815505163914,0,0.7021815505163914,0.0,0.19849284286549454,0.7526671996327757,0.5603930732308638
1,0.06240159449443572,0.15848155989876922,0.9653196831317518,0.05850140538194759,0.8753187398439302,0.10884465748435519,1,1.3993922838764767,0,1.3993922838764767,0.0,0.612146650526131,0.9999999985176782,0.004498654483798421
0,0.6308276329899904,0.26168736437191764,0.07918436928470429,0.9035002390100663,0.4425094294075297,0.06818431991327373,1,2.40855346501124,0,2.40855346501124,0.0,0.41252480626190036,0.5101798955993962,3.8623542403808413
1,0.2080837677397821,0.09785008926286654,0.32574234969191596,0.2976805942246791,0.0,0.0475202730199997,0,1.8345319485367713,2,1.0312059092415318,0.8033260392952395,0.35959013355907943,0.9861870593916321,0.15241356533076153
0,0.4733441638442637,0.27395180007702813,0.7389802575801495,0.0,0.046162051029125295,0.29029024904925926,1,2.806907434577396,3,2.806907434577396,0.0,9.120200186928122,0.5826000897151871,0.0
1,0.6419402618014892,0.029183377859954285,0.4752708784667642,0.17292038100210494,0.46158638811541386,0.1368792864845753,0,2.7642683716267773,0,2.7642683716267773,0.0,12.20191148906261,0.9995814563201627,1.2536922548782927
0,0.3404041634061431,0.8970633048177076,0.36536006396762677,0.0,0.558466625969249,0.2746977255109517,1,2.07652664152824,2,2.07652664152824,0.0,0.8360814997650997,0.18862679574132613,0.0
1,0.9817711331881165,0.13481925188838995,0.13743358902396008,0.8200889153015805,0.7219611171408051,0.2004301910028477,0,0.07846068562850725,2,0.04674502654549233,0.03171565908301492,70.12001310773657,0.9594372505124753,20.77361819014476
0,0.171251778734689,0.9395321423105126,0.042185131853956004,0.0824749759127602,0.1593590982016958,0.1419799700477905,0,2.046062273770497,3,1.834729641122387,0.21133263264810997,0.19213992998224586,0.25728832706826577,0.014431623485049911
1,0.9544866254738269,0.10667856438790502,0.581996746688038,0.0,0.0,0.15415157105214009,1,1.029408105036068,0,1.029408105036068,0.0,154.15157105214007,0.9999172123313389,0.0
0,0.966545179800307,0.48464085208058527,0.09420475435030096,0.0,0.14256739890764858,0.07315799529489807,0,0.5909505986010383,0,0.5909505986010383,0.0,4.3603704563477805,0.034353183032006296,0.0
1,0.17273755931177137,0.49072265280083516,0.27639602977745825,0.0,0.4853001404850473,0.21808329684577626,1,2.603184415561982,1,2.603184415561982,0.0,7.911330356793445,0.9037909658608106,0.0
0,0.4709217662283174,0.21385205610688918,0.27061608159210393,0.0,0.0,0.15371686155092593,1,1.1365308365071685,3,1.1365308365071685,0.0,5.421668092683636,0.6604368521439259,0.0
1,0.25510012933059634,0.6552566848782239,0.23622424594786484,0.4581046309457345,0.39973178152988187,0.18844359034031818,0,0.05161851957626904,0,0.05161851957626904,0.0,3.7260831352038855,0.7895148276557105,1.4133709070848035
0,0.5169961695634498,0.8684372216506072,0.7034961799410808,0.0,0.0,0.09117479927072632,0,1.417607804374483,3,1.417607804374483,0.0,0.5345549136465604,0.18181487493186765,0.0
1,0.9547281667445551,0.21664346197795037,0.07273351024624508,0.5112443251953804,0.0,0.1769464904063066,1,1.6407544901154465,2,0.3886728799095689,1.2520816102058776,60.84116729147631,0.8993102660390608,63.64059410351437
0,0.0020002647210146662,0.9851319449784647,0.36119019270729436,0.7886207556177636,0.0,0.03506970443272097,0,2.1875898953132005,0,2.1875898953132005,0.0,0.0001011960462832365,0.33363218425938646,0.00037754559450077545
1,0.7528674316574308,0.11586062399252706,0.15463613984666436,0.6256024891256944,0.8693056017048305,0.10466476979495193,0,0.8831123134606297,1,0.8171112947433231,0.06600101871730657,13.061175403860046,0.9510622537333432,1.2352010474292625
0,0.7138694337954347,0.5468361802485929,0.7331550100006132,0.0,0.6344750912361947,0.05209066994833739,0,1.7523255791770544,0,1.7523255791770544,0.0,1.5127291509152219,0.2108904797183888,0.0
1,0.5229603498804625,0.3377903528202042,0.6676990975114279,0.0932991635698679,0.39817061758918537,0.16274315539195078,1,2.4585374928264474,0,2.4585374928264474,0.0,148.5407574028652,0.9999469101507255,8.841575825744696
0,0.957029834128038,0.0995602879785441,0.9465537408405801,0.38895649597846893,0.0,0.08993936679431573,1,0.1435385349997099,1,0.08773435572169892,0.05580417927801097,20.572080777207088,0.2798653974959743,13.095048718178562
1,0.7183712429058423,0.43082437658953876,0.8249659843583328,0.0,0.0,0.14812663801347326,1,1.00574961404106,3,1.00574961404106,0.0,148.12663801347324,0.999999340703685,0.0
0,0.8749299882027974,0.10896943467321663,0.5108590151103826,0.9417729714612968,0.0,0.24950341882085791,0,2.3726070410824374,3,0.00015240139615780614,2.3724546396862793,3.0830866576514886,0.5056071899850427,49.866320774365704
1,0.48038947771012064,0.164280169478227,0.24541910690357605,0.5637603579889892,0.0,0.013448459330197522,0,1.177474898654598,3,0.09552016900135586,1.0819547296532421,0.26647395163849774,0.9568645568690861,0.3443690941931139
0,0.5008109267883478,0.7097456383549522,0.0432596766665192,0.7493956315144369,0.08649101376178758,0.05612634987616184,0,2.8043910240100063,0,2.8043910240100063,0.0,0.31261004240154033,0.2371332824859944,0.9348145108522042
1,0.5442318820538198,0.7016386465610104,0.049501345082608283,0.0,0.2212278542340652,0.23923637338882717,0,0.10335192600822092,1,0.10335192600822092,0.0,18.124889799142714,0.4011393463083235,0.0
0,0.1414243334083667,0.15375755610683906,0.33889837422279245,0.04549199378596602,0.9785255795492118,0.2929901031671413,0,2.46721639012054,3,2.465381741496097,0.0018346486244431581,2.391737649730196,0.8253391616447598,0.0023391267110126988
1,0.17377521410584174,0.6921693282827128,0.29598722611746686,0.05918518469441747,0.709153354792266,0.04523552709205454,0,3.0562559838419667,2,3.053190179147078,0.0030658046948888185,0.8388344227976927,0.8649984808613993,0.01469284383663078
0,0.4877617965552802,0.6424681236484162,0.8707725453204402,0.8979076461700107,0.0,0.13896087910048252,0,0.45250481414182486,2,0.004600153368828526,0.44790466077299634,0.19283033556098905,0.2702999120858921,1.6959529898005017
1,0.6861590221381734,0.8736583527218621,0.6069568003765545,0.407943056704672,0.7594017287864443,0.09099686239408417,0,2.8250553017853393,0,2.8250553017853393,0.0,101.45051160760899,0.9987926960140199,11.068811893367819
0,0.1804072679930152,0.43299836388985813,0.09874652398735972,0.0,0.0,0.23409554166939683,0,2.238683548447512,2,2.238683548447512,0.0,1.6004689766986457,0.517662774761408,0.0
1,0.3796800535722319,0.8439853864519559,0.16129170951202576,0.11947139186743527,0.8627319728346979,0.21754937581223968,1,3.0490274592478226,3,3.044246012207051,0.004781447040771436,20.34586335124904,0.5860437743427501,0.3392720601238472
0,0.9463169128065918,0.6792981699215421,0.16442427662579384,0.8781389331668994,0.0,0.06616015917511099,1,1.9066259099980023,1,0.13644571141884,1.7701801985791623,0.21968912562220827,0.06342138885513582,1.5830944157617821
1,0.32354947299216097,0.11287652426660078,0.3267317960874536,0.0,0.0,0.19613007463411594,0,0.19498083834146987,3,0.19498083834146987,0.0,3.8677008787401936,0.9852590982330544,0.0
0,0.0785340419646402,0.5953135091841982,0.2378971395091679,0.9888875252064102,0.12675873638708035,0.21678043577243158,0,0.48094327652124247,3,0.0008818171438213541,0.4800614593774211,0.059887705690536065,0.4365980162728559,0.429995247738235
1,0.007960745730695828,0.35314088495767637,0.09542643822571939,0.2545102076858199,0.0,0.13604651626195205,1,0.11379671149712246,3,0.047170816564723814,0.06662589493239865,0.06413413723948032,0.7245296687634306,0.021895393816059008
0,0.12779025050665682,0.06369534951379974,0.6591856195499618,0.1857770930702024,0.23030758173801757,0.18616734266383084,0,0.10164974343771764,1,0.08712958497810971,0.014520158459607926,1.3016492305894454,0.9276476476998098,0.21720669633834613
1,0.06413150693888192,0.17952927175847844,0.5365873175156104,0.0,0.4118593414802729,0.13264687828699206,1,1.1493452772120645,2,1.1493452772120645,0.0,1.6919923189133146,0.9992407977265108,0.0
0,0.4811133491796046,0.5236913188980923,0.8240692519727464,0.0,0.0,0.29709285095372734,0,0.03873805660579373,1,0.03873805660579373,0.0,5.349593533549296,0.33443946909082434,0.0
1,0.8697533691413157,0.745873654884808,0.42501219698554704,0.5597954980262564,0.0020333162523517023,0.21894736586161306,1,1.9924014535031755,1,0.8148576904857385,1.177543763017437,104.83501080476859,0.9884887976032919,133.31569036870908
0,0.15688568695999872,0.9481707895273396,0.14708382245274543,0.43031066476183477,0.5229238277109293,0.1982644967252081,1,3.0852121588606187,3,3.0033603431733393,0.0818518156872794,0.24773009630399015,0.21806212533342528,0.0647453997281844
1,0.4476060397524897,0.4586386912869258,0.23414579621694132,0.0,0.0,0.1381911026255391,1,1.4782440953266867,1,1.4782440953266867,0.0,16.763597840556905,0.8811193690656424,0.0
0,0.6215572395741121,0.8246493445500802,0.5932841731388964,0.0,0.5788546319762864,0.2735275995919257,0,0.5062996989618314,1,0.5062996989618314,0.0,2.46932050560807,0.16700157082923772,0.0
1,0.7697092676268206,0.5747734116787565,0.30274900670811156,0.2504412319358569,0.0,0.1947126115540647,1,0.5958967331402876,2,0.3387719473497494,0.25712478579053816,98.20906506456592,0.946051877304567,32.81343677102295
0,0.7868951415386092,0.49352532014068007,0.29146179485420454,0.0,0.0,0.05415664455086131,1,1.2390812016170796,3,1.2390812016170796,0.0,2.155994737986444,0.1821414379178753,0.0
1,0.22556556763616642,0.2918128920781222,0.9395306625539017,0.6496387390405594,0.0,0.29839790597222693,0,2.608208693421576,2,0.1645593350980078,2.4436493583235683,0.586478077638764,0.99999992814863,1.0874457917774305
0,0.3447354729119314,0.9192974517274997,0.7842896088307816,0.0,0.0,0.14119919106334783,0,2.725962902896082,2,2.725962902896082,0.0,0.3886916792296594,0.20934141542754314,0.0
1,0.29646234557166207,0.8632811069577067,0.7949077796880465,0.0,0.0,0.1202590322001257,0,2.837050191961255,2,2.837050191961255,0.0,25.349413929108096,0.9999780522917897,0.0
0,0.7584909838184523,0.5618432303469755,0.24029843886365798,0.0,0.0,0.0692396358468864,1,1.2126498538293384,1,1.2126498538293384,0.0,2.091167842248425,0.17695481519198208,0.0
1,0.5856200497876193,0.01856893785586744,0.22742057389992743,0.9519862621091207,0.4309236443813351,0.2135049402887847,1,1.8154596559219836,2,0.0023757514533677623,1.8130839044686158,1.2589333992422893,0.9953353625270506,24.961341350111013
0,0.5597395393137137,0.295611189098946,0.6593384995741407,0.8140993961639663,0.5035887925471461,0.018506094446384954,1,1.9242817376177457,0,1.9242817376177457,0.0,0.1745466286771213,0.5119718814445746,0.7643778561033223
1,0.05500485640111075,0.9509786815940867,0.23472331563589421,0.3480966265346752,0.8362758950796387,0.20137351494889605,0,1.1881053672898612,0,1.1881053672898612,0.0,1.1382064433825168,0.6653421486914283,0.06935690614073874
0,0.7479082251011135,0.5947815057039497,0.5806853443140543,0.08457319224928106,0.0,0.09971102041888644,0,1.0170348868494468,1,0.942235944552267,0.07479894229717976,2.5287603553596076,0.1777860958987425,0.23362363203200656
1,0.6039823722886403,0.42647053674077096,0.45299646933001325,0.29172023030838423,0.0,0.09226253837047668,0,1.9585471734395374,2,1.1490929342166856,0.8094542392228519,11.855778478476422,0.9911403641315463,4.883056916523516
0,0.49285666819913887,0.8487161680013164,0.9751960622256443,0.4408794508103575,0.0,0.13785496389343752,0,2.341775856662881,2,0.8255415645704889,1.516234292092392,0.5363159456244025,0.19294813089217222,0.42289749484332556
1,0.1550444795327789,0.7147805784188666,0.7897023946128714,0.6885223563858179,0.0,0.09538676371015424,0,0.7818784274428235,2,0.07356954413409522,0.7083088833087283,0.8378433593748729,0.9999760874184273,1.8520555035197115
0,0.621313028160035,0.19934589632843513,0.5796186091048952,0.18287362170959676,0.0,0.027349194100989148,1,1.7858197794084785,2,1.3404676508627031,0.4453521285457753,1.5132129972779962,0.6033258304809087,0.3386584359315761
1,0.7882901962517603,0.22546221248255016,0.9966133392462702,0.0,0.0,0.18555888117970296,0,0.9418637525863763,1,0.9418637525863763,0.0,15.392682826794763,0.9999999995777016,0.0
0,0.5669543298426768,0.2157016636997936,0.5300355842759703,0.3132405722553526,0.5852356423248783,0.285936101118859,0,0.40693207676247534,3,0.26882730307792946,0.13810477368454588,11.964013097192588,0.6115853652463183,1.8301101274004958
1,0.29521463893765176,0.46618062979952646,0.6227333862228478,0.6750491370725773,0.5612541640587986,0.2058112570019165,1,0.7719115876101481,3,0.2397146682185244,0.5321969193916237,41.36315066683988,0.9997387064324599,23.948592538857827
0,0.05039770988647696,0.5541570656163058,0.5434301971246269,0.0,0.2994345426205427,0.280353580034798,0,2.153520592592428,3,2.153520592592428,0.0,0.4210750573374413,0.46762205867030526,0.0
1,0.8014511600742933,0.3749908294024673,0.9184985523078667,0.14741859478888086,0.17194505555745498,0.246311283733123,1,2.1561798157364747,3,1.7583661579330816,0.39781365780339306,250.4722294378413,0.9999999821892991,36.011907389474686
0,0.6062003198467962,0.7611696558169325,0.6993850283796077,0.0,0.0,0.059096005947880816,0,2.4700202814903967,2,2.4700202814903967,0.0,0.6969105796479055,0.18666377198232031,0.0
1,0.7318695165629767,0.8316579362151671,0.7121276046733894,0.0,0.0,0.14939290505569566,0,2.7329560974453324,1,2.7329560974453324,0.0,149.39290505569565,0.9998834322760517,0.0
0,0.06185351043626841,0.4839781775617161,0.16321694890442673,0.27472846335454715,0.8721117245910094,0.19364195265069178,1,3.1047006053769746,0,3.1047006053769746,0.0,0.3993357085289386,0.5000650170471015,0.014541485015707505
1,0.1531535124308976,0.6475035999987176,0.5820141119366565,0.9934507767319158,0.0,0.17421026914961338,1,0.07426005190411224,2,3.182316704421109e-06,0.07425686958740782,0.18286021730034768,0.9989917183056742,27.738041211036464
0,0.2551561703332428,0.5765038192986915,0.30426636590675615,0.5481086789655152,0.7630583726094501,0.20253764768101168,1,0.05154117871123676,2,0.039024228621998294,0.012516950089238463,1.3282681619146677,0.3816886194593936,0.19836181017976132
1,0.396527682377533,0.022005379166954886,0.624906526621827,0.9261320934180031,0.7459574710156163,0.21686393316144625,0,1.0350901572361533,1,0.7883145987928627,0.24677555844329058,3.4765264927904806,0.9999727312768973,1.6087394480549337
0,0.746577891632114,0.68634298883747,0.035803903136729986,0.2916032369175504,0.7532772297011416,0.18044202607003376,0,1.4846360955490523,3,1.2485963549653176,0.23603974058373467,3.4504769395273067,0.15687330796143428,0.31252544527799014
1,0.4731681705520928,0.43946104592531854,0.5115749087540388,0.06881695323662718,0.5855204874863864,0.24417684207780377,1,1.3562207653031768,1,1.3277026357644683,0.02851812953870847,111.30329469763105,0.9978103728636876,3.275624280601077
0,0.22662582577314394,0.6060289765572182,0.0486470664019768,0.8105725438603865,0.9884483383459103,0.1880913578432269,0,1.994702141316851,1,1.9860251356454117,0.008677005671439364,1.2075591295984731,0.38128090223309297,0.011564326696329485
1,0.9614596514385265,0.03301760590063452,0.9268044018334561,0.0,0.0,0.23959692929375068,1,0.544167021628263,3,0.544167021628263,0.0,239.59692929375066,0.9999999990118523,0.0
0,0.7061492991402628,0.08933189956762888,0.4676287497155295,0.0,0.0,0.18453917364232345,1,2.6884684796789178,1,2.6884684796789178,0.0,19.94851427839832,0.749723169439448,0.0
1,0.4117476578424657,0.020353624402138948,0.22134659698900272,0.46086100565399224,0.0,0.1257605462454589,0,0.9155385105622609,1,0.4963156441116279,0.419222866450633,2.0420864726766674,0.9931832880317153,1.74559442982192
0,0.24381612880577774,0.04506485867205656,0.14920130509440122,0.0,0.22351844777401286,0.1677393082901248,1,2.223049611548059,1,2.223049611548059,0.0,3.054428723544607,0.9412584227585618,0.0
1,0.9742217269352231,0.2434241713972164,0.5588215318958677,0.8657315203938004,0.6707679120964074,0.09668210873748911,1,0.17691155937869382,3,0.06413459866374654,0.11277696071494728,68.67041246906201,0.9996999883177871,28.05265168842498
0,0.7577723800834856,0.6726012829411523,0.8795162225329625,0.3497983233342121,0.7429842608137287,0.2717083502924324,1,0.0661320487152196,2,0.05477964309180955,0.011352405623410056,5.128840832728315,0.1454135680384161,0.5068646653377417
1,0.6777385481099255,0.6587115095773154,0.7010926619156135,0.9401629474797178,0.7945362333164341,0.17964225679725182,1,2.1120150250858156,3,0.0037334010916104873,2.108281623994205,10.749267369193769,0.9999613088286969,168.89305985857595
0,0.00655947056907169,0.8042189932971856,0.6450678682269657,0.6070883072779848,0.0,0.2668799342985244,0,3.0168486024071517,3,0.03413095014294367,2.982717652264208,0.022183878342515125,0.37588504136302836,0.034276335882288324
1,0.8690863737148998,0.3791950934473146,0.665822851440063,0.7957059081345237,0.0,0.29722958553872053,0,0.17681461713766372,1,0.03603347687374331,0.1407811402639204,60.72865681137862,0.9998664194341228,236.53229800550005
0,0.17539794569666667,0.9563953853607066,0.786593568081677,0.9545011962584858,0.0,0.2352784956619405,1,0.7822433704189834,2,0.0014779958720868222,0.7807653745468965,0.00914458898470596,0.2087993747267185,0.1918406728841072
1,0.6296531758740096,0.17134967651774313,0.09894663224466749,0.021419115022678348,0.7079970915850721,0.21348528724806684,0,0.7757006692443805,3,0.7625966438961651,0.01310402534821542,18.785100014618553,0.8873605759177485,0.11827365190107096
0,0.0529349300464772,0.5525139939401991,0.7119150673209115,0.6853914166283138,0.0,0.04356695624826832,1,1.7649164419800145,2,0.14308272891821572,1.6218337130617988,0.021209635079392563,0.4611399489148065,0.04620631032199207
1,0.06089913465866814,0.9275964748228971,0.02101546849925151,0.0,0.8900229046022041,0.19388615855544442,1,1.8796728915360734,3,1.8796728915360734,0.0,0.8509895418887228,0.10003501212781907,0.0
0,0.09334147535697312,0.36680225768478414,0.3767430040877141,0.04755529308777773,0.0,0.2983758622530198,1,2.247037262762274,1,2.2068610104232858,0.04017625233898814,1.1579544175888619,0.6101565888098326,0.057816334440294465
1,0.8679084695369808,0.29208630453355267,0.6579781277816508,0.9136708624576096,0.6397019075470689,0.010152601273088632,0,0.5157677898825259,1,0.3431994318435241,0.17256835803900183,5.98767874134522,0.9998782393073161,3.28431020751025
0,0.24231560107479233,0.6559270602296444,0.1179287567595454,0.46666757864426545,0.20467888447686777,0.19693351857181518,0,1.817270080839219,2,0.6922061692113255,1.1250639116278935,0.7155577344869701,0.34897261141799685,0.5950409703412107
1,0.3206714075502137,0.3990336553955791,0.5006967806093818,0.0,0.0,0.12300228464873013,1,0.7032267706093891,1,0.7032267706093891,0.0,22.84856505861078,0.9972453327121221,0.0
0,0.7302217469008275,0.911934132260798,0.6657519173370413,0.0,0.33642244085164597,0.16807646698450196,0,2.394502698090364,3,2.394502698090364,0.0,0.9042730850889902,0.13125906558641898,0.0
1,0.08023884957316285,0.49309349158997173,0.3734336169734992,0.0,0.39891315051648735,0.23403661219923697,0,0.5964649507715304,1,0.5964649507715304,0.0,1.2361298875693443,0.9565825636265313,0.0
0,0.020915462333267576,0.1949932412879367,0.48153949492303705,0.4516036328194074,0.9771673652484105,0.005256621746963839,1,2.0884217029332315,0,2.0884217029332315,0.0,0.00542912979267607,0.8016674154252371,5.666630022387315e-05
1,0.9951416140648794,0.022512739594922393,0.8730575657874332,0.12210911125636559,0.04641137723780642,0.14808316508645,0,0.4147145158553805,2,0.32523043579173905,0.08948408006364145,131.54498095825,0.9999999665417264,17.343656394541696
0,0.7249052737142608,0.9804306445748451,0.44314328326178776,0.16997610284341558,0.0,0.29605962713728073,1,0.2183330147797624,0,0.2183330147797624,0.0,0.2750105655792317,0.10363885476197465,0.05631792571040019
1,0.4481986573580129,0.7241630132367524,0.7245562107885564,0.33483696369771687,0.0,0.04109600071155475,0,1.3606857171113669,3,0.4272144366681083,0.9334712804432586,10.022382075281302,0.9999040054550635,5.045175092352158
0,0.08905667457162081,0.2304999374707607,0.06623313471893155,0.39367090437960195,0.8407795733567583,0.02732078198430105,1,1.5829594317788993,2,1.4453270481712253,0.13763238360767405,0.11914824911328231,0.752541983231779,0.008976267239416127
1,0.8565637176610369,0.2927954883057037,0.21158897200810256,0.0,0.026485598135600474,0.028035804332649662,1,1.6290456391318515,0,1.6290456391318515,0.0,12.597009662699033,0.9365942844381119,0.0
0,0.581529938821448,0.8052454854417626,0.8062189900801293,0.32420946763190606,0.17190315402202772,0.23399076401941546,1,0.26754663679996565,1,0.19596998896329546,0.0715766478366702,1.523016919195341,0.16437294017360937,0.5601852881809594
1,0.7328928638891278,0.7045349661542875,0.3492349781876447,0.0,0.10226224177248322,0.1821862568849978,0,1.9049156260553286,0,1.9049156260553286,0.0,61.284447682359215,0.9488603259225407,0.0
0,0.48523202339742155,0.8465313776623419,0.006824738653831597,0.19899324420036624,0.9957876492162853,0.012725057419154227,0,0.38937333024868076,2,0.38873711980330977,0.0006362104453709883,0.08108776416961459,0.19548291835215437,6.803448944370527e-05
1,0.20327673900273402,0.11532719150743787,0.38605413081644957,0.11293687411228259,0.0,0.26285432345981613,1,0.46422292978937446,1,0.41309085458752465,0.051132075201849814,8.080129876697086,0.9943183904481248,1.0287256724623906
0,0.03849811193238617,0.1913111442862847,0.7352118954239801,0.0,0.585955600923891,0.2143194915968769,1,2.076028434598635,1,2.076028434598635,0.0,0.4132088773968317,0.8025413775900478,0.0
1,0.46971399382173984,0.6237955173399709,0.11882931491465532,0.0,0.0,0.06489281356596752,0,2.4417523200827778,1,2.4417523200827778,0.0,3.9046775045517212,0.5998063187970247,0.0
0,0.4506902752441857,0.6315160150690499,0.11651885327378286,0.4814536950051336,0.0,0.01423395421765836,0,2.5898361600614015,0,2.5898361600614015,0.0,0.3430817618926012,0.2891181897308548,0.3185404666102086
1,0.33807662597678023,0.6848726925316099,0.33735675309354474,0.16609562804686262,0.3847571793529838,0.06286222144856483,1,0.16789183455508877,3,0.12160120990096161,0.04629062465412716,9.587741078680544,0.9398953843276194,1.0925897681836747
0,0.715085034989048,0.6714279698129639,0.4914783388114068,0.18105434028399958,0.7773754711083949,0.06207289493668843,1,2.346148689037733,2,2.2831785196404564,0.06297016939727662,1.2343515286316102,0.16279428994224432,0.0527156994513843
1,0.9300982367774893,0.04853347898285487,0.5400496856978991,0.8865156602394202,0.0,0.021487680819902807,1,1.4377784802073024,0,1.4377784802073024,0.0,2.683945153439917,0.9999088208680101,20.966411883507114
0,0.7749318789855695,0.6160283165220827,0.33172030049367485,0.7979624097354038,0.0,0.045805657914118225,0,2.035470353339108,3,0.010151018621053741,2.0253193347180543,0.24351278920904926,0.1591262110864261,0.9617717763519213
1,0.5363038565895493,0.4407769653415281,0.5108045103476182,0.6706906974740515,0.0,0.07488026898056327,1,0.0809212916342814,0,0.0809212916342814,0.0,15.00757191477615,0.9978868402970239,30.565303797089303
0,0.9116966263267344,0.9288326994811618,0.875149000879108,0.5852118952395163,0.3378196909210125,0.2803007441787967,1,0.8645956913265904,2,0.30708944439217045,0.55750624693442,0.7984010556103821,0.08426249552288523,0.6091436058387865
1,0.6572263831521811,0.09165990258927237,0.6836885449666155,0.6941143606224213,0.861183556383133,0.22820330782253587,0,1.8242351603976552,3,1.4174687380261208,0.4067664223715344,31.347221089261787,0.9999738662727007,9.367550066301064
0,0.8262146180071461,0.658713792549621,0.7367361869405831,0.0,0.7961742638006347,0.27841717671100485,0,0.45810091088611377,3,0.45810091088611377,0.0,6.91156626521937,0.12792088918182065,0.0
1,0.2812281818190012,0.4246788733154879,0.38084917060361034,0.0,0.8964879831460688,0.030034595599946503,0,2.8943367190925153,3,2.8943367190925153,0.0,0.7976560243271466,0.9697032601677799,0.0
0,0.4822778192403324,0.17420091298199636,0.19147871517202608,0.8489173412666893,0.0,0.2630732597550298,1,3.0401314028680315,3,0.0004998875991100199,3.0396315152689213,1.5783695545780323,0.7105024766570769,8.868690139838327
1,0.6613769361274779,0.17004437567634934,0.5469389913780538,0.0,0.9997774684467959,0.06909251528932941,0,1.5391724001036986,3,1.5391724001036986,0.0,9.804048068301295,0.9992668317192198,0.0
0,0.8447748129330015,0.5328520357728592,0.5506129807737214,0.0,0.0,0.13729871569753224,0,2.113430177853929,0,2.113430177853929,0.0,5.410172283973001,0.13506809442494894,0.0
1,0.9600434142493262,0.9426258761395355,0.04697399331809593,0.5957234867769974,0.7106329461659515,0.13284208597957056,1,0.6680527843902401,0,0.6680527843902401,0.0,111.46017710217038,0.4984732518326337,23.65037431063356
0,0.01834299730351263,0.23010720909196158,0.7005261461617357,0.23378429796008482,0.4733222039240752,0.2213223377265462,0,1.56681991944749,3,1.1453760029549014,0.4214439164925887,0.17654752688718806,0.7665966355955729,0.028740796867118144
1,0.44327342155245975,0.3791510300101496,0.8215405896094792,0.9158095920970672,0.0,0.063681178938433,0,1.6903077895328522,0,1.6903077895328522,0.0,0.6676573544046138,0.999995959675042,7.2626683327495405
0,0.19066492162649518,0.6985326940022711,0.7830059452693507,0.0,0.5508457648708602,0.07186634039346569,1,2.5674900896222543,2,2.5674900896222543,0.0,0.3121143385808062,0.32824740398389185,0.0
1,0.639210804304126,0.6671607258717169,0.9561383689590702,0.6495707399170281,0.0,0.10299618625941151,0,0.9261911134222008,0,0.9261911134222008,0.0,39.8993181753001,0.9999999463249017,73.95909126760161
0,0.2898348749810592,0.28724237095445837,0.5253864047743003,0.3851482425628957,0.523608295722306,0.220368261768024,1,2.5941233474959393,0,2.5941233474959393,0.0,4.228971585941887,0.6379684131417678,0.9639975733830618
1,0.13243429071347124,0.9064023551754857,0.49267347320397237,0.9808241176531476,0.0,0.13630079804106557,1,1.8716036388977249,0,1.8716036388977249,0.0,0.4429352197876009,0.9916703044493598,22.655622216882612
0,0.04018461209997359,0.06707304536975234,0.22629421727361165,0.6937051184274575,0.8548538117629376,0.13768442000662376,0,2.7157472344409403,0,2.7157472344409403,0.0,0.3581734453062693,0.9303144932180365,0.040456598285283474
1,0.6908788923132794,0.8598420189311341,0.9651467067207213,0.0,0.9868286929631275,0.22714375659491132,0,1.1461254085962593,3,1.1461254085962593,0.0,227.1437565949113,0.9999999583565932,0.0
0,0.5967258278582006,0.6223327961962505,0.2771735988953219,0.27159196158887977,0.6542566932459526,0.010874577467682688,0,1.5237982285018044,3,1.2077811788225314,0.3160170496792729,0.1894855549607294,0.23681446817606144,0.023367788243073027
1,0.12565091269718676,0.48301199739753364,0.3754371658067581,0.0,0.0,0.07125194195164392,1,2.7199160593041003,3,2.7199160593041003,0.0,2.5201924476913082,0.9710549194553737,0.0
0,0.5432907891386358,0.0760525824682553,0.6632202844242573,0.6269789777956488,0.11495855681979295,0.04921634615436705,0,2.266566555836092,2,0.2345538078962658,2.032012747939826,1.1174266981438237,0.8472925196244367,1.8781865022609154
1,0.34731291359865624,0.09330190627397295,0.16484570773970442,0.6725655326886523,0.7109353058974225,0.2705836951124345,1,1.3487645303441211,1,1.111399154235653,0.2373653761084682,10.079033648020832,0.9547669887586994,3.3870056712331302
0,0.43095901455928565,0.42570638501497016,0.6163182354034109,0.0,0.0,0.12152695952641925,0,2.8470203259741904,2,2.8470203259741904,0.0,2.3982011695778005,0.4342794767754069,0.0
1,0.20976624733041582,0.4271073560967483,0.7046218310092083,0.027525187579322652,0.38774075291267307,0.15876821667659316,1,2.1940816990071887,1,2.1800228124961363,0.01405888651105247,32.52186350325904,0.9999657893285699,0.5576145286434967
0,0.6226230441826397,0.6790929418463626,0.18492036993952887,0.0,0.0,0.08675585196767888,1,2.002595495380133,3,2.002595495380133,0.0,1.3780735942643325,0.19519756546316813,0.0
1,0.9550859402366085,0.4802839589858211,0.7013581701816792,0.3076709285724225,0.0,0.07897557083460444,0,1.660792257923123,2,0.879402802593455,0.7813894553296679,59.45917390003584,0.9999282015511977,26.42364736793642
0,0.5279474984109915,0.2011003465406106,0.8775196147858974,0.0,0.7570746070877057,0.08711996832513444,0,1.1826945068232457,2,1.1826945068232457,0.0,3.812910585522974,0.6522096628601821,0.0
1,0.42023180909152313,0.35770421628421223,0.534269139822478,0.0,0.44486135900820245,0.176759390765427,0,0.7700912032040254,1,0.7700912032040254,0.0,10.837479375266497,0.9976342644565752,0.0
0,0.9746969353962656,0.6288090579296824,0.7900396307825869,0.5555471855049772,0.5346827418077237,0.15706457811926544,1,0.6356791959967839,0,0.6356791959967839,0.0,4.196686930378014,0.04491100938502457,1.493213826192404
1,0.9240885018829904,0.8530960140010762,0.4037288464735881,0.31682896734718613,0.0,0.14937362536170393,1,0.48718447990695474,2,0.22894275146735876,0.258241728439596,102.62900951774888,0.9829131330152758,47.59546519282442
0,0.6232340860136509,0.6638386593236483,0.6094652104293448,0.9486283470438475,0.7568923413776433,0.1263271335404368,1,0.45257867948673064,3,0.19719358730048503,0.2553850921862456,1.5610558741806608,0.20087462532600298,0.5607290719420345
1,0.9175854823121595,0.09085223189935221,0.4215633922701205,0.9225361301340816,0.5627851900622253,0.2832315659924138,0,0.05349619714201872,2,0.019031662570921634,0.034464534571097084,48.841291431110704,0.997866535124229,33.080735956597465
0,0.7888620942590163,0.03040200162349871,0.32627300195487186,0.2585136861870976,0.7775096108336742,0.13296611531811922,1,0.8964060145893771,1,0.8503470711896051,0.04605894339977201,24.909257623422278,0.8706962987776179,1.5433551251540234
1,0.7052270024501843,0.7431745674059811,0.5104634796517522,0.0,0.0,0.14718416138200505,1,2.793046562331418,0,2.793046562331418,0.0,147.18416138200504,0.9969152329364829,0.0
0,0.8800729806021635,0.47925379038888094,0.23017928433307733,0.3239961955482439,0.0,0.2981889519682339,1,0.8297220403882387,3,0.2622644644203902,0.5674575759678485,10.314405547754557,0.11528692295951093,4.943504954864009
1,0.1152952002303852,0.4350376287630897,0.6030064154640996,0.0,0.15214718405757222,0.162155765181858,0,2.4573188482888906,1,2.4573188482888906,0.0,1.153356318884827,0.998948589894911,0.0
0,0.8338518803709188,0.9510216468295779,0.5844761868296973,0.19455481144070386,0.731388677864861,0.09089880674765617,0,0.6088508620237559,2,0.5496941698726371,0.05915669215111885,0.29215401654985856,0.11452227040159979,0.016284688795709882
1,0.39187688406880994,0.9940555152163117,0.4661353190236013,0.9665013305151021,0.0,0.22540150246838303,0,0.27436448034951677,3,1.0197067771110593e-05,0.27435428328174566,1.5058004386184627,0.9797709200592236,43.44525170084991
0,0.17372762911914474,0.009042596545471016,0.15111657849525562,0.0,0.0,0.13316684763712053,0,0.35003936932171426,1,0.35003936932171426,0.0,1.6615870561447323,0.9890769227342278,0.0
1,0.4512824511122996,0.26593230852966543,0.8324097029094554,0.0,0.0,0.28466221177260365,0,1.9447431060338525,3,1.9447431060338525,0.0,21.829135699297126,0.999997942262719,0.0
0,0.5104888630057656,0.32885093046310665,0.29249307372587063,0.5148795912684565,0.0,0.2431736150770543,0,0.4321797151279221,1,0.20955729461917033,0.22262242050875175,3.7092692262656963,0.49975966448801545,3.9368103026587113
1,0.14484658125839722,0.2189204043557722,0.6959967571536506,0.8387514174326156,0.0,0.2916576751629254,0,1.960611066361248,1,0.18953844947663923,1.7710726168846087,0.2190570169191655,0.9999262010036787,1.139448052901361
0,0.43329574873346366,0.13294931139058874,0.5115717343743624,0.0,0.7488443505900538,0.26221528177031883,0,0.9311103866919007,3,0.9311103866919007,0.0,9.467546347877143,0.7870462129605764,0.0
1,0.9415405544570618,0.4552440096394357,0.5932806301740466,0.0,0.29608435163210245,0.28114310711926976,0,2.5077425735022243,2,2.5077425735022243,0.0,281.14310711926976,0.9993513470967715,0.0
0,0.6546104222994438,0.1286284434218814,0.02363421134486876,0.5580366450984005,0.0,0.24057361873138136,0,3.0011337073013866,1,0.47462003981822853,2.526513667483158,8.711458296682643,0.7005793550896313,10.99935754374421
1,0.5817166584720983,0.3681612559132318,0.18380147644457567,0.0,0.0,0.13324555974458413,0,0.2004721656100685,1,0.2004721656100685,0.0,11.032799104027024,0.8525218117758563,0.0
0,0.16825390534285645,0.8420021422070737,0.3153839335217421,0.24290835571712088,0.7982974532817371,0.20968581752544252,0,2.554736691807738,0,2.554736691807738,0.0,0.6176856437986997,0.29144906028704154,0.03188184713206914
1,0.9144387638767871,0.9585327144117541,0.07622015229182533,0.7365655542585211,0.8827559706161177,0.06213374055993094,1,2.4576764462855873,2,2.316915258874015,0.1407611874115724,43.750002849224515,0.5013748313478434,5.0736612258755756
0,0.6207753080588978,0.5086658208469638,0.6416271655453327,0.0,0.04478142059254697,0.27376754714875656,1,0.7724319428437251,1,0.7724319428437251,0.0,7.23246866929778,0.2750174933369921,0.0
1,0.7197000580952576,0.6037420631495611,0.4705312510036782,0.0,0.4318932121470197,0.06574672361364141,1,1.2517110875342417,2,1.2517110875342417,0.0,65.74672361364141,0.9948873087425244,0.0
0,0.21566520241735132,0.5661086756750864,0.12478104474274132,0.4770227139685518,0.0,0.10210905638351098,0,1.6091540783282787,3,0.2339476613482982,1.3752064169799805,0.3492129678166495,0.4078467068057352,0.3185272517760811
1,0.3996397099327129,0.7668077115613151,0.5299854206098904,0.8947193113303923,0.1549120035381817,0.16742393192383812,0,2.4712661837610783,1,0.08035260929846766,2.3909135744626107,2.716757048262155,0.9944491944274242,23.088137302190784
0,0.16777534808746086,0.9307323172158273,0.4253830686216079,0.40611791538523434,0.9122944884518178,0.2492953667145612,0,2.2804694717866862,3,2.1903075552873172,0.090161916499369,0.3768328769963729,0.26131873571950526,0.015064245429045912
1,0.4922933283960267,0.4231883865452414,0.9879341753322469,0.7119527547404325,0.0,0.26082165820310943,1,1.1311247919645233,2,0.08679401537733886,1.0443307765871845,36.874838019746534,0.9999999995629549,91.14179337180721
0,0.4477471880124171,0.8322246936153231,0.48818739331543415,0.0,0.872775249277965,0.18722222900498697,0,0.9783801059049201,3,0.9783801059049201,0.0,1.203634022671288,0.20953786395074692,0.0
1,0.6739032329379432,0.7716856580505429,0.9514822898748606,0.0,0.3667543918851227,0.2777680262663849,0,2.6597704116787093,3,2.6597704116787093,0.0,277.7680262663849,0.9999999242939649,0.0
0,0.8713236676406546,0.8575611463931619,0.5497004209185329,0.0,0.0,0.22485223179390768,0,0.22040449127503686,2,0.22040449127503686,0.0,2.295945188532791,0.10621961111128075,0.0
1,0.7973684976132321,0.4977148262910691,0.029590120666982522,0.0,0.6800153111000355,0.026462322101784425,1,2.853277731833375,1,2.853277731833375,0.0,6.557935891295388,0.5834819275862985,0.0
0,0.5586402696409193,0.11300984327480512,0.8448453211060817,0.0,0.0,0.2737439975599245,1,2.4886696244475526,0,2.4886696244475526,0.0,16.132176781624462,0.7759926075537442,0.0
1,0.817389792369114,0.37443129878601444,0.002090179599822606,0.9830700496583966,0.9722513067716643,0.05226213477931616,1,0.6926939351098831,0,0.6926939351098831,0.0,13.743579979492035,0.6310763454536958,0.38758042210264176
0,0.12715250016340796,0.2597748509655011,0.2292809148762206,0.47818399288626634,0.0,0.021908330562786075,0,0.46975124093623655,2,0.12803678734194496,0.3417144535942916,0.07141436293769772,0.7132343412867722,0.06544300050867206
1,0.8853628743669786,0.06897122457284777,0.827324370584398,0.0,0.0,0.03353201373146372,0,2.364232377530677,0,2.364232377530677,0.0,30.80755614672762,0.9999995601071148,0.0
0,0.5960052664635964,0.3653005885899122,0.06345380313787297,0.49276769639333595,0.14809306533256095,0.02380494039162529,0,1.7173806892662966,0,1.7173806892662966,0.0,0.7402014066316591,0.41243155830262823,0.576128670735005
1,0.3509028106296074,0.9085885747083939,0.31921663996287264,0.26841887720337176,0.6549699486296766,0.1254947078596611,1,0.2783326671810446,0,0.2783326671810446,0.0,26.605805152098906,0.9007295728461049,2.717377755286569
0,0.5151788301209931,0.8059189748216414,0.6568538125947756,0.5632666457764349,0.0,0.2678385102074123,0,2.85116596853625,3,0.13484781250715094,2.7163181560290988,0.9725333929057272,0.199640113448168,1.254302234601405
1,0.7767874333882047,0.2809513874754681,0.40763747005367224,0.0,0.03824852595329087,0.254163477137322,0,2.350701916611574,1,2.350701916611574,0.0,56.91490503395129,0.9906462247687942,0.0
0,0.6866680160344351,0.8512990253566514,0.993816865848776,0.4752192094961233,0.0,0.2427530300400989,1,0.8741097030126892,3,0.1268750732638808,0.7472346297488084,1.0224562959076273,0.1281811321671612,0.9258930232926801
1,0.5448622758432546,0.9670512444125728,0.13481281960753355,0.0,0.0,0.20413731516417805,1,2.9556541323990104,3,2.9556541323990104,0.0,33.66455156262979,0.4761358807483266,0.0
0,0.2373711367657162,0.6481489858328922,0.9933178460467879,0.0,0.0,0.2938607272106634,1,2.41699943241746,0,2.41699943241746,0.0,1.7668319478068744,0.3426301653917915,0.0
1,0.23628749244029845,0.03339939067818076,0.6329167768871896,0.0,0.3712093945556947,0.23179874287221494,1,1.8351591383605645,1,1.8351591383605645,0.0,13.307673400967602,0.9999844661745788,0.0
0,0.6768862470908227,0.43742646684495745,0.9621766504012822,0.0,0.952032795249085,0.024329249463180658,1,0.18044150178076834,3,0.18044150178076834,0.0,0.8977239255766017,0.29356386123630673,0.0
1,0.005680834060891149,0.20860441064224944,0.03369361806661708,0.22612565928241124,0.8563485609716016,0.26879774094725095,0,1.3023148703195144,2,1.2379975506972423,0.06431731962227216,0.0864231884184492,0.801602743098272,0.0029849626275233764
0,0.5935534649619457,0.7830429671693416,0.3395505637810631,0.0,0.12142752226380105,0.1525659041790007,1,2.2149198609932874,3,2.2149198609932874,0.0,1.5363651665519291,0.16820386263147302,0.0
1,0.6580941111501672,0.14931161010551086,0.44490455586192257,0.42190275341702965,0.0,0.02675521458160914,1,2.5203954255191725,2,1.0347869868216608,1.4856084386975117,6.725788750261423,0.9979241584567959,4.908566524766023
0,0.5268377944122042,0.2576130319425186,0.27008951539881365,0.0,0.0,0.03647060129914254,0,1.48024440688701,3,1.48024440688701,0.0,1.405620083356715,0.5769084554409224,0.0
1,0.44510848947803583,0.9251576626251987,0.03570223956539309,0.0,0.8631162191627142,0.11606044950065525,0,1.202153600113988,1,1.202153600113988,0.0,6.05915356394767,0.15568983410176185,0.0
0,0.26242176556897456,0.6612298293843734,0.7923405977466838,0.0,0.0,0.26342177223401814,0,2.229889754463349,3,2.229889754463349,0.0,1.768093201271967,0.33942406981273043,0.0
1,0.5914913854269948,0.4204462209571246,0.3430092853234554,0.0,0.840304535373497,0.026326694267156517,0,0.3710346408260994,1,0.3710346408260994,0.0,2.996696593333172,0.9624466353170935,0.0
0,0.2697222147022357,0.5357255780226526,0.24420265104007022,0.46002575219136965,0.0,0.27490866425429267,0,2.1561374583031148,0,2.1561374583031148,0.0,2.722852347219662,0.4077082005608611,2.3197072901515163
1,0.13617244818317398,0.7759413981761604,0.05229084620076929,0.8110533715722519,0.11464230021356381,0.17031652268139424,0,1.4741051434543604,1,0.27008793663103714,1.2040172068233232,0.3537159289236354,0.2996683566360756,1.389148972407453
0,0.9166941604957455,0.2750322602588454,0.8382680333604134,0.9774926417621446,0.0,0.16621129207673258,1,2.356175457608608,0,2.356175457608608,0.0,0.4624219077856546,0.18005160899619288,20.082943874321145
1,0.9450251812075383,0.00184956249286794,0.509488857843655,0.005079607132277619,0.9606219409857301,0.07867465459783705,1,2.2915632886929607,1,2.291412959946742,0.00015032874621878634,78.68504113496404,0.9999938554209967,0.015742146999043166
0,0.2450565910120751,0.639757403695154,0.7141738500419305,0.0,0.09390537269001009,0.20348718740439203,1,3.070519407094638,0,3.070519407094638,0.0,1.2872636449184833,0.345198206236217,0.0
1,0.6996058385615965,0.5906781211196149,0.37442352244502664,0.12219453878431319,0.1354559457433968,0.06303744384111044,1,0.15846814961678593,3,0.11345712928520806,0.045011020331577875,44.000237657992656,0.9765755063442234,5.198838107789505
0,0.08466861008027926,0.24368439217672244,0.7868347955397877,0.0,0.0,0.2078488038112566,1,0.3415050383333308,0,0.3415050383333308,0.0,0.8532282319777986,0.7396433602339244,0.0
1,0.7476511759083985,0.5466138933269807,0.8672243766642692,0.0,0.0,0.1814781707508993,0,0.6228411376093285,3,0.6228411376093285,0.0,181.47817075089932,0.9999988374905266,0.0
0,0.06788339130303767,0.017579527156410424,0.1976788608827984,0.17680162609931194,0.0,0.23928016891815423,1,0.8885452033743273,2,0.6180052346464996,0.2705399687278277,0.8681910251207537,0.9811643207667484,0.18646487878594378
1,0.8346285583011382,0.29467077831059296,0.3703724815980003,0.2680397596197447,0.7318285074199651,0.0159181815422419,1,1.7654762064123604,1,1.6877975823102516,0.0776786241021088,11.727816791242306,0.9893136185612581,0.941646042550107
0,0.38603617414553715,0.8461035419210907,0.3938744812740035,0.8992796392177558,0.9393197658989821,0.20427945248296986,0,1.0112197382381225,2,0.9136243492467618,0.09759538899136067,1.0309078683316013,0.221582674969234,0.07047933632451359
1,0.47822325254367404,0.030970885953612415,0.9953197492556283,0.0,0.34994159740372943,0.17949768127629165,1,1.3292951370247945,3,1.3292951370247945,0.0,4.819727596730964,0.9999999999901071,0.0
0,0.5667628828798442,0.1487028996334241,0.003373074812529242,0.5050678192753572,0.0,0.11739580471530989,1,3.0539446450351906,2,0.6422106936611136,2.411733951374077,3.425239403153037,0.7126605083702965,3.4953843439996666
1,0.5566428168010451,0.4567398265060403,0.506761293659183,0.3987440133308694,0.11335728740836604,0.08186991858373176,0,1.4418732165294497,2,0.6196038016020106,0.8222694149274391,8.320660480511997,0.9957209550428917,5.021744114103874
0,0.758946067435837,0.23508909600511096,0.03860093686689681,0.3720325726383068,0.6390744747743243,0.14330127736233403,0,1.1673603039857587,1,1.0313445312524188,0.13601577273333998,10.86838287374339,0.43956201177385357,1.8089137661768644
1,0.8848621828790681,0.7337784650230298,0.7580579357862932,0.0,0.3047521454470241,0.044770765453300984,1,0.7553179667464556,1,0.7553179667464556,0.0,44.77076545330098,0.9999923697151734,0.0
0,0.7045958691593838,0.321736222737691,0.582765670445859,0.0,0.7798737000539329,0.15787874702281604,1,2.088654721223095,0,2.088654721223095,0.0,8.670846313774568,0.3837629452905321,0.0
1,0.37360705460406407,0.05201000885689866,0.04464043889010327,0.5805935169988948,0.0,0.06447181563952405,0,1.5461348858999808,2,0.25721380752108336,1.2889210783788974,0.8957073048563359,0.9533198468215311,1.2399471047918231
0,0.321847799534555,0.7525026215989685,0.6374483635283206,0.0,0.7219422752272827,0.18572039931649004,0,0.6927681875096627,0,0.6927681875096627,0.0,1.2159078083027564,0.276556039905949,0.0
1,0.9950716343129867,0.6731453498645102,0.3596510947289484,0.2467304131329925,0.0,0.09664435222156473,0,3.122983804899877,1,3.1139211472831296,0.009062657616747405,143.42033962536513,0.969162305550676,46.976753428501276
0,0.9541330515177441,0.9831545327945211,0.23681891034170666,0.2978495960167098,0.42513920418784557,0.29512994760660066,1,0.5210308052333755,2,0.36008728138855933,0.1609435238448162,0.2963240271378528,0.08361707306903265,0.06257706107008319
1,0.5847851076787652,0.8908153134477501,0.19157433912046418,0.46434501332304734,0.0,0.18759167535361962,0,2.7782498063373526,2,0.9657030404316749,1.8125467659056778,15.501304678244459,0.6636862674286137,13.43766735375329
0,0.48832369681456966,0.22725048781449442,0.2555601233934923,0.5563158110769267,0.0,0.1680050836765123,1,0.06578114074445358,0,0.06578114074445358,0.0,2.7119611583044656,0.6350258078876451,3.400407111764023
1,0.05471719774220851,0.4339533602535902,0.5900882900601868,0.8472154253149826,0.0,0.08295834548777954,0,1.147246296397555,2,0.02315222749553325,1.1240940689020218,0.03411943433949761,0.998591006991749,0.1891978371182963
0,0.3810066352460485,0.7724779552138923,0.04154648996672161,0.47126930766565167,0.0,0.20760383206148814,1,2.843614514973655,3,0.5126249369775779,2.330989577996077,0.7662710809651306,0.23124445852481368,0.6829942862145965
1,0.7712702503693323,0.47674625784110625,0.24544146492908292,0.36704848129445766,0.891649082506937,0.16178802165292344,0,0.6647589804991323,3,0.5921461243314776,0.07261285616765467,32.91918674583395,0.9032425142753036,1.4170899162589605
0,0.48566379836225626,0.8341271915273497,0.5173610574451243,0.0,0.607380968148716,0.2940272830496788,0,1.888686053042795,0,1.888686053042795,0.0,2.010428958070202,0.19900817275178928,0.0
1,0.25161858849115315,0.9986602529991772,0.019844400794105987,0.5892752576402381,0.46107119521579354,0.282079243653965,1,0.9507193067308679,2,0.4217685906610399,0.528950716069828,4.082161684664421,0.03614126756662228,2.4959096078613365
0,0.3086253724593252,0.3679644931324083,0.35569257070980975,0.0,0.0,0.26764213475959586,0,2.4705685348370747,0,2.4705685348370747,0.0,3.8914953326069393,0.5428659329216428,0.0
1,0.2760470492721624,0.5162557269057879,0.6240504796348967,0.5171994556815773,0.6975400530942836,0.14306746898997968,0,3.096930061901038,0,3.096930061901038,0.0,7.270643397776257,0.9992793661859628,1.348466183294787
0,0.8567548904061174,0.07464933552285202,0.29920884342087384,0.0,0.0,0.06222150015605545,0,0.6451568766528216,1,0.6451568766528216,0.0,14.284406490869873,0.639725532165608,0.0
1,0.05171689089536746,0.9130166844740699,0.40122979205858555,0.45872009292733273,0.7596826937615184,0.1597158245174182,1,0.45179447652178684,2,0.3587927366747984,0.09300173984698845,4.647423716276142,0.9605333111419864,0.5939456353238546
0,0.6079015598360933,0.47031058065503717,0.7966973446368275,0.0,0.0,0.11019812638694701,0,0.17062180657319187,0,0.17062180657319187,0.0,3.141123496981914,0.30632757551163303,0.0
1,0.06156428129593017,0.2991295721085122,0.6744335859829731,0.0,0.11684064294628649,0.2048620697655156,1,2.7458789647271478,0,2.7458789647271478,0.0,4.6333792073674624,0.9999405406996058,0.0
0,0.6116820384313708,0.45050900799071836,0.7369485815517725,0.6265526761781883,0.0,0.041427614356560415,0,1.28903420680886,1,0.45653209576963627,0.8325021110392238,0.4816459074092949,0.32140630774479195,0.8080832637096541
1,0.930132620663101,0.990107963240126,0.5854314056621653,0.6490004652461091,0.28802164637712135,0.11659310576717727,0,1.4048612193236363,3,0.11992125377504848,1.2849399655485878,45.603887769077026,0.998347477768671,71.18902553631793
0,0.720083307938138,0.8712669294264869,0.35486895183127487,0.22573135129287047,0.6032243765097629,0.2813512650694655,1,0.22133675469021127,2,0.18364118782406091,0.03769556686615036,1.8612161934491078,0.1179723938650179,0.18354602542341195
1,0.3618873346490695,0.5251203955866446,0.9457980245374134,0.0,0.2229842045234668,0.28704492812419286,0,0.23565620653000646,2,0.23565620653000646,0.0,18.510529853051004,0.9999999137835811,0.0
0,0.3883662517809571,0.4888293987623695,0.43631516618200294,0.1850700754723037,0.0877128761139484,0.13575516052046047,1,0.06180201588882995,1,0.05137114858343567,0.010430867305394276,1.6803520578289117,0.3912852231329621,0.3413430128588067
1,0.8030734123983932,0.26921930090516255,0.8506257172631254,0.36328802328765764,0.0,0.08932878800795556,1,1.181615662506953,1,0.7721849706274697,0.4094306918794832,61.020489318152606,0.9999998358791483,34.8163906997661
0,0.04203107352294133,0.03229031917679692,0.844975325576052,0.0,0.9404417285820047,0.13549603914045386,0,0.893850491810645,3,0.893850491810645,0.0,0.3446887806950938,0.9663406234918459,0.0
1,0.5526887638441587,0.3801570663330788,0.11061163611841995,0.7046175690417802,0.6135720836239276,0.22980868906038585,1,2.346777463616582,1,1.893201691428379,0.453575772188203,10.666502828113483,0.7618499378015958,25.444320667757196
0,0.012947758697839151,0.8254782495088239,0.024613016653166286,0.46504994406983824,0.9033047450635138,0.19398600141774724,1,0.5751275359680122,2,0.5264869739288899,0.04864056203912237,0.058386904946805186,0.32802199588553405,0.0028187788475701856
1,0.29926660455255516,0.7436637329444867,0.15894603040907374,0.0,0.1842233691013092,0.2763326523804115,1,0.5382665433472584,0,0.5382665433472584,0.0,16.062914535789634,0.6174686453565918,0.0
0,0.8923504665110477,0.7558156422841857,0.8124277362805618,0.15385751091110544,0.6702462902778462,0.17140471494335324,0,0.8717383982314348,2,0.7937792057481159,0.07795919248331895,3.0603800398124203,0.09805626717436422,0.1658893268437654
1,0.3016723386977437,0.20563231929740033,0.9550441895477342,0.4551158825504148,0.5867022242993225,0.01882835834305965,0,1.6883762527656048,3,0.8872374553869766,0.8011387973786281,0.09533547043682512,0.99999997678624,0.04704894257737971
0,0.17340946139677538,0.08263280653281946,0.6532434786123,0.0,0.3223149346794556,0.12282474016610127,0,1.0138593405899219,1,1.0138593405899219,0.0,1.3941146631774601,0.9017352169491055,0.0
1,0.009844147659906821,0.6591553362460845,0.8288052124056073,0.7224758090665789,0.722609953589691,0.2697476057068673,1,2.3595917311475043,3,0.10695923788426664,2.2526324932632376,1.1090532095046293,0.9999982992802442,2.8871865625111175
0,0.43937990427537865,0.36602382179075865,0.7135588767990538,0.0,0.3999830431589362,0.22521777844580135,1,2.1469329749573647,2,2.1469329749573647,0.0,5.217526462509529,0.4926508212383859,0.0
1,0.048074328917060094,0.0858291804566208,0.8843514142334159,0.07448474639658265,0.5544653344488689,0.05325796162069753,1,1.679006645269218,0,1.679006645269218,0.0,0.3633907663902912,0.9999999692610239,0.012482672854814808
0,0.10060573944110607,0.17522122818652386,0.6972096981606539,0.5917183591128825,0.0,0.010982569560736002,1,0.7753385438563425,1,0.31290562277553885,0.46243292108080364,0.02463488863617035,0.8089237461200086,0.035703089291623503
1,0.3984377568898424,0.05377968278470857,0.12094367074716217,0.0,0.9454709234713381,0.2294735807390776,0,0.9285281760218121,1,0.9285281760218121,0.0,7.404824651262056,0.9649221239986505,0.0
0,0.8090885953592862,0.08152251782309416,0.4376927010516717,0.0,0.0,0.2688167871024923,0,2.836919904754536,1,2.836919904754536,0.0,46.66145340154858,0.6826316478212759,0.0
1,0.7989032609554315,0.9306815759656052,0.6554797314903367,0.02908022776792818,0.7268927118326874,0.22791257879963508,0,2.5749588047347176,3,2.5618895302999056,0.013069274434811984,229.44775611709375,0.9995658740848874,1.8376209845008347
0,0.5426162621128383,0.8969932169248352,0.7112678923505332,0.0,0.0,0.13403484336870555,1,1.6131838772242277,3,1.6131838772242277,0.0,0.6032456376387806,0.14600243079122677,0.0
1,0.7220719992435264,0.8950326779441734,0.5669657777763848,0.5508201342557371,0.5660019953741505,0.14114836000645584,0,0.15298721310573482,1,0.11643975183589539,0.03654746126983943,107.44752495209084,0.9974491398127702,33.87534400597146
0,0.1758224651437359,0.013488627309434231,0.4903315550638916,0.0,0.3284174454515171,0.11380503862144763,1,1.7704579164053489,3,1.7704579164053489,0.0,1.4329153148226892,0.9836807920060093,0.0
1,0.6008633684053956,0.14911174838836772,0.13393305537928135,0.0,0.9383764637224531,0.0711168107147311,0,0.15084825353898104,0,0.15084825353898104,0.0,5.377014518133868,0.9180193378323196,0.0
0,0.9552924546453364,0.5842597922053082,0.8675176491349252,0.7693706225917937,0.0,0.1712667913354218,0,2.9809070640163386,0,2.9809070640163386,0.0,2.9291702956399437,0.058697277804316994,9.77159804774161
1,0.0738575800132989,0.10029026400041796,0.6237211613591481,0.0,0.19423643101871368,0.0513712754281245,0,0.3992941318411313,3,0.3992941318411313,0.0,0.07136497794611196,0.9998327615488224,0.0
0,0.4381616443774674,0.4703819385739789,0.11542135677660914,0.5213635963825363,0.2996203210257783,0.14677406828559014,0,0.6753249458086893,3,0.16465670431287116,0.5106682414958181,1.6285319086565144,0.38747700346928127,1.0423439221044575
1,0.6326048977317171,0.3030101662294562,0.029964699051896804,0.7200439512286512,0.0,0.29400304041056635,0,1.5694085054266207,2,0.10300136304117641,1.4664071423854443,8.224658940696006,0.728015919535832,21.15373447781309
0,0.9466725188415762,0.04961763805169883,0.28495707346163357,0.06749957972938525,0.23105935209430617,0.1498280094076087,1,2.6214008405775386,2,2.56287367504557,0.058527165531968794,84.47573097871646,0.5053034327890498,4.630513739209766
1,0.9579025164554321,0.7810980312010538,0.7686065236933041,0.7045146039413698,0.9826443603452386,0.22246972615307803,1,0.1274349714619754,1,0.12588074048554815,0.0015542309764272622,219.76979558618322,0.99999434120476,2.721199797311424
0,0.38100726381165617,0.7711970414297228,0.8907121835861912,0.25739507170671194,0.7934086341112953,0.14089296741742105,0,2.3421241398189965,3,2.2091911642868083,0.1329329755321882,1.050732446258455,0.2504476421162217,0.06301540235007973
1,0.5766847381279524,0.5812243650198894,0.4036738187076613,0.0,0.0,0.18257427276151827,0,1.9638207623146091,0,1.9638207623146091,0.0,30.35886276978967,0.9752794456519921,0.0
0,0.9632842533991645,0.0550088438575449,0.5216435067710767,0.7256270507803844,0.0,0.09697647330274572,0,1.9323131009197618,2,0.1054722231267925,1.8268408777929692,16.21832462177966,0.38677994123188086,42.89218415070894
1,0.247044412251476,0.8101517268478613,0.6076765531110949,0.602903986525097,0.0,0.09135689433109906,1,0.5601986617237558,2,0.08765541356260362,0.4725432481611521,22.144832380658006,0.9993341763825334,33.622114728362995
0,0.0854196859498032,0.6953561327659963,0.5245857965706581,0.0,0.5995733063350579,0.22234500838052265,0,2.900750990741687,1,2.900750990741687,0.0,0.5057138555659748,0.3844347034277974,0.0
1,0.3625989682067011,0.8272407046152689,0.9821462629793712,0.4566312042470869,0.4819632474766057,0.16414782506993414,0,3.0038384275038994,1,2.9423229879091735,0.06151543959472594,26.70108243658081,0.9999999830982198,8.388546714483933
0,0.09652171971963885,0.521357558710083,0.4153433307886595,0.7529562858531068,0.008717663547077481,0.1142285765173746,0,0.30721926667518595,3,0.004965473895087455,0.3022537927800985,0.08649711326047255,0.471457657144952,0.25497990098766743
1,0.9928821351695978,0.4923535216015583,0.9618875098729293,0.5647691664783464,0.5653439259509797,0.11520779963109108,1,1.4794113854473587,2,0.8096620767302551,0.6697493087171036,76.56694872703781,0.9999999974201262,48.180535703813945
0,0.11168861207333136,0.2335927161657868,0.44290602418765157,0.7211647480297747,0.25632905000283945,0.0968548376853722,1,0.37717603534039096,3,0.0357455783369453,0.34143045700344565,0.2458070029798811,0.7445401881311118,0.2982859489218336
1,0.3917052336357423,0.8510530099650324,0.02190248314039489,0.8904789086001527,0.7157626893160606,0.275914045622139,0,2.405309670484107,3,0.012901328909824233,2.3924083415742827,1.2171880560901762,0.18857245034481773,9.896543924961584
0,0.2654808465106857,0.940924797690436,0.7673141713579442,0.7393381888321808,0.22160415146870494,0.1312048525930665,1,0.042855579722384886,2,0.007719678374183572,0.03513590134820131,0.08439512436843169,0.18965986916956434,0.11447460505890379
1,0.8698194689288082,0.7668595616262521,0.16447305385951427,0.6165351878764544,0.6264866284137539,0.2627499923533427,0,1.099462601518169,2,0.6339075212921225,0.4655550802260465,69.98623364422181,0.7432209513871272,31.62488183900857
0,0.7712401120005734,0.4501632973879319,0.4347036116244094,0.7258963393304342,0.0,0.08709620142494277,1,3.1245757213964747,3,0.0007755491635048398,3.12380017223297,1.0546503327104653,0.2183903447855805,2.792982822331031
1,0.90881489639468,0.9425387683627493,0.8024798310426972,0.8926374434238493,0.0,0.10843224492252332,0,0.22794646460549173,3,0.00028035975203861193,0.22766610485345312,11.64156307402051,0.9999881718908833,96.7906822569047
0,0.1597574573060906,0.23266491445970539,0.46840849165795606,0.20533928075475572,0.0837781601767763,0.11253376564516317,1,0.6549595198772543,1,0.5362000280198926,0.11875949185736168,0.7824816213299307,0.7348283560645538,0.18180837284051388
1,0.15185067320245316,0.14890637049171196,0.6354973635255998,0.0,0.0,0.18927137576263606,0,1.1189481865029878,1,1.1189481865029878,0.0,0.8420261310506665,0.9998168240420824,0.0
0,0.3965878145585221,0.38871107057542953,0.717409608486837,0.0,0.0,0.056331562303145684,0,1.9336542016299185,1,1.9336542016299185,0.0,1.081598375817465,0.486897662963644,0.0
1,0.1949475292861318,0.0029591587974511224,0.41123199971533086,0.9398100976784799,0.1158989067745394,0.2580841181603714,0,0.8196148108606195,0,0.8196148108606195,0.0,0.249588947981785,0.9998489776089484,1.4989886332953575
0,0.4700980712946018,0.21209377620178715,0.48981435320215394,0.0,0.1032088749500426,0.25005837578213347,0,0.9431018783384549,3,0.9431018783384549,0.0,8.826453634651967,0.6631329666212327,0.0
1,0.7838403061138061,0.00209053690004557,0.20412502269299115,0.0,0.0,0.11446347420679875,1,2.427148206842768,2,2.427148206842768,0.0,27.946508959226218,0.9994641633240893,0.0
0,0.6566027141470263,0.671291159678516,0.7556038225359183,0.3604129771997687,0.9268392008979468,0.05834491537661975,0,2.8212338088640094,2,2.8034740985961477,0.017759710267861717,1.062467045684229,0.19552210099503242,0.028910665630702687
1,0.2693575249753486,0.0923685508071983,0.9788109426632958,0.0,0.0,0.2306263351297742,0,1.0002171604147658,2,1.0002171604147658,0.0,0.33740790164300966,0.9999999973189324,0.0
0,0.5940375059009618,0.9178655556262549,0.12696482759909344,0.9958982606029452,0.0,0.029800378089793023,0,2.025627900117359,0,2.025627900117359,0.0,0.0005208168024910827,0.15490893010751638,0.12645380349275365
1,0.21209386995025592,0.19642248367282156,0.8209314112986479,0.0,0.9978830274588527,0.19573180892051165,0,2.664698257652502,1,2.664698257652502,0.0,1.313270503622741,0.9999973680900578,0.0
0,0.262653293247186,0.9575428052052337,0.8698347088625741,0.0,0.0,0.0900780344454213,0,0.9033350890196663,3,0.9033350890196663,0.0,0.11451039010409772,0.2209028443695481,0.0
1,0.4227182655651117,0.6903876833570498,0.08302479225125403,0.0,0.0,0.28188830301625567,0,1.743138825756125,3,1.743138825756125,0.0,13.764856811781714,0.46627574966808505,0.0
0,0.23721612314221363,0.059712130623014725,0.05644936624274843,0.6015472368088356,0.6879616058906154,0.21222104945827147,1,1.3330014948183124,2,0.8784559449962569,0.45454554982205553,2.8372217921543603,0.9231453227039327,1.1203256254922533
1,0.4920784155638438,0.9074079418967872,0.3279752629042205,0.7612633940328121,0.2540150229926674,0.25194394561709826,1,1.9244407651144702,0,1.9244407651144702,0.0,38.2388010847373,0.9193538171446178,121.93270227488094
0,0.9199511815602058,0.1730653238757831,0.9799362497673956,0.0,0.0,0.2206109630787359,1,0.043703092362790526,2,0.043703092362790526,0.0,42.0865550971957,0.2766656121979749,0.0
1,0.4838810951137775,0.9606250624552822,0.44267528994428695,0.6610893266825946,0.7160993799835942,0.08204912401031446,1,1.3584802699548832,1,1.130444829876964,0.2280354400779192,70.12434778345792,0.9838778327618883,22.148459293722187
0,0.9005363712441858,0.2088407255620217,0.7696838556425896,0.0,0.6325043676726457,0.030016294406847912,0,0.13556545911493842,2,0.13556545911493842,0.0,4.462588819876536,0.27367907163221916,0.0
1,0.3510208230915566,0.7985322435566871,0.8050327239228665,0.0,0.0,0.19944808818134493,1,1.7560152634792552,2,1.7560152634792552,0.0,199.44808818134493,0.9999968644198761,0.0
0,0.7098907623053525,0.14119573409983444,0.7190785763841387,0.2739785934803699,0.6627796371769803,0.1454182983689762,0,2.6850260444357437,0,2.6850260444357437,0.0,14.983255416808012,0.6382775869763715,1.5292848369135608
1,0.5787541184333997,0.47377741682828756,0.10723279851363088,0.15881786763487982,0.7037690431043019,0.09667100644788351,0,1.973418354558858,1,1.927007195378695,0.04641115918016303,8.258233796864216,0.6931037288998747,0.4121923783646247
0,0.697895645628573,0.2505616574021057,0.27639544467023114,0.0017849322242246002,0.49196215650170205,0.11625942219679075,0,2.533567810149626,0,2.533567810149626,0.0,7.654875278621098,0.47468073630116947,0.006947842619707368
1,0.057362950415715375,0.5143739571971558,0.6400505329237566,0.8634972637865961,0.0,0.030144218075390052,0,0.1555420021788319,0,0.1555420021788319,0.0,0.01434323676023461,0.9993744262906887,0.09073331450985027
0,0.7206850502834219,0.12742770884258237,0.1953998228699385,0.7418286601575543,0.0,0.07990639267696935,0,1.697128332053117,0,1.697128332053117,0.0,2.7809686433969603,0.656668080090586,7.99082595275807
1,0.3346278903445825,0.530928125734061,0.7950944778831687,0.0,0.0,0.2755398156192306,1,2.0395314477081445,0,2.0395314477081445,0.0,262.25174994488697,0.9999971180503483,0.0
0,0.5631623378215763,0.35196211036247027,0.454670567558657,0.0,0.5957391839121435,0.0637632992655373,0,0.5493456149006027,1,0.5493456149006027,0.0,2.198611407884776,0.44577213491144985,0.0
1,0.16769274607802498,0.3026714541607618,0.873185702818877,0.0,0.0,0.1984926325978072,1,2.5894026311799943,2,2.5894026311799943,0.0,20.459110903229032,0.9999998566929471,0.0
0,0.15769863700793063,0.09083362064411782,0.4873647567489132,0.6558067064433634,0.40479187388747084,0.2940253834020675,1,2.31117989584648,0,2.31117989584648,0.0,2.057350872029323,0.8939634655825895,3.9199616164569995
1,0.48418729166137764,0.7850946154315785,0.5874558135688192,0.0,0.0,0.029243777986293292,1,3.1141624668602836,1,3.1141624668602836,0.0,29.24377798629329,0.999172746506371,0.0
0,0.9986753605002852,0.9156369149813853,0.5284248782031846,0.0,0.0,0.14719381539214202,1,1.8063023406505396,2,1.8063023406505396,0.0,0.9481960502826586,0.07175370854530916,0.0
1,0.8468766331095631,0.544635530653186,0.0010313527782832566,0.2596075781861189,0.5756004497897336,0.27985174401305746,1,1.1354294364624113,1,1.0282571634454127,0.10717227301699861,86.66461648977791,0.46014266779303203,11.090080175048529
0,0.20004994066779103,0.20408959103375823,0.8831081351557579,0.0,0.0,0.2470725897032993,1,0.44385000801821917,3,0.44385000801821917,0.0,2.807352852799306,0.7572610727324853,0.0
1,0.8325656616418584,0.2876601577953233,0.8119937357476138,0.7188131069184076,0.03500959042000862,0.07358202213896849,0,1.586198553226765,2,0.1098889524615212,1.4763096007652439,20.744365582074778,0.9999970600022638,52.92760347873346
0,0.4412826404077861,0.40579981963091216,0.9879530078734753,0.0,0.0,0.07735825755244363,1,2.7793754292388337,0,2.7793754292388337,0.0,1.649585837797543,0.4499790684017926,0.0
1,0.4136694304775148,0.8923572317356666,0.32067784395076426,0.0,0.0,0.16695788301455303,0,0.9252881189079863,1,0.9252881189079863,0.0,17.34092140179004,0.8826100603723366,0.0
0,0.11299457265150159,0.5887446511412129,0.9670868935001061,0.0,0.864275642251949,0.12905075494634038,1,1.8404203355456283,0,1.8404203355456283,0.0,0.40699772136139434,0.4197113147119734,0.0
1,0.6103435854536007,0.2650394266332333,0.4476356472418034,0.0,0.6216088378121235,0.09414790993614643,0,0.5028283971613946,3,0.5028283971613946,0.0,10.6316622090811,0.9940765127806561,0.0
0,0.1802972876639748,0.8695449212904096,0.6364331133024772,0.8194729215800465,0.0,0.20832817305660423,0,2.2354178972184133,3,0.006431341404586927,2.2289865558138264,0.09724629228579959,0.276983697232696,0.44143351761828087
1,0.4446429177563628,0.9361661849171627,0.7059024162729229,0.9562761475195173,0.0,0.07452873090032275,0,1.4746069939926338,0,1.4746069939926338,0.0,2.3046541982426048,0.9998070284188,50.404658167847444
0,0.2536520687464976,0.26157333811079175,0.7245488404572198,0.395331728474133,0.2815668297373034,0.1634810145582805,0,1.5189842992099414,2,0.80398258927512,0.7150017099348214,1.6223162301977576,0.6781414437634912,0.8097575495782753
1,0.3567447575621604,0.9995247568923233,0.2705440517054031,0.0,0.0,0.1457565473815212,1,0.12113658039565321,0,0.12113658039565321,0.0,28.7566627939292,0.8103716997498297,0.0
0,0.37733350081960715,0.3845115653203566,0.9635584093542985,0.9852729424313018,0.0,0.11619689259647664,0,0.6462600104027851,1,0.00889488772344782,0.6373651226793373,0.03105877126026538,0.4991745182829719,2.077900952390143
1,0.24077677863469005,0.8724552537132554,0.7387343761782472,0.0,0.6714234185538097,0.27541028539937507,1,1.9663436276515036,0,1.9663436276515036,0.0,275.410285399375,0.99997306800441,0.0
0,0.12968076716664756,0.9698080571144554,0.5218782137405449,0.0,0.6625703178754144,0.256213593373225,1,1.252264506859869,0,1.252264506859869,0.0,0.12643687864665598,0.21878596245905024,0.0
1,0.4769189365621751,0.14613665900673478,0.08332807325809244,0.0,0.0,0.1497194129359674,1,2.8309421178442826,0,2.8309421178442826,0.0,9.753111058531696,0.8908397422412487,0.0
0,0.21918995304529454,0.07473292210645821,0.1867648579066452,0.15691662201187173,0.3657970523076032,0.08130264771397874,1,1.17689189058361,0,1.17689189058361,0.0,1.1846853997931441,0.9062546550386238,0.1313271070428097
1,0.25760371181301533,0.4362901586648541,0.7653079584981222,0.6888774924479144,0.0,0.106380466698078,0,0.7326697594169895,2,0.06904780099963773,0.6636219584173518,0.9624220867633753,0.9999749784832763,2.1309641627102485
0,0.15932084634728194,0.24698575018942415,0.9930955319799749,0.0,0.0,0.22608486753080703,1,1.7269772957511862,1,1.7269772957511862,0.0,1.8492749870257779,0.7193436659154329,0.0
1,0.009460138658437423,0.622535013020186,0.14365788932328416,0.5261228233537666,0.0,0.147493047157691,0,2.838672585536037,1,1.0895330870786222,1.7491394984574147,0.049956309040457184,0.5995023785685019,0.05546406463951726
0,0.4978974813238721,0.6056036474508953,0.8348399087355288,0.03681911064160748,0.0,0.20132157996775116,1,0.250710014137108,0,0.250710014137108,0.0,2.9396111632461337,0.2766562444632106,0.11237127922561058
1,0.7954025253835159,0.5696138649500786,0.807386715317028,0.0,0.9050257758281081,0.15949031046501339,0,2.955623596146033,1,2.955623596146033,0.0,159.49031046501338,0.9999931987807555,0.0
0,0.043802457891294444,0.7105444332373564,0.04110664134961961,0.0,0.003709147567869775,0.16625528542028178,1,1.2155067422256267,1,1.2155067422256267,0.0,0.1869406182057992,0.3718272894842688,0.0
1,0.5198047327465836,0.538268693375557,0.43537543583726135,0.0,0.2928335257538526,0.008976464082081491,0,0.9560780769286614,3,0.9560780769286614,0.0,1.150053448409981,0.9844758148920587,0.0
0,0.4410732931790984,0.31688024390491043,0.5727221968993408,0.8281033307528539,0.8704786959544071,0.032846407578667636,0,1.6475818555544606,3,1.1383087569467683,0.5092730986076923,0.5644981443176806,0.5464678533261784,0.4413569001089609
1,0.2605379884445159,0.7216511909189212,0.9910404376932718,0.0,0.7638353570423931,0.29492027585604436,0,1.414362797966596,3,1.414362797966596,0.0,3.4953457998439577,0.9999999936021143,0.0
0,0.6762418188527557,0.8094613406593724,0.22887026240423058,0.0,0.7792972597048152,0.17254085625016047,0,2.4290418107659306,0,2.4290418107659306,0.0,1.83140831976901,0.15604327816952945,0.0
1,0.6394080086561775,0.3287431966830001,0.5959718640776251,0.0,0.4837913475876576,0.2643754654375491,0,0.7999906159707056,2,0.7999906159707056,0.0,58.936162497823226,0.999414369129634,0.0
0,0.30885457220909185,0.1991706874351098,0.14348640773627708,0.0,0.0,0.25305805077428295,0,1.6618587911778258,2,1.6618587911778258,0.0,4.989608264126392,0.7353776829910122,0.0
1,0.2069642584483523,0.6759885203785643,0.07465503682645336,0.6625308746435506,0.6765418902079533,0.24185577259971247,1,2.486452310049956,3,0.5059444199082108,1.980507890141745,1.8641263313205554,0.44294232908180897,3.6597162701369417
0,0.10146152719989776,0.5491305467026552,0.23915524687669876,0.9206563038344553,0.0,0.029143584502601207,1,0.9394486966676873,3,0.0004159210083650236,0.9390327756593222,0.006923467433839411,0.448599483090222,0.0803357323316229
1,0.4752583072712876,0.6452061092472289,0.1453850943624887,0.4651133003561537,0.0,0.1753383392684912,1,0.16807433532536567,0,0.16807433532536567,0.0,10.088560187186433,0.6620653882603045,8.772555996678093
0,0.07784772767399861,0.2512709395121988,0.8962102848026958,0.0,0.7725128817820204,0.28282015368792784,1,0.22171169713176803,3,0.22171169713176803,0.0,1.0503005725900263,0.7331767735070966,0.0
1,0.4972721516665114,0.4062240781445051,0.7201491814294438,0.0,0.0,0.10018354741280215,0,2.597710828089017,2,2.597710828089017,0.0,16.568688900682115,0.9999426542913659,0.0
0,0.9096185241923493,0.3539696289409925,0.3085329093323683,0.0,0.0,0.09006840164242345,1,2.7439840483167885,1,2.7439840483167885,0.0,7.701240089469335,0.14159799019708075,0.0
1,0.41830599903740806,0.22987026302407532,0.6980891728195358,0.07620919710972018,0.798890165164135,0.18917306153111246,0,1.7473570426559235,1,1.7319859089652527,0.01537113369067078,9.53914403465708,0.9999419969611341,0.1487606511463012
0,0.7732179814784718,0.5813020805114609,0.9082534514806346,0.964587940369917,0.6889551264967174,0.18691824629520423,0,1.5813359562318574,0,1.5813359562318574,0.0,4.162364551074775,0.16814286699766212,3.616383577262991
1,0.43351389118133643,0.15687014597953308,0.10332766216851041,0.325312590910226,0.0,0.19223182328481675,1,0.6881293915382708,2,0.317500094757179,0.3706292967810918,7.568516490767219,0.8924432817511265,3.6492954748924977
0,0.4799660114124963,0.18518328485373325,0.8029128144407077,0.0,0.0,0.12734167168276841,0,2.091432111501379,0,2.091432111501379,0.0,4.907214698585829,0.6958802448143775,0.0
1,0.4424801589739238,0.030618478432796192,0.4667737965378408,0.0,0.9768163768369209,0.20397312656752167,0,0.3991485096308798,1,0.3991485096308798,0.0,6.096322945955634,0.9994070588875779,0.0
0,0.04693338417299353,0.7159959851784695,0.2214821312675891,0.14730031739763716,0.0,0.015730476552426455,1,1.1048425414822265,1,0.9625947826813451,0.14224775880088136,0.016885080555706828,0.36774836109109077,0.002916827314336091
1,0.09260643311438643,0.64430288527029,0.9063028723994756,0.05604411836038259,0.324523090863982,0.23747767988961674,1,2.0349625541103338,2,1.9627345378927359,0.07222801621759789,41.22969964667449,0.9999999060088666,1.627053178596869
0,0.9719568104180558,0.9260642756120407,0.7901314297646521,0.3771652567408421,0.13481040713224757,0.09532415002910623,0,0.15237917979761076,1,0.1026904304307516,0.04968874936685916,0.37300060869212437,0.09445614402894342,0.18081978173356666
1,0.0025728547748479214,0.6602998262218086,0.47889427080335123,0.8190717953866196,0.0,0.18177118216238283,1,0.24879222129909354,0,0.24879222129909354,0.0,0.04108242360118908,0.991533896859187,0.18598235985242872
0,0.3932259715645361,0.7230618066880264,0.2700024804989394,0.0,0.6858549395838501,0.01105440181958765,1,1.918397919161405,3,1.918397919161405,0.0,0.09149531091414186,0.2513372290173529,0.0
1,0.5656856618795927,0.8327731951143275,0.16500761759419968,0.5183982089123366,0.4039436468420714,0.26799256807304783,1,1.8688748704387654,2,0.8096354962892565,1.059239374149509,28.670740187955282,0.6396048110285004,28.129983092639886
0,0.8354748785192834,0.7036058697555388,0.6382021464814235,0.10153694567783333,0.8765840740949642,0.21036928706737898,1,2.671802042977117,1,2.6659907499436923,0.005811293033424647,4.440959576928722,0.10907752050694641,0.05638482000172186
1,0.5484443537287871,0.009955772325353496,0.9597969834168744,0.8322242536750479,0.0,0.04530403611747854,1,1.9545178485087231,3,0.005594722824435506,1.9489231256842876,1.9757887173730304,0.9999999999202128,9.800578014122687
0,0.8814821570543311,0.32049722228094646,0.13499214340341392,0.0,0.7022410363347931,0.25321503318303706,1,0.6864050649757036,0,0.6864050649757036,0.0,22.691759657177958,0.2008156945594919,0.0
1,0.11556264332523924,0.8142981888018302,0.3293501604361375,0.6023994693021323,0.33866215775836317,0.04560988657288553,0,2.5096723545363946,2,0.27352859825656634,2.2361437562798283,0.24966219964293102,0.8839167730783071,0.3782599995672269
0,0.17830339042844434,0.14003952932758001,0.7514332851935387,0.0,0.0,0.10997609573802669,1,0.07556354922677751,0,0.07556354922677751,0.0,1.1950207609786012,0.8345988767458674,0.0
1,0.03785567922746669,0.17985244886418428,0.15243639591955427,0.0,0.8090382619679238,0.18974600135632697,0,2.765824006531532,3,2.765824006531532,0.0,0.3496436795776485,0.8901980732207798,0.0
0,0.496469049915772,0.537683095834931,0.9272351288968165,0.32549419585550554,0.9339639395330049,0.10466484724292292,1,2.984739522432204,1,2.981231711148247,0.00350781128395683,1.9308543256439317,0.316583550339797,0.04242955901947528
1,0.02680144757934333,0.2828185094752196,0.8697258798650381,0.8920178654092111,0.08222253040685246,0.020577844186259665,1,0.5348645840327864,0,0.5348645840327864,0.0,0.031431465009614766,0.9999998228949224,0.14898977173393765
0,0.8631617949816122,0.423026258689322,0.9846860944370418,0.2909763123485021,0.0,0.204343478203839,1,1.2217408918429564,3,0.4620267043969545,0.7597141874460019,8.817383225059316,0.15728179796503805,3.6185669111980086
1,0.8517815537148238,0.5074022844529151,0.10243198316838298,0.0,0.6522474450659927,0.24779255572494063,1,1.7580810008380061,2,1.7580810008380061,0.0,96.55587015041691,0.74524915910464,0.0
0,0.8860333703219732,0.5938413861741612,0.5280410965948718,0.28970762967728314,0.0,0.0657212737399539,0,0.23325288585879067,3,0.08375016665199966,0.149502719206791,1.6121794354898225,0.1025102890286862,0.6575611711245198
1,0.35909221674591163,0.745271102217358,0.31317283889860215,0.0,0.0,0.2880002961829562,0,0.05294163190706003,1,0.05294163190706003,0.0,17.920909817986427,0.8899161443192609,0.0
0,0.06984168425934678,0.5843364696039982,0.44474953254906513,0.0,0.0,0.24438317679654661,1,2.6244790325370233,2,2.6244790325370233,0.0,0.4801298419499038,0.4361020373686333,0.0
1,0.49667292702244703,0.26244847785051617,0.3677227557084156,0.42199349381141704,0.0,0.25202005280156575,1,1.081907319280843,1,0.6344018722897278,0.4475054469911153,28.850630069248844,0.9863126311862417,21.063392974353206
0,0.4004870000063382,0.12837523405795448,0.7538287062493635,0.9152493423499575,0.5771399166605521,0.03019155021583226,0,0.15099393773443098,3,0.03440694501949086,0.11658699271494012,0.5912305742210255,0.8027804842504531,0.3803627675931241
1,0.7358193357244304,0.010431909706344777,0.4276673463366253,0.19669734861296062,0.0,0.16160010799430513,0,2.1717563491921816,2,1.6961023933169024,0.47565395587527926,18.19729259476658,0.9997244757702384,4.455804047384224
0,0.2843031007679938,0.4568275473034864,0.434531432204864,0.0,0.14503756793708933,0.09791975822963722,1,2.6249547926585306,2,2.6249547926585306,0.0,1.0729737468528493,0.45974292257956695,0.0
1,0.07764105370229712,0.3985962047024436,0.018930746265952147,0.2729254365118846,0.0,0.09951679180679526,1,0.8065246881357954,2,0.43559246735314494,0.3709322207826504,0.3952165921408521,0.612054608231962,0.14835433165108197
0,0.6147111693380647,0.09321780373245114,0.19693817362693677,0.875688518640843,0.0,0.27238048537824133,0,0.5636381908066004,0,0.5636381908066004,0.0,2.602849031509756,0.7893815416396339,18.335273522027208
1,0.03064232594521299,0.1570177688343839,0.5242321526892555,0.4255653536895183,0.0,0.05851515539447813,1,0.11154065531083195,0,0.11154065531083195,0.0,0.17460745371154143,0.9991359245585683,0.12935654782113457
0,0.8870195843420271,0.9728636782640964,0.4917523728876053,0.5209645190224911,0.22845783638291384,0.22080128272354635,1,1.7926865472789653,2,0.5531564039367461,1.2395301433422192,0.20334682849217656,0.0885289014885855,0.21636214998860845
1,0.7982932085409598,0.4751552110736653,0.008949664650982458,0.3479090660162848,0.0,0.10145196055080502,1,1.0618809399876046,0,1.0618809399876046,0.0,18.14538453591097,0.5508188466216175,9.681078906937815
0,0.02462521261353745,0.0945914864055295,0.9086719422222593,0.0,0.0,0.062103473650235115,0,0.6419258244489647,1,0.6419258244489647,0.0,0.08497364714087695,0.9032514191208122,0.0
1,0.3646164575017631,0.8566241187629534,0.21848178270256102,0.7550066954907725,0.07192854928261361,0.19791417978502313,1,1.231596463584551,2,0.08271155568278316,1.148884907901768,6.4239865237539,0.731385585492874,17.892989311788835
0,0.3858948752328698,0.1217669591906374,0.6979786843412882,0.29680092904201416,0.0,0.2973708304110823,1,0.5746566787526561,3,0.20219661267311284,0.3724600660795433,6.459482017815744,0.8158100194727896,2.7263691651441944
1,0.0099516646061244,0.0024205069494468434,0.5662144186120031,0.26322435293794566,0.6722436720260714,0.2513401265750734,0,0.44931483281606294,1,0.4114805446154331,0.03783428820062984,0.030155806695345025,0.9999873839449765,0.0028642133348426445
0,0.6462098731978358,0.23528058860073642,0.6318276115992895,0.0,0.0,0.2380126187124851,0,2.442540652961162,0,2.442540652961162,0.0,13.951525448893046,0.5348630325477053,0.0
1,0.6289209609170715,0.8026063385796978,0.3113045181664754,0.8521178428924754,0.0,0.29573208695213615,1,1.3611611265279469,3,0.0035417026874327573,1.3576194238405142,25.62751708563088,0.9216070059408616,147.6693673180582
0,0.5351574534135952,0.6424977007895911,0.9311180634426333,0.9492078103857993,0.8024957165755879,0.055034609148966074,0,1.5557450623085243,0,1.5557450623085243,0.0,0.8011307375771022,0.2526025289704341,0.21814657662882567
1,0.2688445823614588,0.8801530455224887,0.6384730198550927,0.19273941526473848,0.7519167423324433,0.2248192641227601,0,0.8283950396773987,1,0.7925526521066191,0.03584238757077962,26.54496423443218,0.9990784211021267,1.3435816609425086
0,0.385097875081326,0.6251896721373968,0.3436632283667762,0.48518656335923027,0.0038087088802190028,0.08107741976616467,0,3.079584786040704,1,2.3466393857971797,0.7329454002435245,1.1680085083395255,0.31599153684075376,1.1007910707098203
1,0.21384773615516584,0.1671498627939788,0.21823118973973687,0.7715328155456788,0.0,0.028585825392681827,1,2.288271562373909,3,0.01403193334607613,2.274239629027833,0.17506674934493205,0.9437663836448986,0.5911997486778252
0,0.08319739297240691,0.15410421621578507,0.09775650228492694,0.3657653895041787,0.0,0.08359525786526889,1,1.277597511800347,1,0.8356041267049485,0.44199338509539854,0.261638287687076,0.8342294627558795,0.15088774504162794
1,0.138075112656029,0.01689934410651739,0.27790653898724615,0.0,0.0,0.009113734633617584,1,2.001648521557736,1,2.001648521557736,0.0,0.1311855328861079,0.9966875358198242,0.0
0,0.861959159395331,0.2982120637943041,0.3838791037313717,0.13300381527001326,0.5733112046837351,0.010923659461509541,1,0.2090906437072462,2,0.18615561753327506,0.02293502617397114,0.9473875049408601,0.24519987684131128,0.05704568830927846
1,0.17608527940519159,0.9956870804879614,0.9261266431596539,0.48881262090702016,0.0,0.16965989262546968,1,0.9022694564213365,1,0.46197387483196667,0.4402955815893698,89.09302372089967,0.9999999420452026,85.19340697889768
0,0.7095130948810446,0.27372819534640946,0.13816943688435668,0.48716375546750734,0.8101565433545371,0.0664613155410794,0,2.563009082880615,3,2.3524961639129303,0.21051291896768465,4.626421559341314,0.43526339680568826,0.5775344475134102
1,0.17519798987460955,0.19395874189203477,0.7417834604658309,0.2051544975316112,0.5385312954085268,0.014545640671760732,0,0.9403870997345993,1,0.8606820838858563,0.07970501584874301,0.0742606860029487,0.9999783591458169,0.0078856082747653
0,0.4343817128125359,0.8735770363532055,0.46475389998754413,0.9306771123623861,0.0,0.29259729031233805,0,0.4428450360620978,2,0.0020722813776721805,0.4407727546844256,0.09926733846164561,0.20027493937780627,1.3326888573126374
1,0.23385044126127463,0.23016892198341443,0.9454471573952042,0.0,0.6542806725354231,0.0914220465334881,1,1.7340296593572595,0,1.7340296593572595,0.0,8.377597379189238,0.9999999948225516,0.0
0,0.9343887042197973,0.9369199545166073,0.7120848133788701,0.0,0.38367818952535515,0.16184034419159182,1,1.1952135179545957,2,1.1952135179545957,0.0,0.7264559100386503,0.08193649515806334,0.0
1,0.3107220758416416,0.2348557370109834,0.6962769982865862,0.890816405528459,0.1164215090388766,0.2500612282030059,0,1.7471770043601238,0,1.7471770043601238,0.0,0.7112689964826254,0.9999321856174324,5.80316203983959
0,0.9290430316968862,0.5705129611089633,0.036906090974206274,0.0,0.0,0.10947616451329557,1,1.5605833728427203,3,1.5605833728427203,0.0,4.408799991691298,0.07058027522071442,0.0
1,0.2906030400195768,0.5628392879091151,0.03874159067434302,0.6454423945252036,0.34482396946513727,0.03543953644229858,1,3.005941611679664,2,0.057246377047691976,2.948695234631972,0.36254173373553794,0.483019406399563,0.6599768306315973
0,0.4412691559949211,0.7545031103474314,0.04912689404526016,0.0,0.0,0.07992123989886167,0,1.4362404812395053,3,1.4362404812395053,0.0,0.7009659410239518,0.23866506998010517,0.0
1,0.9600000330719007,0.7491465287082903,0.7652325643460759,0.0,0.0,0.23135514476782398,1,2.6772556007812867,2,2.6772556007812867,0.0,231.35514476782396,0.9999940223912157,0.0
0,0.6206631925197413,0.04943964330303763,0.5781222861681246,0.5299462717311161,0.5124110398049394,0.1914036031880019,0,2.5906499704529162,1,2.3181904544255634,0.27245951602735285,22.003379304008433,0.8794220254456875,11.406057680858538
1,0.10326217486131217,0.06865018707536141,0.5961296356590134,0.5995140153053236,0.0,0.20313421278910487,1,2.7256837662298854,2,0.2411109716293106,2.4845727946005747,1.50070132985342,0.9999179428823877,2.246499289408022
0,0.8250853563853805,0.40146246624654336,0.9264027650401553,0.42261958279457035,0.3729173249736313,0.22715518954235425,1,0.3019363447061621,3,0.11954137875661824,0.18239496594954385,9.739306682946355,0.20683957923517426,3.577191961796116
1,0.7356406465594744,0.23819746616997484,0.6408699439575405,0.547456337973794,0.9355232650872749,0.12610758700194788,1,2.0058287705872093,0,2.0058287705872093,0.0,128.0261280442874,0.999940045830633,4.725141370440595
0,0.7340764106740081,0.7985398296531064,0.47267448838980897,0.0,0.0,0.14196304838103396,0,3.0869273972684543,3,3.0869273972684543,0.0,1.7309934824889357,0.1424362131052077,0.0
1,0.38273252320515394,0.053321315708803496,0.16508790541935514,0.9379960725585758,0.0,0.2986392152861193,1,0.6661961980439489,0,0.6661961980439489,0.0,0.938309240224756,0.9745745623766379,14.19475214707505
0,0.16090183819094084,0.19846715622177147,0.3958638165175983,0.0,0.9714628343089052,0.2326364431126338,1,0.3178615780630704,3,0.3178615780630704,0.0,2.0666991997496176,0.7721470843609384,0.0
1,0.27703651186333744,0.12613426490055246,0.8324335758861277,0.0,0.0,0.24546377241192538,0,2.617890157701337,1,2.617890157701337,0.0,2.305857291131001,0.999998859156917,0.0
0,0.06984813285066005,0.34756776757099195,0.5113212185215273,0.0,0.7258704516172582,0.11529789919000442,0,1.038040132397819,1,1.038040132397819,0.0,0.33030816285264314,0.6358368923607012,0.0
1,0.6171257882104293,0.0033895966699919455,0.5682601012595144,0.8297912418754496,0.8971291050516621,0.2842323653659636,0,1.735591006820289,1,1.6380863221605317,0.09750468465975737,21.194803468284928,0.9999896410646363,2.40431827396019
0,0.03844885636175932,0.37752040818629695,0.7608216821442847,0.0,0.0,0.1305390640642623,0,1.208482830786798,0,1.208482830786798,0.0,0.19205293064558218,0.6132226053718256,0.0
1,0.7042546801819038,0.32286722096452436,0.7805563891273875,0.5220840835150797,0.8059987016334033,0.09598456947632067,0,1.8282932990412024,2,1.5843619082427607,0.24393139079844173,56.91714731908803,0.9999914840597612,8.82007396165784
0,0.5321623957487037,0.8014874511119313,0.5160019116654839,0.612568767508055,0.0,0.2326900715748733,0,0.04131674604084865,0,0.04131674604084865,0.0,0.7871020072201396,0.19633499541572297,1.2444895146030373
1,0.8740066374145234,0.49184439998982254,0.8624112656338899,0.0,0.0,0.25093621564952584,1,2.83681182208306,3,2.83681182208306,0.0,250.93621564952585,0.9999998107836343,0.0
0,0.7754661347765404,0.2974500703271298,0.7791128074948442,0.7050210963389467,0.0,0.10646853912030688,1,2.912179434025794,0,2.912179434025794,0.0,5.330149792134442,0.3465455315743837,12.7394467992851
1,0.2868578388502513,0.01014326836833812,0.012317919399890687,0.0,0.16922353953542146,0.07494080693954971,1,2.0215735669179975,3,2.0215735669179975,0.0,1.8394597388665168,0.9900734483454432,0.0
0,0.35479216006701253,0.8652352268190076,0.8341075584748504,0.02146629349398832,0.0,0.27667599444778207,1,0.8952469711093672,3,0.8452975950537044,0.04994937605566285,1.0927963628806983,0.1978743694843057,0.02397289669103076
1,0.8323253578719647,0.6400639290398693,0.6160058276536706,0.509500431303472,0.7627911638430954,0.07391142341790288,1,2.529012532608593,1,2.4386960464434453,0.09031648616514776,82.79478996863716,0.9997364174962202,12.19574519582614
0,0.9625403631980448,0.640274736694768,0.12636940254394569,0.0,0.0,0.21141356031334987,1,2.955526353915358,0,2.955526353915358,0.0,6.903812639273809,0.05278320773455991,0.0
1,0.9377046807442099,0.19009841447665188,0.9084067914577165,0.07565067538704429,0.6431917157418903,0.29096813276725,0,1.4891597931416691,3,1.4064525440646107,0.0827072490770584,289.52891821334566,0.9999999111081193,8.122369612322206
0,0.3465732056523644,0.6646252205147024,0.2573453635311578,0.5856004293158703,0.0,0.17266051962414203,0,1.8742283244752302,0,1.8742283244752302,0.0,1.0412336387041239,0.30923440421649906,1.4713984013946575
1,0.9636907042864682,0.030652778276168302,0.4184327608058417,0.39675503058718864,0.08154951186730197,0.23037361719220603,0,2.5123169195208863,0,2.5123169195208863,0.0,113.7458934024528,0.9992920415749278,66.71974829896253
0,0.6865012924494188,0.8670801487975497,0.04097716277953711,0.5200446993090723,0.022281300203140675,0.14518298074681807,0,2.8104654717242834,1,1.1697610586530205,1.640704413071263,0.635097811623864,0.14449813949201262,0.6881458544208661
1,0.2623035863058717,0.04965618094474822,0.17616461557013197,0.26690580408117925,0.0,0.08330743291705292,1,0.5413155611266712,0,0.5413155611266712,0.0,1.8136859291169278,0.9770723263107315,0.6603289235634315
0,0.14242100415741843,0.9352452149525793,0.7394684513542825,0.0,0.43748048577066356,0.1733384838194874,1,0.24657357399466032,1,0.24657357399466032,0.0,0.18341678383489474,0.22822790110822588,0.0
1,0.264264865143918,0.5243497157229872,0.7197715442110039,0.5784200883306726,0.0,0.2758473707619128,1,1.0521525288156934,2,0.1829599080948085,0.8691926207208849,52.581445364039624,0.9999733193994297,72.14329580266634
0,0.15095327641208822,0.26297991142777644,0.6355879564141971,0.9231467024829093,0.24133943791915402,0.06198748647788705,1,1.495073251699869,1,0.13921933294622746,1.3558539187536416,0.04505536652593402,0.7040995019660262,0.42092495792424744
1,0.9757021725208551,0.8548690692327361,0.44453603901812166,0.6693228240528423,0.0,0.22902033365914573,1,0.5541268321400225,1,0.18105625030275813,0.3730705818372643,76.00727909640261,0.9915109796934245,153.8461387534843
0,0.9265241621118052,0.013467321385053244,0.014945993418533199,0.5029232592988504,0.5891186398107742,0.0828464473116671,1,1.8435380484198347,1,1.5602732180373207,0.28326483038251404,49.63586926432846,0.84331877131038,17.66443919672143
1,0.775870649725903,0.3715516232581265,0.764947709206768,0.0,0.07158302303597242,0.2008250629463608,0,0.23643323247997725,0,0.23643323247997725,0.0,200.8250629463608,0.9999861297638095,0.0
0,0.28141912641435984,0.3415945546561544,0.85946788172959,0.0,0.1798049208433271,0.018935109792796577,1,1.0495960862641307,2,1.0495960862641307,0.0,0.25838180533349425,0.5807174724987085,0.0
1,0.10890561641434915,0.8491684721611412,0.984584135513019,0.031038760008335053,0.3257766446867001,0.20709211625969268,1,0.3620541527855922,3,0.3402218528653787,0.021832299920213516,34.793828934296265,0.9999999981834267,0.743848272966062
0,0.8555408261622696,0.3978788683844434,0.02191454174526064,0.12641607094706275,0.26547028243020254,0.20011660286127203,1,2.629197294273048,2,2.51379743977015,0.11539985450289825,13.887064973569192,0.17939565971867877,1.4307878466594748
1,0.3146148838515971,0.4518574919499294,0.13437710316697749,0.0,0.0,0.04995088264813482,1,0.3074259534955686,2,0.3074259534955686,0.0,2.2609393949608303,0.7293895390492253,0.0
0,0.08228019460166658,0.13695555954464755,0.008963258162187793,0.9833840528780805,0.901886226823066,0.1369021963985135,0,0.9048286027577876,3,0.6553298340715712,0.24949876868621645,0.5495519661686272,0.8525756192755478,0.09539705560711584
1,0.8783498007320927,0.0072125438958030585,0.24964326863440833,0.0,0.32896083294706635,0.09837228785634573,0,2.8306957116793376,1,2.8306957116793376,0.0,18.462388369776576,0.9987818218134743,0.0
0,0.5669755033384577,0.04438595119107225,0.022127399689755856,0.2789348616232845,0.0,0.2016009584823484,0,0.22685841507913124,1,0.16375336358382742,0.06310505149530382,10.341678089450882,0.9031276815615843,4.000546404625191
1,0.5961203340389677,0.8605091497962565,0.158006295488461,0.42144143165510384,0.0,0.2965976531483424,0,2.439448893692872,3,0.5717245043062609,1.8677243893866113,22.46711232849047,0.5921739127563104,16.36579683187849
0,0.6548894080018061,0.04748489264033262,0.7721775510457132,0.0,0.6878339838962009,0.06516646893560137,0,0.18972735795414372,0,0.18972735795414372,0.0,6.483168589359862,0.8737801972483659,0.0
1,0.9499138184920697,0.907145516044141,0.7935002635159135,0.22710861943532012,0.07476305648731452,0.2626710838562857,1,1.2674781865200915,1,1.0359155705203205,0.23156261599977102,226.41725797386687,0.9999968543402593,60.801111953117044
0,0.6405199591436431,0.02900016626857327,0.37721667161532024,0.461067483441126,0.0,0.27238201143238866,0,0.4986164611896144,2,0.1451064790854535,0.3535099821041609,14.527729476127181,0.9232911906485765,12.428761419779164
1,0.15992523837415407,0.09234088257905237,0.20299408634390126,0.7893714530709057,0.0,0.12709812983500246,1,2.880713488744734,0,2.880713488744734,0.0,0.7525478373407852,0.9640055291577005,2.820319413146975
0,0.328849974924464,0.23340027482890535,0.34227754011742195,0.0,0.6391733488839003,0.05545131893570697,0,0.5616133427271263,1,0.5616133427271263,0.0,1.1214603455049166,0.6879273695883381,0.0
1,0.08131389738994754,0.8800103720485177,0.3988285090640392,0.9488900244729189,0.0,0.026300104328242566,0,1.2740621927097555,0,1.2740621927097555,0.0,0.015777383882183818,0.9434359636828762,0.2929174202040367
0,0.6390655486516478,0.4633769635294753,0.5227624919660723,0.0,0.37777724215922315,0.04661931417890545,1,2.8963573412920818,1,2.8963573412920818,0.0,1.459979308829561,0.29477512547994167,0.0
1,0.6159916400657584,0.35376775069771693,0.1679671880662097,0.0,0.0,0.08081790888223023,1,2.978116918036006,2,2.978116918036006,0.0,13.02578559842601,0.8554987581810247,0.0
0,0.9429301166721465,0.547108570437454,0.5456593666124373,0.4929581849696941,0.0,0.13255366894923531,0,0.35616258371562853,3,0.04643707411937111,0.30972550959625744,3.0349499316722035,0.06413645881785468,2.950650943259196
1,0.7739908396028716,0.3020602739393943,0.927568706837235,0.0,0.0,0.1001029366957167,1,2.296320304653913,0,2.296320304653913,0.0,100.10293669571669,0.9999999900937867,0.0
0,0.3394899006222468,0.6563335521741565,0.15033982065097462,0.533697108378843,0.0,0.2102123689989935,0,1.7352187096164153,0,1.7352187096164153,0.0,1.333582945987557,0.3158170282766808,1.526324144339931
1,0.11637059926535587,0.09094423155841491,0.6921967413670288,0.7090266860262215,0.0,0.11087931826129617,0,0.22396881760570547,1,0.0650068545189155,0.15896196308678998,0.06924889126347844,0.9999657193707626,0.16874163205206835
0,0.7679891498515221,0.23969871901024697,0.5209956597312444,0.08375495443020664,0.8984653229958568,0.27700471783345854,0,1.2321536608676853,1,1.224084629631208,0.008069031236477286,23.254409620786276,0.42393529286702203,0.19968371223769685
1,0.6037035077127262,0.4285104543235273,0.6266615122459684,0.4859786610025816,0.5118140414264909,0.16392807560296194,0,1.7913798781330295,2,1.067096011774201,0.7242838663588285,31.704677278274318,0.9995704133043259,19.0938996517229
0,0.6696125594338608,0.30527786997119,0.7799133378911136,0.22276700050792608,0.16092816092119178,0.15717245764439156,0,2.511158341891564,0,2.511158341891564,0.0,9.943088145626994,0.42917946178889377,2.293168307152834
1,0.6981775570576505,0.16891375565756184,0.1377492952652002,0.0,0.29302026560089234,0.2414704870051161,0,2.961105474983276,0,2.961105474983276,0.0,27.083114338864828,0.9157955009939008,0.0
0,0.7167272216730136,0.18381318370461663,0.20611586138549265,0.7925460584104863,0.0,0.2899894972713327,1,2.6926189327601135,0,2.6926189327601135,0.0,8.309260526075748,0.5570944788882727,31.744259124648313
1,0.5639160863878279,0.0607757888476288,0.224629911955879,0.7269521076236067,0.0,0.25903307569253803,1,2.603892579451291,0,2.603892579451291,0.0,16.286670696343876,0.984064666633764,43.360999734647386
0,0.6013515759724134,0.22483752499535203,0.4491194826014716,0.9642488978520283,0.346543569233131,0.1683836473372216,0,2.2260277375620654,3,3.8426963559780834e-05,2.225989310598506,0.31538324731429956,0.5788414473774794,8.506253803452605
1,0.2009315624794893,0.29860933814515,0.15919910465283882,0.8663607581074583,0.9732755237717081,0.2526978424278077,0,1.1069061352368206,0,1.1069061352368206,0.0,3.363372668903005,0.8317796984765345,0.08038248691304778
0,0.5930228853799508,0.1859539175892424,0.7816220099610874,0.6975959536998041,0.0,0.11749134691989326,0,1.3949546407835172,1,0.37767958933331225,1.017275051450205,2.019843911619466,0.6404965046143287,4.659444729956351
1,0.6986824002792861,0.672869755778257,0.15876662104556905,0.0,0.0,0.19022670498095928,0,0.8608510892358953,3,0.8608510892358953,0.0,31.041775882478152,0.7079198397934987,0.0
0,0.14642647745666892,0.5898275174662988,0.9350442422669013,0.0839490075863839,0.0,0.18690707205398657,1,2.356189057666804,1,2.287008284687139,0.06918077297966496,0.8119766191051493,0.4083988626671672,0.07441139404000206
1,0.9874068081873031,0.08817232411956066,0.6237459830229927,0.3451902044981139,0.038773474481291204,0.20097249650660892,0,1.2618514189450967,1,0.8704987677351419,0.39135265120995477,114.1280448822726,0.9999332926888498,57.42433340912783
0,0.8109890707989638,0.03347232516085119,0.02106727307877343,0.0,0.43888347308913,0.16143137778688513,1,1.6544243125746458,2,1.6544243125746458,0.0,35.123675829796284,0.8451478131772954,0.0
1,0.8590487367724473,0.12832164855166506,0.4665729155944395,0.7337562352062885,0.0,0.03467352955210689,0,2.9988638242132377,2,0.021389334420859954,2.9774744897923777,2.4875446447740903,0.9983049650718324,6.855564842508989
0,0.36680530944433243,0.07953114820374041,0.40904928403799556,0.7140503727895843,0.0,0.25898986853793493,0,3.1242174296155563,2,0.0033179924103911244,3.120899437205165,2.265009254855008,0.8799289040124736,5.655998640666056
1,0.3063654983117131,0.6493367812793907,0.5472446949803246,0.0,0.943804699294663,0.04711975140703311,0,1.74265998841037,2,1.74265998841037,0.0,3.1135731966451825,0.9962433889342074,0.0
0,0.4380657690024621,0.2510244508538536,0.42119135882018155,0.9432281649702303,0.4792162314856915,0.27575599133234957,0,1.7808183444561758,1,0.059543882970342965,1.7212744614858329,0.45872565622556255,0.6263958084550112,7.621436910036717
1,0.9341302418242566,0.7876852036211766,0.9599266486497664,0.0,0.0,0.2158037927328154,1,2.7109065064727758,1,2.7109065064727758,0.0,215.8037927328154,0.9999999952183772,0.0
0,0.4289483293898263,0.4561590978730493,0.7147323403869527,0.0,0.0,0.08946945817063487,1,1.036024028136484,3,1.036024028136484,0.0,1.633299818124496,0.4050515344429627,0.0
1,0.25640922100347385,0.9764828641641061,0.516920869932736,0.09518782166310136,0.6865536913776397,0.16301932964806498,1,1.824095739396397,0,1.824095739396397,0.0,97.23144845886368,0.9947775582225397,2.993284535127638
0,0.1628182409599851,0.9167496671120827,0.49529758826645975,0.0,0.0,0.18738086941299556,1,0.7771677214692583,1,0.7771677214692583,0.0,0.2712851021884348,0.22915734723508097,0.0
1,0.3092691008341385,0.7192832555549546,0.5722573756931186,0.17701581206131123,0.0,0.24346956320901297,0,0.5413695255987739,3,0.3054378757685596,0.23593164983021436,17.41599342574324,0.997352959788068,3.746009053751188
0,0.2035060764572636,0.3166094120485853,0.7448070327726817,0.0,0.8594419361948732,0.12899329980741325,1,0.6367044979330487,3,0.6367044979330487,0.0,1.2502562176410958,0.632245439770795,0.0
1,0.6493825435465359,0.37190381950436036,0.7728534789108571,0.0,0.7768433570267801,0.18679355939916228,0,0.10043209654361998,1,0.10043209654361998,0.0,89.69004448396647,0.9999874689266924,0.0
0,0.1126845245146827,0.9476011948357957,0.658414123689694,0.32246975056084193,0.25971009227525854,0.18711749664036234,1,2.8711155403309108,2,2.579969114354815,0.29114642597609564,0.188603580463555,0.23386089961188228,0.0629991551288457
1,0.1285405887253408,0.7524783906843889,0.6770400685691472,0.0,0.5187117636650738,0.10563397765177579,1,3.112607526007835,3,3.112607526007835,0.0,27.953809835308267,0.9998681201379175,0.0
0,0.6697817740471981,0.0606978149821894,0.7737312130574635,0.0,0.15528380007900577,0.24647484915925677,1,2.9923379936433494,3,2.9923379936433494,0.0,25.086372529085374,0.8363377917244922,0.0
1,0.5242202793040482,0.3472719424529118,0.8118994493696501,0.0,0.27433916103205525,0.07699946548997683,1,0.0396759992887866,0,0.0396759992887866,0.0,76.99946548997683,0.9999990550439433,0.0
0,0.2996616566930723,0.12907233520157457,0.7875952147776565,0.34760280218586503,0.0,0.11176522294631396,0,2.950091639573179,1,2.74057993917021,0.20951170040296896,4.303620109439979,0.8253457705422944,2.293005571754411
1,0.6099152871739197,0.19536433810367626,0.1410206820470984,0.007744772072335593,0.0,0.27872496924265844,0,2.3364300601173458,0,2.3364300601173458,0.0,22.531324888586163,0.8977579078690069,0.17586198675343545
0,0.1885485730986517,0.7675528721027866,0.8313033952818046,0.0,0.0,0.1771250273666719,0,0.758774375763563,0,0.758774375763563,0.0,0.6981846907821501,0.3141416160140379,0.0
1,0.45729330044696614,0.5199862292595927,0.3728165956729502,0.7978492907765997,0.7874429946125261,0.12672638624751106,0,2.9492072934128197,2,2.837084526336593,0.11212276707622681,12.652781308576628,0.9637763719242751,2.80877669423012
0,0.9763992124352602,0.6003887631769635,0.31500635557553425,0.3105914126193574,0.0,0.19438527822767515,0,0.5164252723686239,2,0.24738600563387922,0.26903926673474465,5.298681600432974,0.046905217234629704,2.387154777911146
1,0.4690763574227761,0.3444434052673322,0.9774003254227532,0.9294064498356289,0.0,0.18560194374038477,1,1.9541369135480686,1,0.07237577277754714,1.8817611407705215,6.404967392782762,0.9999999990490392,84.32523923189244
0,0.9045437445982009,0.7494917680436421,0.7075600525067461,0.9905941108346191,0.0,0.10478221379250989,1,2.382055158110646,1,0.006583499150851324,2.375471658959795,0.018615200879134965,0.0815024408322097,1.9604853978871881
1,0.21405204852897275,0.25235473266331576,0.8070897586548155,0.5463189182034935,0.0,0.19877380934735994,0,0.4704992470974606,1,0.21304912599856085,0.25745012109889975,0.8051146052782263,0.9999950278967289,0.9695121922291721
0,0.7192550563335175,0.5489516863998645,0.9615229548737204,0.0,0.11201628102337435,0.26398689721208546,0,2.2451800949786946,3,2.2451800949786946,0.0,7.702239327133381,0.20719891147160396,0.0
1,0.7264609260563317,0.980611919972493,0.23561513416679358,0.10625438345226923,0.9891995400084891,0.25841372489000686,0,0.9189161755123846,0,0.9189161755123846,0.0,79.44054957286292,0.7716936915231045,0.09127390143479491
0,0.9234495705764202,0.09767703998498456,0.9780457125907513,0.0,0.3678418983155567,0.23720997883966,1,2.879338923033355,1,2.879338923033355,0.0,71.12018920166439,0.414231523167111,0.0
1,0.9954850346808711,0.21925927378251364,0.47793480926576726,0.03203347317221594,0.0,0.2980001341241824,0,1.2682914236999152,2,1.2060971573151669,0.06219426638474834,186.62894973830382,0.9979115989709485,6.1762192068697805
0,0.9204737283568953,0.5423884618090049,0.4549168110980677,0.05112152549336657,0.32566819415188286,0.18978514730288779,0,2.810043924310324,3,2.7726901814089637,0.0373537429013604,8.646684155422724,0.08068394247867416,0.3089167041104614
1,1.1339166456791894e-05,0.6968738402189343,0.19034893519377982,0.0,0.0,0.0687022060265525,0,2.2656971968717183,2,2.2656971968717183,0.0,5.428478761882179e-05,0.6573809438154291,0.0
0,0.12192354305733999,0.9392555258294748,0.17487899868615608,0.0,0.2210261842831246,0.07587017874850417,1,1.4950211182345223,1,1.4950211182345223,0.0,0.06807147596710443,0.23383289970001875,0.0
1,0.6023506763378386,0.8006060788392959,0.4262670281275248,0.0,0.9473671913524445,0.28598505029650484,0,2.255660855055762,0,2.255660855055762,0.0,90.25384680090815,0.9755410524062323,0.0
0,0.8313934843074301,0.11398544673509436,0.4073033592904045,0.0,0.0,0.22307131658050416,1,0.43002637127309074,3,0.43002637127309074,0.0,37.43438920690248,0.5672095150067883,0.0
1,0.12140064426973662,0.9452086197595266,0.9586061081805147,0.9692725427936658,0.22987766413717814,0.06452611651018604,1,1.6195951570139688,0,1.6195951570139688,0.0,1.4067951498151978,0.9999999878715777,44.376204086620156
0,0.6709491148583387,0.3537679904179256,0.3761211174717105,0.948744109639577,0.0,0.11811299879532167,0,1.0964538104998163,0,1.0964538104998163,0.0,0.2857104104679773,0.375421977559771,5.288486203012124
1,0.008196924218794366,0.0440842691796729,0.4338606619134586,0.4360529263974574,0.0,0.24857715217788895,0,0.0920235783768427,0,0.0920235783768427,0.0,0.024363896237548904,0.9981396153928157,0.018838555513659292
0,0.8051584456335823,0.24711091677354213,0.9468064868314947,0.527592434449114,0.0,0.18718053827429137,0,0.48316046469425633,1,0.2279839479260436,0.25517651676821274,8.22013651580524,0.37250436313866053,9.180381840033403
1,0.596175508175535,0.2914134840471705,0.5555069427990121,0.0,0.0,0.11066318453097106,0,0.4653119004438442,1,0.4653119004438442,0.0,15.745050003582708,0.9988570665559884,0.0
0,0.10601124119362859,0.15176414888387924,0.530371198040275,0.5780289002244176,0.1306668451758889,0.12005117591912913,1,0.8179727634654275,3,0.09271847727912921,0.7252542861862983,0.33913550122250363,0.8332404055836329,0.3733460606875206
1,0.21979585877398677,0.8500100150783545,0.8498234905398226,0.0,0.7807031724488647,0.18099168539817673,0,2.919191900780855,2,2.919191900780855,0.0,17.451699271976057,0.999995150624399,0.0
0,0.8629735159211492,0.047365061926078034,0.24197593126959316,0.0,0.1849812299580329,0.05335854463589853,1,0.6569970031091992,3,0.6569970031091992,0.0,14.794494502502383,0.7337564831929888,0.0
1,0.22417200402088155,0.26669943842406085,0.44814628285086777,0.47748794264608285,0.0,0.24148719562081844,1,1.4447509717694424,0,1.4447509717694424,0.0,10.699339013869993,0.995034568979957,9.777392313734428
0,0.9358184561066668,0.661147727748349,0.5064095502974899,0.1570565796506722,0.8425937574829638,0.2081112113081363,0,2.6667041949434243,3,2.6302450475294465,0.03645914741397771,6.219710935157497,0.07636307222435412,0.15870789972668006
1,0.6254979767515872,0.4379769793030073,0.3493475491051271,0.0,0.7655963632947685,0.29053891649862496,1,1.9490198265358094,1,1.9490198265358094,0.0,114.6002419836627,0.9736334377792115,0.0
0,0.5715927202857062,0.625096166439888,0.2064859124626932,0.0,0.0,0.021695756553442306,1,0.3577851831707759,3,0.3577851831707759,0.0,0.3682621924580846,0.23776844995915458,0.0
1,0.5483121615734696,0.6150257599783899,0.02147598953589014,0.8647936178407177,0.8064036753276993,0.28760534899033313,1,0.23572959785331848,0,0.23572959785331848,0.0,19.1314534648515,0.42279918528261984,3.862026900984766
0,0.3945847404415963,0.33396801711304935,0.2886034063470182,0.706977384570099,0.05527036305082356,0.062168081547091886,1,1.620236540436444,3,0.03654841446155191,1.583688125974892,0.3897028301370237,0.5469740082288039,0.9402383061990937
1,0.19792766052232746,0.8411789825570615,0.9333290085550671,0.6628586011987877,0.0,0.18239760332810281,0,0.02327724399847793,3,0.0008919864811054005,0.02238525751737253,3.1924647509324937,0.9999997239432729,6.27675131770836
0,0.942968378611626,0.027773874513503882,0.5893402465793282,0.0,0.10537457849582665,0.23197205444605115,0,0.7574983844276969,0,0.7574983844276969,0.0,153.32598413547836,0.6662656616131322,0.0
1,0.8425564541732821,0.3318752228329356,0.935581071179191,0.03763787460086243,0.10486089733318804,0.0590696101542553,0,1.169439181110266,0,1.169439181110266,0.0,58.24659509278603,0.9999999417995667,2.0309375710356354
0,0.3145736650740667,0.4739428710093565,0.8063634535694012,0.9919913309768295,0.0,0.1448419915350005,0,2.5247040528912477,0,2.5247040528912477,0.0,0.014017356552805563,0.4320747457425008,1.736255567980695
1,0.9521210282830462,0.7120796358924177,0.5646664000517936,0.09091182142912313,0.19773180683753955,0.1936736688502543,1,0.11581639272485196,3,0.09231091949913979,0.02350547322571217,179.5980768664862,0.9992038331655563,14.13137741512083
0,0.5748008614679588,0.2459282106073517,0.9539218934705093,0.08115748770534059,0.6093495722429098,0.1236182049383655,1,2.2476879122833533,3,2.167768871418951,0.07991904086440238,5.779556438197091,0.5659264786941347,0.19100463068779983
1,0.7119257868122665,0.5132287002476623,0.9708794541948291,0.7169453555176513,0.5564184853613068,0.2662529197419029,0,0.02246753764556169,1,0.015322248452596453,0.007145289192965237,181.5751312765984,0.9999999824555249,84.68456749039031
0,0.16347577263740332,0.7685024077505094,0.7733743738375625,0.23958876888309155,0.0,0.12534651165446556,0,0.9546640402251827,2,0.5696940392227313,0.3849700010024514,0.3433055529459321,0.3226787131203124,0.10816799044410633
1,0.8484358792410059,0.8680710728896108,0.12141993353888514,0.0,0.0,0.20263943601730028,1,2.4628746933207166,2,2.4628746933207166,0.0,101.11082353495885,0.6136855930085965,0.0
0,0.18219333603245258,0.06641006200911637,0.3133228648020068,0.03869150816675648,0.0,0.188781427622694,1,2.5024204443438776,3,2.4255829638382767,0.07683748050560091,2.3933198504607565,0.9199788274462706,0.09632823940124532
1,0.7869595516599672,0.37662551274740264,0.8151998705246492,0.0,0.0,0.16119381472082406,0,1.8328256440444917,1,1.8328256440444917,0.0,161.19381472082404,0.9999963576448196,0.0
0,0.6103809643966074,0.3530097298957863,0.26696703586011516,0.0,0.07491196223561758,0.18773206688228058,1,1.392607763869677,2,1.392607763869677,0.0,7.351379757868074,0.41659910449391424,0.0
1,0.07181126758633194,0.8019653477396904,0.4825591799988945,0.5463019698015047,0.0,0.14611510811060785,1,0.656192511832162,3,0.06099450391476269,0.5951980079173993,3.8167594667818148,0.9907934515165867,4.595795168097165
0,0.38407193641553583,0.4919934908613879,0.23395806301594346,0.3696835116331627,0.5559836863376838,0.06024414121198746,0,2.6410629885408836,3,2.201561402950059,0.43950158559082464,1.0110970788662295,0.3917788607390651,0.27087452821927893
1,0.02777486376196192,0.18437156349231998,0.5537275665339414,0.23168105383269066,0.0,0.04278207174387126,0,1.0343512582256629,1,0.8134411068166341,0.2209101514090288,0.022894274560620372,0.998817447081322,0.006903603878830357
0,0.0906141822263451,0.3651300249500228,0.08274609274595712,0.2158691649428246,0.4249583478841691,0.19566732307679668,1,2.3307590115889254,0,2.3307590115889254,0.0,0.7894548680611196,0.6125825365844957,0.11250060198784213
1,0.25277053340096256,0.556541451432702,0.5152292804571992,0.0,0.0,0.2987253829734942,1,2.733433980114535,0,2.733433980114535,0.0,58.76161850203054,0.9969176388662403,0.0
0,0.23775351908560194,0.2830724691286104,0.23744888519258234,0.0,0.6169362125713825,0.016213473350155747,1,2.399540191476322,0,2.399540191476322,0.0,0.19988860012547446,0.658762984256176,0.0
1,0.9018150563233277,0.5251086821436095,0.6992843859097466,0.873256504273591,0.2533530261382382,0.10166197963218021,0,1.8202923368315294,1,0.1448509631011139,1.6754413737304155,12.899955691710883,0.9999140184109572,88.88006558493896
0,0.11095312521856071,0.0350832150422965,0.9077523095061526,0.0,0.018905408760620412,0.24484760405279613,1,0.679729644998042,3,0.679729644998042,0.0,1.7613857999964262,0.9607104217770372,0.0
1,0.8164771910322479,0.9496187433635734,0.9496430457027636,0.6086159600097529,0.0,0.052135513154051426,1,0.5640090471128653,0,0.5640090471128653,0.0,21.202210677590205,0.9999999892572088,32.97018398142181
0,0.926437966164538,0.4394872040758858,0.32848017616346803,0.46087470186033264,0.0,0.0204449598730075,1,2.31594809270049,1,1.3347668942944928,0.9811811984059973,0.9078163833483242,0.08577236221500717,0.7760526290702742
1,0.3575342109363048,0.4865025487474709,0.5623353072741595,0.32177538334199507,0.7438105780025384,0.12978489387193742,1,1.2273193288864692,1,1.1445352002940883,0.08278412859238093,46.19839793902677,0.9990279377264972,4.328969988992614
0,0.41177256783103633,0.3493638847770626,0.2517294615623278,0.12229663300568983,0.0,0.01031026179990091,1,1.8844699079528056,3,1.4681030842537874,0.4163668236990181,0.22114517272786494,0.522782932121845,0.03081372482675563
1,0.7991938222001158,0.21844087465579443,0.7142125663028218,0.945396141512109,0.0,0.10344448577653714,1,2.533706814435766,2,0.0018898099064470208,2.531817004529319,5.6484685833784205,0.9999918015691603,97.79602672881703
0,0.5091813071418702,0.23255918378055263,0.565713945324642,0.620627624413148,0.0,0.09079523323652036,1,0.3945990719713043,2,0.05653673279675017,0.3380623391745541,1.3261022918942653,0.6182757667872203,2.1694139270790185
1,0.010390592685884825,0.4767875100927137,0.9390022196881597,0.0,0.20565585072327375,0.1332871317264763,1,2.6627965971746894,3,2.6627965971746894,0.0,0.6722500445878861,0.9999999811729844,0.0
0,0.878955787688347,0.1675276956034516,0.31221118159981287,0.0,0.4369359171280084,0.1276802071254459,1,2.6903385378286973,3,2.6903385378286973,0.0,20.893021882966735,0.3755808397694854,0.0
1,0.3937017125703929,0.1835314714088001,0.44055765039950134,0.0,0.0,0.27496074067165244,1,1.0806766383202395,3,1.0806766383202395,0.0,36.18557521208256,0.9965756631568989,0.0
0,0.28674918743925826,0.7786080892591136,0.46256359800127145,0.9094607646179749,0.0,0.2810202591892386,1,2.238690927360216,0,2.238690927360216,0.0,0.15026489082098343,0.2555350592136888,1.5094011112934513
1,0.8208273223587107,0.8273888543810273,0.4290367824012785,0.0,0.21880702404714425,0.14513623530634942,0,0.08944148704421002,1,0.08944148704421002,0.0,129.20608308619606,0.9803870845742554,0.0
0,0.3886860176520278,0.0680686992527344,0.5011032531465106,0.9254791467619606,0.0,0.1054348087934883,0,1.493997418667853,2,0.005928592124332541,1.4880688265435205,0.2677512036054759,0.893270996005454,3.3252189781798496
1,0.35309526876726105,0.08041730627507548,0.6060192337146227,0.0,0.0,0.01993391938144954,1,1.0581163836421683,0,1.0581163836421683,0.0,2.601653597890027,0.999937219775132,0.0
0,0.8338522596199749,0.9864862917952717,0.46981500363469186,0.0,0.5445438897212772,0.1789894571580996,0,2.7717961926953962,1,2.7717961926953962,0.0,0.16715485600562457,0.11531097649342315,0.0
1,0.0920544701902003,0.48636751063376116,0.8343101391962697,0.024159037180619847,0.0,0.2528365518819644,1,2.4645533866315867,1,2.4487394695150733,0.015813917116513476,24.142377637085676,0.9999990431304328,0.5976963677337184
0,0.1628786372271258,0.30580032549632885,0.12211960579832926,0.0,0.040584809167196645,0.17122968924385618,1,1.9490585695164513,1,1.9490585695164513,0.0,1.309753754479352,0.6552146980267023,0.0
1,0.8667916908373029,0.06899772774106683,0.8874264152434238,0.7611562256900614,0.5615335897308549,0.24394193827788918,1,2.0088287463981076,2,0.07514932886256648,1.9336794175355412,58.29393165039899,0.9999999892582762,185.77327009609968
0,0.34447251751754404,0.465904855839957,0.6671135870933721,0.0,0.3585057267133316,0.060193595554701086,0,2.706629511651735,3,2.706629511651735,0.0,0.8144674603181282,0.42905139180788787,0.0
1,0.1869629549242311,0.6681688859273507,0.16743194029633712,0.253016610741585,0.0,0.008763167282499793,0,1.1283251803761538,3,0.4963478422709664,0.6319773381051874,0.11022612725189929,0.6401571429599613,0.03733555730085739
0,0.09628310260329553,0.854123108123407,0.6084142091949573,0.1275883153709202,0.0,0.24794946267766216,0,0.31393489000937225,3,0.20921628840576237,0.10471860160360988,0.3871298685553687,0.31596401167685795,0.05661690303901147
1,0.19005851380314387,0.09922164616786278,0.2994407436330734,0.0,0.07493726063313211,0.2322258249264625,1,2.6265940235011724,2,2.6265940235011724,0.0,5.867892998809309,0.9850113612695733,0.0
0,0.7762610274911735,0.007584801605228786,0.9177950155525824,0.8288806055921435,0.08449820776190364,0.25250639303298794,0,0.9598675096686531,0,0.9598675096686531,0.0,12.207618771286851,0.9669689993526742,42.83197085218791
1,0.3764342221005359,0.2642849201487666,0.8696090137156549,0.0,0.912314241932998,0.2112244114323302,0,0.894878748771101,0,0.894878748771101,0.0,7.900915902266521,0.999999295955819,0.0
0,0.5231081267137977,0.7559220223608906,0.2572447923132669,0.0,0.9038885525124414,0.027201201521376613,0,0.8026127142568951,2,0.8026127142568951,0.0,0.28118776463860473,0.21329788947859807,0.0
1,0.4047677661217187,0.6308624733006215,0.4447763124861073,0.7123163991879835,0.9829251623165005,0.24219711453893666,0,0.5895825935453974,3,0.5693378739674356,0.02024471957796181,21.40641289731987,0.9825693871511163,0.2691445275799545
0,0.5377192268309462,0.5538323042211593,0.43084908099103336,0.7169565446953775,0.0,0.08975559553717342,1,0.7106073626787694,0,0.7106073626787694,0.0,0.513265635949809,0.2892808298178592,1.3001154061852664
1,0.010539861635277759,0.16827864575593243,0.08254496082170681,0.0,0.0,0.03393697307279353,0,0.33270277551785954,0,0.33270277551785954,0.0,0.01878843047949329,0.8596054549606846,0.0
0,0.5192458193946311,0.8184881671553441,0.08514361066693465,0.8475933006335923,0.8666218716240613,0.1945507550487768,0,0.49203661755805805,1,0.4374259512964901,0.054610666261567964,1.3653383054497186,0.19483849246935325,0.181040693267756
1,0.5975413637204783,0.30084749334109095,0.37606094897531583,0.0,0.9983765787497667,0.2968708102677393,1,0.00901242378547941,3,0.00901242378547941,0.0,92.61805723373772,0.9871794326539736,0.0
0,0.45663254128604847,0.6519596932840914,0.45260978619983494,0.7616512898651507,0.3139261820802194,0.10342233351233827,0,2.924001347283742,1,0.09697621152935465,2.827025135754387,0.3034239279945747,0.27717211221091465,0.9696013290874048
1,0.5082640916775129,0.5757401123912972,0.04497322140545734,0.0,0.0,0.13662591949037214,0,0.9267642611269895,1,0.9267642611269895,0.0,8.689088814508878,0.4960124249943042,0.0
0,0.684688535831752,0.10260115849141427,0.5137647760310289,0.0,0.0,0.02339247103789605,1,1.1259001825870558,3,1.1259001825870558,0.0,2.2367243949822453,0.7338914507620723,0.0
1,0.30935915590471785,0.24349134382503967,0.8730529458077267,0.23240875324985288,0.0,0.10047246517008832,0,1.656161881109668,3,0.854442024965716,0.8017198561439521,1.487835006798797,0.9999993821886122,0.4504817901918428
0,0.7033124550228095,0.4721928218379904,0.4133700903478744,0.16645107691352568,0.5487740509520582,0.2187080869936726,0,2.0911603395095604,3,1.8600337303888521,0.23112660912070826,7.917319083577931,0.2490412590048231,0.684986679210756
1,0.46876346636698996,0.16948032496366094,0.43083369409225514,0.0,0.0,0.16163089172172626,0,3.0457658027901724,0,3.0457658027901724,0.0,7.392128824586322,0.9945658231700282,0.0
0,0.8171387835017587,0.887372049818677,0.7937537560573243,0.3433539129250013,0.0,0.011378680181537799,1,0.6365689593468208,1,0.4211457287469351,0.21542323059988566,0.05456594925032873,0.09860396553641015,0.028532009184770404
1,0.7515422261770074,0.620188284240582,0.12768003423966623,0.0,0.0,0.11758289936319972,1,0.5709057601197041,0,0.5709057601197041,0.0,33.4448209267728,0.6993134703212862,0.0
0,0.0194143683169693,0.5158044967197076,0.8896998225029391,0.03642933138945015,0.0,0.28682432436832195,0,0.9456265480240393,1,0.9156431377682246,0.029983410255814746,0.16647456692658955,0.4968063461288138,0.0062938374569131515
1,0.05265258066560108,0.6121336080988592,0.4346430972961989,0.0,0.3610626568488272,0.2817847987506099,0,2.356706975835594,0,2.356706975835594,0.0,1.1655789196982176,0.9751242209358314,0.0
0,0.1761421775444404,0.4630450600740912,0.11305837096076943,0.4168590937954857,0.0,0.05198463853370326,1,0.5176997640622031,3,0.10313301622640748,0.4145667478357956,0.1902690504959471,0.48858510861031,0.13601409731878972
1,0.6450109800186268,0.1646504702025805,0.8171612117558446,0.14087740007070315,0.32457022971498195,0.10563475222582736,1,0.237409759821441,2,0.1946235863542309,0.04278617346721009,95.73011894434914,0.9999996566667587,10.076901219596134
0,0.7801631908591962,0.6209801404411698,0.1506629476478618,0.5131030222025103,0.12974911190435612,0.057409323454935546,1,1.190580584133216,3,0.18225919228587142,1.0083213918473446,0.7713859964806336,0.14825581379506803,0.719747701549377
1,0.013105628728791618,0.25726573520639107,0.3933621265800725,0.9421474345151274,0.0,0.011549078276649716,1,0.5639716284193803,1,0.031194356737399787,0.5327772716819805,0.0013735194154944213,0.9872606887406301,0.02236820066178671
0,0.41481189279570463,0.880810626582299,0.6809606095715923,0.27027686550657115,0.8491298181776102,0.04832252009632193,0,0.43932542138315067,0,0.43932542138315067,0.0,0.2082796052557809,0.20301010438104605,0.00886188217838634
1,0.6709923633502609,0.10681018973559164,0.06935737518110863,0.5124076375319557,0.3446684579366981,0.0711760069850205,0,2.537952444151665,3,0.4673525953188099,2.070599848832855,3.7784892021337226,0.92050350078331,3.970789689373435
0,0.5458987409539194,0.2487041537075959,0.8220457464274018,0.33145999645782653,0.8920717675055208,0.06043973077245795,1,2.7618134975825277,0,2.7618134975825277,0.0,2.6111968404149426,0.5783735944563222,0.09696278624167802
1,0.5535192218803134,0.8826546865568743,0.3202557275959994,0.4214915192365015,0.13617354802104054,0.27811875321990726,0,0.1565825539657754,2,0.06331987572186203,0.09326267824391336,33.607859062485595,0.8948691982394836,19.274889724202268
0,0.891623475202528,0.05452297546869256,0.7027660255382532,0.0,0.5222139733031008,0.24182812834976286,0,1.4401151908285694,0,1.4401151908285694,0.0,77.91430391856755,0.6526988635703583,0.0
1,0.2536725968166679,0.14897481079574226,0.0007569000586443719,0.0,0.0,0.12776388317179696,1,0.7809775205657074,1,0.7809775205657074,0.0,2.6095845799027315,0.8511919242485371,0.0
0,0.8065074392341758,0.9468366971438199,0.8895746517122132,0.47559947294816884,0.583821043620681,0.12429638324471061,1,0.652017717753094,2,0.42038919029234445,0.23162852746074958,0.3291489913180938,0.09712872413499207,0.08854763890388645
1,0.856066826564171,0.9645448095895436,0.1560116480678323,0.0,0.579549735849013,0.18356704240208394,0,1.2088214551295575,0,1.2088214551295575,0.0,72.9352618774185,0.649507230880768,0.0
0,0.24840092107691802,0.9781714721744175,0.9188242242365224,0.27999050984243823,0.6319833016190936,0.0963860151383605,1,2.115867785482797,2,1.8965251827503926,0.21934260273240458,0.05593076466628277,0.17974505001711616,0.007159143805585453
1,0.3507043598206203,0.2795850269150376,0.32678501822215344,0.0,0.7928044940507822,0.17507379133494813,0,0.4357755152523782,1,0.4357755152523782,0.0,5.177246610996133,0.9641266383115941,0.0
0,0.46257884936622273,0.3502081167900388,0.08676259109314566,0.5703197732643295,0.06167572733927751,0.2480549386863447,1,2.0199380716225983,2,0.3529623514381643,1.666975720184434,2.7907987484853036,0.4992878276166439,3.7042610072016613
1,0.1222817703304021,0.9621017685819747,0.5211997804145035,0.8325827978572494,0.0,0.13431702763408482,1,0.37646598086681926,0,0.37646598086681926,0.0,4.608262743025016,0.9947542528885067,22.917359977008957
0,0.5605225626343308,0.5545298685942772,0.2320548274079901,0.08274841842931113,0.7169061733910069,0.24768764482440125,1,0.9141716556411338,3,0.8587321813433513,0.05543947429778251,4.930255638408621,0.2788391079202358,0.11909120921480605
1,0.8614211966282301,0.398918368654019,0.3329087473062451,0.19270397505293801,0.0,0.17890742011490746,0,2.5624996304641776,0,2.5624996304641776,0.0,72.29737825408645,0.9699614354340205,17.257600365840872
0,0.2561587307719818,0.9875987435031668,0.09980461720534217,0.9472343370206678,0.226210184412043,0.10514965974673132,1,0.7105648194951869,1,0.16150509997852447,0.5490597195166624,0.007642359617387473,0.1743253757574833,0.02708961171892723
1,0.8007296981778568,0.611252186562246,0.455785261261236,0.3941570134442409,0.93811136456207,0.09716915229605493,0,1.6648989679454935,0,1.6648989679454935,0.0,57.11692628072246,0.9899140383968309,1.4351116100576164
0,0.9239327229049658,0.12196745705709622,0.3455371524984462,0.5885575616752107,0.12122418247367828,0.21680117337430924,1,1.857749789377733,0,1.857749789377733,0.0,41.1587117012748,0.3538387668045696,51.236830781641075
1,0.7937966804083157,0.1920032404149522,0.1920119333280642,0.0,0.9817323585957044,0.1425483828057197,1,2.7562526878785993,2,2.7562526878785993,0.0,42.538980239425165,0.9459965865954292,0.0
0,0.08592521189054703,0.2870991335983041,0.2293545691063722,0.0,0.0,0.14182421845153587,0,1.7832885037252635,3,1.7832885037252635,0.0,0.5552701181335407,0.6941666930273458,0.0
1,0.10223756780254312,0.8051706518715397,0.4699023575869654,0.0,0.06681769251668501,0.16019596282979692,1,0.9553672661438378,3,0.9553672661438378,0.0,13.241532180714785,0.9887144281980942,0.0
0,0.883762797500857,0.44754411926598703,0.012159002322989165,0.0,0.0,0.05733728087280902,1,1.5751354468939347,0,1.5751354468939347,0.0,3.282126262238888,0.12548053851530494,0.0
1,0.6591949398463679,0.9443723372522753,0.615808161243645,0.6584563037822913,0.0,0.17772217698074388,0,1.7739565730756703,1,0.5161191674466392,1.2578374056290311,62.56019739625428,0.9988779213900126,120.6087443498607
0,0.3845348494983274,0.5271957731395588,0.17015593495787407,0.0,0.0,0.22316653665904243,0,0.98192723477602,3,0.98192723477602,0.0,3.013269020366366,0.37136052612407844,0.0
1,0.06123235283484729,0.03992793018024465,0.12792256636246135,0.0,0.0,0.24629367237897834,0,1.1257325328707237,1,1.1257325328707237,0.0,0.7221643709211195,0.9725160761680601,0.0
0,0.6053297039929296,0.0711683724375608,0.4556151442860976,0.0,0.4022895372189602,0.11916960235533093,1,1.2165443456501928,2,1.2165443456501928,0.0,9.183726586493595,0.8374225683792261,0.0
1,0.5845074553226945,0.041937592103081345,0.5946343835601776,0.3929527583443513,0.11103090719286324,0.27711013537455936,1,0.5444926837871467,0,0.5444926837871467,0.0,66.1611934255003,0.9999653405078068,35.640556361823094
0,0.9651806139501425,0.019042046270152824,0.8892080662857861,0.548930369112315,0.39137160902647616,0.15195530805114435,1,2.527708488416879,1,1.9584366760125653,0.5692718124043137,121.62475934633095,0.6420560339303467,148.01156954368722
1,0.8699233870161008,0.12397047833822306,0.08095758341521742,0.40254302399345765,0.8631944324407831,0.20514616386074427,0,1.0959040646530798,3,0.943597849522767,0.15230621513031273,53.54889999119171,0.9297838851424022,3.556305065702992
0,0.4271597007218406,0.715656898506741,0.7934503479816588,0.7725370059022612,0.0,0.20440398512923674,1,2.0210269665908847,2,0.06672803943676275,1.954298927154122,0.42962195840598083,0.24446565653950791,1.459133441610323
1,0.38720618866362144,0.8348378207603351,0.2593920018791165,0.5034347046926985,0.33295669623408364,0.04241164018693458,1,2.66775533329964,1,2.2190837833992454,0.4486715499003946,8.022885644188413,0.8252022880443426,8.133873033889191
0,0.2187462611505383,0.38190385212375133,0.7753049982879734,0.3195664094758842,0.0,0.14033645601440273,0,0.9356906766080102,0,0.9356906766080102,0.0,0.9873277906566104,0.5583873733077186,0.4636996195218084
1,0.7284031389977538,0.9570455027795439,0.21773474866323717,0.1037432598375636,0.25918079974282104,0.16424906591139637,0,0.14806218305023963,0,0.14806218305023963,0.0,42.70199866066487,0.7412718042382958,3.555175104819876
0,0.3400311738099514,0.44778179671569607,0.24923746824143678,0.14426540178330094,0.941219339504642,0.14502804681997505,0,1.0485371719853516,0,1.0485371719853516,0.0,2.0030549581563117,0.4486997886496378,0.01713875249405812
1,0.4715910100504763,0.8147379558537947,0.1541478318804973,0.0,0.0,0.06874716349585798,1,2.2108647161001658,2,2.2108647161001658,0.0,8.629651456463694,0.597357552735985,0.0
0,0.6311193423248382,0.08052545493355767,0.4613888477961209,0.936531997218559,0.0,0.2831067121636934,1,0.7522804809930413,2,0.002797892073582893,0.7494825889194584,1.490619121899048,0.8081365169040283,21.995532270514495
1,0.7393335641980671,0.3756201158896285,0.47824197888259246,0.5259593977530856,0.5103919997336136,0.12842173207167734,1,2.5968753659468433,0,2.5968753659468433,0.0,179.92123213694316,0.99727559112283,65.56353726737356
0,0.4625299855688263,0.11758862561399419,0.8056159350670887,0.0,0.09060566021009797,0.1744379567168568,1,2.0719552479771113,0,2.0719552479771113,0.0,7.217478592796425,0.801323003091627,0.0
1,0.9292019458936982,0.622053415935681,0.10828106142642613,0.9374833941843451,0.9893938147398815,0.23434898937789064,0,0.016742920794043634,3,0.016248458346877406,0.0004944624471662287,107.17369503502628,0.7387156248314957,1.0763652213245394
0,0.01324694910325197,0.5124645790869508,0.4703499965246263,0.0,0.0,0.2683022622430975,1,2.171567884545704,2,2.171567884545704,0.0,0.10774279192512191,0.49705897749817185,0.0
1,0.31378064109329107,0.2216101489198039,0.5114600379076428,0.0,0.0,0.12228004541620342,0,0.4768318052843588,0,0.4768318052843588,0.0,2.724811380455064,0.997656374140168,0.0
0,0.4419739037713638,0.505290026911021,0.5378228920663938,0.4982234554934022,0.0,0.0895279911825241,1,2.242437488677715,3,0.28430424803374743,1.9581332406439675,0.7648833527628061,0.3597593935753225,0.7594671995630783
1,0.36630564699528356,0.32344073937086126,0.0740221273760483,0.3421447883970439,0.5668850767268874,0.1758327008988855,1,0.5735777476908861,0,0.5735777476908861,0.0,6.6189563905642474,0.740492783745637,1.1575168915012688
0,0.8886261067967479,0.791013817968586,0.5816487185509323,0.7421476609571972,0.6368085052711148,0.24927684354336305,1,0.6933517136934165,3,0.2454697023257063,0.4478820113677102,2.511542177682626,0.08614797029688614,1.2613772686441151
1,0.9717915872044658,0.6562258743070442,0.04395598457187777,0.0,0.5661303239426931,0.0798181839056783,1,2.2000155869941898,1,2.2000155869941898,0.0,79.81818390567828,0.6672509699664549,0.0
0,0.7422424866333674,0.154916553972415,0.8533598939151662,0.7709818082834896,0.281649617364671,0.2626005820555764,0,0.9714362126547562,2,0.1468578005904042,0.824578412064352,9.591120921272292,0.5843879380531141,16.98940150654984
1,0.849884511489736,0.6982842186744759,0.33483753063870425,0.38182277222237904,0.8395728377864154,0.011632416492586749,1,1.748710395610216,1,1.6830424225405725,0.06566797306964345,11.694893622135929,0.9599963566347409,0.8014740034033729
0,0.08608813568411633,0.1827442407968788,0.2569640782992867,0.05236444797344164,0.0,0.1925781100059556,0,0.201336853802648,2,0.18091179442423438,0.02042505937841363,0.8293467399351998,0.8034255632804675,0.04582804446541394
1,0.9256532723665952,0.6014592763951212,0.8148431965375373,0.04431581805803464,0.8808775672006451,0.19254070377836946,1,0.7911765891942835,0,0.7911765891942835,0.0,191.8236327842299,0.9999989076670234,1.0180661072519732
0,0.4693494115638135,0.1870893844606436,0.8387216329711366,0.0,0.0,0.23416508832631308,1,1.1773208562924966,3,1.1773208562924966,0.0,8.667627421592936,0.6974919671952544,0.0
1,0.5855950385063704,0.420927612500118,0.6791154004562454,0.0,0.0,0.17513812160419634,0,2.6414880170725454,0,2.6414880170725454,0.0,48.95652195415797,0.9998588933521386,0.0
0,0.217940401054324,0.33609846232488183,0.9034994872811807,0.45941678966571564,0.6795910234889254,0.06673768648531145,0,2.932717161783189,0,2.932717161783189,0.0,0.8146392925442112,0.6070444137647808,0.14094032740630605
1,0.594446608433449,0.9026969287692199,0.30782039162786856,0.6579535210065569,0.884966425462126,0.09775797033246059,0,3.139666280359799,3,3.139103520203538,0.0005627601562609996,23.542236619408357,0.8812215686884687,1.927744546482298
0,0.21931314358518417,0.6334474653828637,0.8159534708163908,0.1454280084957139,0.7682737818110108,0.1710508549585682,0,2.5725672992668662,2,2.533210578959003,0.0393567203078633,1.0393221493376765,0.3686810869082634,0.036469953692107766
1,0.3216113074482351,0.07868972930313911,0.37279253879828356,0.0,0.0,0.14390550244586442,0,0.7052101378540968,0,0.7052101378540968,0.0,2.5691665818993688,0.9939617660323363,0.0
0,0.9854245737665999,0.8537252603740746,0.10106027250773875,0.6076507276517422,0.8462203918047866,0.13267377076939108,0,0.25754696151915046,2,0.2118283573798267,0.04571860413932377,1.4303060915397037,0.0818087307432579,0.14935988215656046
1,0.5582471362982799,0.8537999012488957,0.7670146727031021,0.6087770455087123,0.0,0.2723146197817305,1,1.0824593245791942,1,0.4111952911672385,0.6712640334119557,108.71590152220018,0.9999911117818792,169.1714265962761
0,0.4215642474050919,0.781347273983263,0.5116100780649838,0.0,0.0,0.21532742310112907,0,1.7493483529036131,3,1.7493483529036131,0.0,1.6411741848575363,0.2344320813722286,0.0
1,0.23428712038115573,0.82802484798688,0.07827527107202881,0.3776590435278623,0.0,0.21812396721850608,1,0.7561581672495247,1,0.4749593332635602,0.28119883398596446,3.9198522516654886,0.3302105211354126,2.3787083860369425
0,0.9320790879841493,0.03298964113037173,0.38564276563495503,0.6233890006514623,0.0,0.11267856947715926,0,2.2413600780782827,2,0.24149241275382383,1.999867665324459,23.418764105243696,0.6656563725490318,38.76413587843577
1,0.354641210547195,0.12194352916123241,0.4948824207851471,0.2412889702393335,0.0,0.08002347848731074,1,3.124972019314877,0,3.124972019314877,0.0,12.964944017469646,0.9990874215931862,4.123174526898168
0,0.9149046151747894,0.13030857685786812,0.6992463156491606,0.4826113379111947,0.0,0.21759288294294526,1,2.3075580264950486,3,0.33187636037275053,1.975681666122298,26.6718096876886,0.3622182243631792,24.879010115762398
1,0.3976894964354212,0.9664037723390209,0.5292909188696304,0.0,0.03630979143348845,0.27357399999381415,0,1.939936665781487,0,1.939936665781487,0.0,69.29488778000393,0.9929096614762012,0.0
0,0.151343533443548,0.010860036585740973,0.3481425875364331,0.0,0.0,0.0751582252289039,0,2.124410933411738,2,2.124410933411738,0.0,0.7939207874844745,0.9872279950807861,0.0
1,0.6171073483136936,0.08757175339978851,0.6241009641860857,0.0,0.956646729600707,0.1377024416088249,1,1.666507797842458,1,1.666507797842458,0.0,71.52948427076696,0.999963823734977,0.0
0,0.4270926773676563,0.0049789175286358844,0.8289922117846533,0.021913523354606945,0.36431958702210765,0.29842825074386564,0,2.094634570254132,3,2.057416914021843,0.03721765623228901,13.31982568607897,0.9913415216883131,0.18830186210814454
1,0.8647198061474685,0.27425392211689303,0.5075420231172162,0.0,0.5938834371619797,0.13215123682547958,0,2.979637803427616,1,2.979637803427616,0.0,58.56193476913051,0.9981011072916018,0.0
0,0.5126281370750706,0.5076087666842937,0.292777183798954,0.0,0.1855605564310614,0.2761151727892173,0,2.612291884570651,0,2.612291884570651,0.0,5.622606654085391,0.32954499481946686,0.0
1,0.38796706508652423,0.12333841508571619,0.4805119134142437,0.8620935529084158,0.8975264839380482,0.15146660971221196,0,2.340565507560025,1,2.263829218894381,0.07673628866564375,4.4519547977895915,0.9979801884367159,0.4901776592575144
0,0.3972140372708004,0.8221973050721879,0.8454268907950605,0.0,0.14393556146219144,0.08851274283571761,0,1.8089295667771823,2,1.8089295667771823,0.0,0.5386529325146422,0.2266917984025998,0.0
1,0.4139253420594122,0.16661015839763615,0.9650423106100421,0.7445908701042752,0.0,0.13319510020484687,0,1.1803239481665435,1,0.27353586536473273,0.9067880828018108,0.5100048821045486,0.9999999898935295,1.4868105109582088
0,0.29466427231791037,0.7108395378073852,0.4133850477134221,0.21669774105961126,0.0,0.22530885721695032,1,1.9026002166203442,3,1.1002515324612558,0.8023486841590883,1.2551183910349295,0.28829106596288656,0.34722397005156797
1,0.1606837365488647,0.09762864246396985,0.994982702810921,0.7857249113841396,0.8929709703010764,0.12461190939078684,0,1.9007946809254186,0,1.9007946809254186,0.0,0.012136688075457978,0.9999999995164042,0.001158267043834342
0,0.1404958801349666,0.7941144445324136,0.3780182622302346,0.0,0.0,0.18198412155764682,0,3.025537448861361,3,3.025537448861361,0.0,0.528235119503156,0.32053072022745277,0.0
1,0.22455677541899588,0.5830786459589414,0.5874084007025854,0.0,0.0,0.027171872168734765,0,1.4640234679124757,1,1.4640234679124757,0.0,0.8711885360526807,0.9982658929997172,0.0
0,0.4448712620071481,0.9252793994652814,0.0015677138464826879,0.0,0.0,0.2041443948373966,1,1.6741256264719266,0,1.6741256264719266,0.0,0.5724669912344581,0.15611474525423796,0.0
1,0.2960935540132763,0.9540447222717435,0.3215355172874578,0.02817411600952957,0.0,0.24850737188806854,1,2.830752964756459,1,2.821634417086267,0.009118547670192267,49.50188134466794,0.8952238397447212,1.4351045497655404
0,0.6290481141850436,0.2698106749905076,0.3290798603991306,0.0733443536931152,0.6387600897519549,0.18868247252481765,1,1.3269384067297598,0,1.3269384067297598,0.0,9.551450069130048,0.5009751057460066,0.2601148510119771
1,0.7536986982362616,0.9442257755010975,0.560677082363231,0.708046871869724,0.3985158411423124,0.23659455835095144,1,0.2627792325920229,1,0.15050808894618306,0.11227114364583984,135.16583226596705,0.9986131515953006,102.08714005711822
0,0.38963430170176727,0.2692963027076678,0.3887760802486526,0.6823233980404967,0.0,0.15093986885825528,1,2.6924174324648957,1,0.33507033181842694,2.357347100646469,1.1591895440356121,0.6235159754696775,2.4897714964862923
1,0.8150630923760444,0.5960560289588283,0.3526082592513222,0.0,0.0,0.0687540232457236,1,0.9911114439005856,3,0.9911114439005856,0.0,68.7540232457236,0.9717715409686717,0.0
0,0.8776391795652778,0.30453314047180136,0.085813578445193,0.0,0.8007688428067323,0.2056211345982475,1,2.4865956098574276,1,2.4865956098574276,0.0,19.32670870301989,0.21840635795622132,0.0
1,0.6828567500222523,0.8262964635926635,0.2950844703748986,0.10296285460467702,0.0,0.024403449871162997,1,2.8066585535016255,3,2.664323525999235,0.1423350275023907,18.140024867943847,0.9069148139900047,2.0821308823061204
0,0.808305601699067,0.3425298013983,0.28362400729120296,0.3534801702905722,0.3909127728187205,0.05754273244382536,0,2.0808637293901215,0,2.0808637293901215,0.0,4.367965864233676,0.26897837065713426,1.2366766890347594
1,0.5588822753799255,0.6111958721932191,0.29608301008036986,0.0,0.0,0.15232196425155534,0,1.5248163635296277,1,1.5248163635296277,0.0,18.266931188645408,0.9063954937908514,0.0
0,0.05604428171174092,0.36846507696665765,0.35563677940869753,0.5408865182929101,0.0,0.2938720049649814,0,2.8202291545780627,0,2.8202291545780627,0.0,1.6575580613384926,0.6180149751895792,1.9527869347947273
1,0.07589236021728363,0.9479476599469873,0.40905187189228187,0.7360760481693086,0.0933650225115924,0.1803095099606851,0,2.4406550615647538,3,0.021352421549762836,2.419302640014991,0.5787282790099051,0.9464307678447361,1.6140559491573145
0,0.4643456828004512,0.4121567150255887,0.7650849822150668,0.0,0.0,0.16059014516829123,1,1.202328984156765,0,1.202328984156765,0.0,3.6175646207031256,0.43310116709213753,0.0
1,0.7218398581470667,0.23146136726324207,0.4686685237132454,0.5225768184916163,0.0,0.2106112192036155,0,1.198250714881274,3,0.1293270432447568,1.0689236716365171,18.514601120749532,0.9965920239179247,20.265671471490332
0,0.2720311284981618,0.12495984625158896,0.9189030713141068,0.0,0.0,0.1098901331796163,1,0.3529176377515274,1,0.3529176377515274,0.0,2.05979174839917,0.8360024875596515,0.0
1,0.43488862010463436,0.6726070087530828,0.6239011394231277,0.33591757730147953,0.04730678656802367,0.020475563946269246,1,0.5468343199670291,2,0.2546708417641793,0.2921634782028498,13.999165261355,0.9996738983535481,6.621907356918604
0,0.697794505704728,0.06653440766656005,0.889744815412026,0.0,0.9561725946930156,0.07277049899774277,0,2.198439979331088,3,2.198439979331088,0.0,8.15763315873558,0.8091562230026995,0.0
1,0.5739551861959291,0.3482674392699926,0.03398462620868403,0.6716171959021576,0.0,0.03496169854770921,0,0.0371708971971936,1,0.012205635414710349,0.024965261782483254,0.9059969562334838,0.687663195294804,1.8529689364005897
0,0.990011679572976,0.20411506189528938,0.09586017383153422,0.0,0.32401146565302263,0.2570224834831403,0,0.9631156553324544,3,0.9631156553324544,0.0,57.2986988855175,0.03748646967499325,0.0
1,0.19586741772916472,0.23894741475342285,0.7859539410187246,0.22367608303080688,0.0,0.26203167400893757,1,0.2538617806108297,0,0.2538617806108297,0.0,21.681092329481007,0.9999980483521059,6.246802014061906
0,0.23903394197368033,0.09432375213810995,0.7894895091243757,0.9784187940800658,0.0,0.13134454874207335,0,2.601254390041582,2,0.0002495827047595111,2.6010048073368224,0.04699217632484672,0.8796142553859349,2.130466140841799
1,0.9101035350309822,0.29493183297416536,0.36629537380597665,0.0,0.7752972311217873,0.15128508101841187,0,2.924626703124677,0,2.924626703124677,0.0,55.22137507686055,0.9858466123789116,0.0
0,0.7533817258543544,0.33091022996470354,0.9346133087334284,0.10126773989291382,0.3316273387179648,0.115581167995896,1,0.22517452265040452,1,0.21003657358405234,0.015137949066352185,6.580904384886695,0.3327346471838746,0.47787193285483004
1,0.6936990535653803,0.528880714159877,0.6628813944449102,0.4204870961699131,0.5663013961534428,0.2496223281494908,0,0.6311905124116421,1,0.5191816754175581,0.11200883699408404,149.1692219083278,0.99976950331685,34.41288766168788
0,0.4215415375632917,0.4033257157797926,0.9631719209748487,0.1953379156035735,0.9688303372778043,0.2564097621680708,1,3.091400968461551,0,3.091400968461551,0.0,5.2017597009629535,0.4611381335827559,0.031865586974651486
1,0.6831135541068406,0.7887363571435726,0.7366587893487112,0.0,0.0,0.13447977890630136,0,1.5280707946145309,1,1.5280707946145309,0.0,134.47977890630136,0.9999358428289638,0.0
0,0.5823765832750916,0.4129333338144855,0.030178103704912695,0.452941970681515,0.0,0.11898304614394531,0,2.881676232906842,3,0.6579270615658771,2.2237491713409647,2.1427751558247756,0.37254293681781026,1.7741313531505267
1,0.08098838114096318,0.7230843178169039,0.9531897379564277,0.44560509238356993,0.44916079916872265,0.24924947583979631,0,2.631191224899219,3,1.4257803028194331,1.205410922079786,0.7456684693637352,0.9999998869816265,0.599344731730893
0,0.12878340485355377,0.8928123804996337,0.6868075175736713,0.0,0.3056822808158437,0.1052116858006278,1,2.7757366714118,1,2.7757366714118,0.0,0.158387548095001,0.2510778097107417,0.0
1,0.48463659335264087,0.28808640130709695,0.7708553966869159,0.3474686549420827,0.0,0.1844899085850321,0,0.8651989817062321,1,0.5725477377425978,0.2926512439636343,13.359516568754048,0.9999882837213948,7.113854817823994
0,0.09172503926532272,0.02440738321244862,0.20075519644064888,0.45721787185828155,0.0,0.012355854438176281,1,2.3154135310990394,1,1.35049649264754,0.9649170384514993,0.05054760243687808,0.9731938328470374,0.04257927078927996
1,0.7498679136287915,0.5579419349083005,0.7046703051386067,0.33639109635221665,0.0,0.2766584841395316,1,0.9188935463543272,1,0.6199484646736677,0.2989450816806595,191.73051710304776,0.9999719041084512,97.19043626139131
0,0.440514735546097,0.6847862213429329,0.5785566515979407,0.0,0.8022458614772233,0.2735146778054372,0,0.8472423111716508,2,0.8472423111716508,0.0,2.96193846648779,0.26778962453450517,0.0
1,0.8452721493634524,0.6247903915600939,0.8631311443472349,0.6613624055308284,0.25453422014371196,0.09533405693441915,1,2.157527355461617,3,0.06084123205895646,2.0966861234026606,32.297081994341845,0.9999997608513524,63.07650475986615
0,0.046112730051816264,0.558128178936856,0.43488558660838306,0.0,0.33378158511101585,0.05526066979311807,0,1.4015001830445972,3,1.4015001830445972,0.0,0.07585022835470492,0.46685999138811163,0.0
1,0.21690311984603206,0.4330430165370739,0.48302085790985816,0.0,0.06806798978199402,0.07818017644179072,1,0.13261687909911554,0,0.13261687909911554,0.0,7.829209536314803,0.9955468747881173,0.0
0,0.34312177605979965,0.7360941881013434,0.7657692575949812,0.0,0.0,0.27021050691305204,1,0.5655171802969547,0,0.5655171802969547,0.0,1.8703960189567854,0.2600620582982691,0.0
1,0.01982990807006002,0.4078805319249744,0.4714595666909903,0.9751490743010757,0.3836171672517693,0.12095984009060146,1,1.8622968411552567,0,1.8622968411552567,0.0,0.016640920442480885,0.9941209242006911,0.6529888810421852
0,0.11773046923142738,0.9472895450022144,0.472721156131771,0.35917756857348915,0.9852832064440146,0.03800401994585279,0,1.6652843418835046,0,1.6652843418835046,0.0,0.035261505769663054,0.2770735567218776,0.0001875577561593927
1,0.19185110096992442,0.0065917107637146755,0.6162005379066453,0.633340308253174,0.6162045235319247,0.17524706758722725,0,0.7709261767716978,3,0.3119695484382127,0.45895662833348516,0.5511619278109642,0.9999884481206804,0.23748957521351705
0,0.9240088924461748,0.5338500871718616,1.584501860818488e-05,0.05779328580289356,0.0,0.21575367440407525,1,0.7503422866996926,1,0.7103337652966214,0.04000852140307121,9.3998210081873,0.0747790327285609,0.5765683197079897
1,0.43456113072060687,0.6084996951901873,0.13086668782844724,0.8403565576700633,0.29191746974944266,0.012985097960370794,0,1.9943928184501958,1,0.18568524451024881,1.808707573939947,0.10920982604634413,0.6288253386316655,0.5748760621834968
0,0.19975201679917387,0.9825361011066964,0.8305452445271642,0.5313773657443142,0.36716622367961227,0.15552332537993316,0,3.1208733982942136,1,3.0995969173232463,0.02127648097096735,0.14500810912991227,0.23427362931785223,0.07360115839136629
1,0.08484686855087475,0.9079316071519584,0.6961917198622131,0.0,0.7612913154079929,0.21515072822766082,0,1.967295043118425,2,1.967295043118425,0.0,4.499237254127143,0.9996779451295349,0.0
0,0.4412816739742591,0.24308532199388344,0.2208488686100567,0.43765443931714154,0.0,0.28980446096515206,1,0.5622394465725963,0,0.5622394465725963,0.0,5.101133887855944,0.6350001316923425,3.9700391497005665
1,0.2428025220764094,0.08581584945533116,0.27798159900570496,0.333784632329996,0.9294244669893619,0.09289022597222163,1,1.8971864049013756,1,1.874077115301508,0.02310928959986769,3.0958077642344373,0.9840063940844656,0.0757831697065424
0,0.5493462605372491,0.3746326996310484,0.05129259881796999,0.0,0.0,0.1910166080523801,0,1.5411981539487687,1,1.5411981539487687,0.0,5.9978770820923835,0.4293109725771733,0.0
1,0.6766098533845794,0.6479701639412406,0.4692100687014409,0.37777957810146,0.12278803525743898,0.2951280269445203,0,2.6018276748257145,0,2.6018276748257145,0.0,181.84811491500957,0.990122424651728,91.8577360160476
0,0.6054671445236063,0.20444816682007227,0.5373026049910431,0.0,0.0,0.152351519629331,1,2.9610768575675683,1,2.9610768575675683,0.0,8.494925064245534,0.605555713145109,0.0
1,0.36967169305636305,0.42896258942620547,0.7580914779909721,0.0,0.0,0.026601045650954034,0,0.9661908023112213,0,0.9661908023112213,0.0,1.954825006380806,0.9999732886197485,0.0
0,0.8802242597312355,0.33899075436604986,0.23167163010515002,0.03438121394066895,0.0,0.012784393472623539,0,0.4004789117630623,1,0.38703931765451044,0.013439594108551833,1.0331439425824058,0.18933466896987872,0.03678547210788149
1,0.9608964237238463,0.7333968698119925,0.354094481859187,0.7670840266357282,0.0,0.04824437772370403,0,0.4625247648811229,3,0.005753195822190235,0.4567715690589326,10.487492070409358,0.9622371640592939,34.539441544003225
0,0.3492500584690189,0.5914327323475087,0.7275139523568069,0.4490572659824057,0.18761981100023795,0.01351345221603062,1,2.2869303776908105,3,0.5313425327408565,1.755587844949954,0.07982146004164277,0.33988320362917135,0.06506013129829073
1,0.5406442620444691,0.7632773142999671,0.502487085660982,0.0,0.0,0.0847673373199576,0,2.6795601709280668,0,2.6795601709280668,0.0,25.308520888708014,0.9922259149263459,0.0
0,0.8510094118678881,0.01131394951153386,0.8460321555265273,0.8585750217052995,0.39947647467314584,0.25086238165418945,0,0.4307330034395773,0,0.4307330034395773,0.0,38.874852946355354,0.928672106782251,42.84938194574104
1,0.7982455095598859,0.2905500209232078,0.5316637731850072,0.16845232656737985,0.0,0.043949898486657854,1,0.166230486235527,2,0.1150438113978545,0.0511866748376725,36.58032262043092,0.999265935203563,7.4103273316370455
0,0.11938542644711803,0.11053586693245032,0.09641003297991169,0.0,0.40543137307215904,0.21364515906212972,0,2.014150012273,3,2.014150012273,0.0,1.5229245714946975,0.8763319385039194,0.0
1,0.6933149483732742,0.24294473955988405,0.35140763171564515,0.7042206722735483,0.048544257927738865,0.2670986019857807,0,2.6743769839946667,1,0.2939088634555813,2.3804681205390854,10.474377228408638,0.9821033969335444,24.938433088395357
0,0.6551352367635913,0.1822732278679272,0.5118886544734488,0.9082327273278269,0.9503969756117371,0.23544364170768248,1,0.6494691556158314,3,0.5674705002149795,0.08199865540085194,15.59928618574164,0.6074053053318678,0.824317006651628
1,0.2895398861019449,0.013762220099022615,0.6087596502152246,0.773538876037398,0.0,0.20845904592689607,0,2.085906880032927,0,2.085906880032927,0.0,0.7004471869064577,0.9999742678617257,2.3925657534608713
0,0.1046541583429379,0.14281322831530674,0.8634464164543049,0.06711287304628644,0.0,0.01683314522504613,0,2.7044211129598965,2,2.6370681161483516,0.06735299681154494,0.10614973579754791,0.8431127007177945,0.007636522722465594
1,0.7204937718062432,0.3557142241026878,0.5272009464815179,0.0,0.7266735939624774,0.15026674143891963,0,1.7334993014020743,1,1.7334993014020743,0.0,43.947613298466145,0.9979549115207976,0.0
0,0.4776235082566742,0.00904131202767311,0.17719677169642856,0.0,0.7810578841578341,0.17102366631483729,0,2.6377080779944695,1,2.6377080779944695,0.0,9.221246830593133,0.9828338699597032,0.0
1,0.5546895111315608,0.9370313702785055,0.080401909330715,0.06698758751141132,0.0,0.18073513431853566,1,2.0147979484345475,3,1.8097288358365893,0.20506911259795824,21.98058185991075,0.31002444300242205,1.5781420816955316
0,0.5550564646483077,0.5977159833217883,0.16742926205418274,0.01785945330449823,0.0,0.12902522865689656,1,1.9343011935907595,1,1.9171962688311148,0.017104924759644646,2.2990425888680086,0.25804177425207153,0.04180628108582799
1,0.420366115288462,0.7014092286459692,0.3029542641824151,0.5890825528154758,0.0,0.23924684846641953,0,0.9397151963242957,3,0.0639112911048114,0.8758039052194843,7.492518136226466,0.8892302864288016,10.741115377178284
0,0.7599543020012558,0.634991572528979,0.06909386857221389,0.0,0.0,0.27012105997984304,0,0.9786165946888968,2,0.9786165946888968,0.0,6.501545814556372,0.16202124696368037,0.0
1,0.06998882336263412,0.1879585812749911,0.009063517501871843,0.0,0.0,0.20452373850366437,1,1.2415671031717987,3,1.2415671031717987,0.0,0.9411389206156126,0.8141660812195627,0.0
0,0.0667235488040906,0.6742062104028735,0.9524322336456084,0.0,0.7122349747365954,0.12471459727027734,1,0.7493320269719115,0,0.7493320269719115,0.0,0.21330788198776465,0.38365599475028533,0.0
1,0.5979412024600559,0.8318667068051869,0.2809937130780451,0.19946690395310274,0.0,0.11627781271611869,1,1.4454259415710475,2,0.999024258732138,0.4464016828389096,45.201643766907004,0.8810325555675089,11.262784737194439
0,0.34136416206816733,0.14708232056143122,0.41585325296243136,0.3497273495077885,0.8050604059879685,0.23658279690058628,1,0.20208066673040123,1,0.18837377652667717,0.013706890203724065,5.438582173620946,0.792504101295267,0.39852632171547625
1,0.34549298920425964,0.6253337321336383,0.13914503789621757,0.7176266971369202,0.7549883565246341,0.20381976939999547,0,2.445754946470906,2,1.9994554902973656,0.4462994561735405,3.226370067788068,0.6230749292873421,8.199533284528863
0,0.7473226413647645,0.5786827248159425,0.05606466560112244,0.8445560796156936,0.2176108971587456,0.16278568249174202,0,0.6509914932186909,3,0.019205222557250427,0.6317862706614404,1.3858708020050174,0.1826160432627253,3.198769769711083
1,0.7570956012905997,0.7026320537829276,0.21228640543521282,0.14800654010982817,0.9080317146224072,0.15330659040371894,1,1.7970101059006647,0,1.7970101059006647,0.0,71.45418269237936,0.8271994319113105,0.9869493433472747
0,0.29936901984376973,0.7860376657800414,0.6407614369049736,0.5051598937536473,0.0,0.24097780653276973,1,2.103284801507497,2,0.5109277535020655,1.5923570480054317,0.6306953860890665,0.24820193558752057,0.6438484072045985
1,0.5960477207052092,0.06554415714953055,0.8917288895201645,0.15698248911247992,0.3472877283429111,0.1015540480444502,0,2.720885724948813,0,2.720885724948813,0.0,11.34640987544451,0.999999929855619,1.296367991120681
0,0.8179119306543688,0.4221109202586908,0.4915301387553743,0.0,0.606837758972765,0.1945393439197647,1,2.7577333153803063,2,2.7577333153803063,0.0,10.462150607098154,0.1995433312956355,0.0
1,0.2662413518964555,0.9673493820906139,0.11022386200739909,0.733494001087284,0.17313514511567984,0.1085915503080341,1,0.3060969811731248,3,0.018057202340216953,0.2880397788329078,1.8132302764371708,0.3281050416702297,2.861711354570169
0,0.7965293918515298,0.01138928569353137,0.43433927814812134,0.0,0.0,0.2365312963801101,1,1.0002911782299206,3,1.0002911782299206,0.0,52.580072226373986,0.9464140808843439,0.0
1,0.5994579665362108,0.557098136921361,0.8430616416110668,0.22820047555911727,0.0,0.04033397409904969,1,1.2616709262001968,0,1.2616709262001968,0.0,35.828361008957074,0.9999994866544849,10.5934880261435
0,0.9783634028362151,0.728875007423458,0.5299190011849977,0.0,0.9928208952873843,0.2576017852847958,0,1.2710764633484433,0,1.2710764633484433,0.0,6.044405738174533,0.06520829792871141,0.0
1,0.15205556298213463,0.9724747287253412,0.4085542083672453,0.7484312990354531,0.0,0.09588479861063287,0,2.437001865967902,2,0.07126358596297985,2.365738280004922,0.7484133714509658,0.9471740991306121,2.226572660521423
0,0.8757509944997106,0.6767473294210069,0.7367593717771405,0.0,0.0,0.12547815058592673,1,0.4498046911290996,2,0.4498046911290996,0.0,3.1016025219416616,0.0950764227880867,0.0
1,0.17133023403192227,0.08713265695318873,0.6926104308636495,0.0,0.17704561557987453,0.23596124427665258,1,0.44778174937179027,0,0.44778174937179027,0.0,10.464405606572539,0.9999901156557914,0.0
0,0.5829543226205817,0.40251452220046646,0.13723407081045647,0.04161030361481666,0.0,0.09213389921617242,0,2.451950972281818,3,2.3633656305642625,0.08858534171755528,3.047297876185127,0.38235585952313,0.13230420810146912
1,0.7374073498290364,0.010760736520020964,0.4373094745374654,0.31699351046660884,0.3135396229917019,0.028659108981315812,1,3.084881534918281,1,3.063056365431139,0.02182516948714186,14.704896981671977,0.9998428949574039,4.093022019633179
0,0.9262036528376966,0.30387885285864924,0.6696913236274018,0.0,0.7894834578335843,0.2127826154289331,1,1.0250493611682732,1,1.0250493611682732,0.0,23.170988475187542,0.14460574387033487,0.0
1,0.2441630294215057,0.23007431736868145,0.8205711371533025,0.46962395107936383,0.0,0.16855007301826272,1,1.6703152512367696,2,0.4805083889448757,1.1898068622918938,14.31462127843556,0.9999993916973104,12.674948306328167
0,0.7395875117970305,0.1451328362423111,0.1975698609504173,0.7334083708945551,0.0,0.2913780577806007,1,0.5018716007072437,2,0.03511221612372341,0.4667593845835203,8.013853207987419,0.6053501764884068,22.046555045933047
1,0.38858488464094854,0.06957400312344264,0.08907445482287535,0.0,0.4688613349151083,0.1145677572667453,0,1.598504079314427,2,1.598504079314427,0.0,3.747183403113699,0.9470774237465183,0.0
0,0.047434800737823246,0.8043518073284862,0.5899617500508866,0.6043402202773216,0.0,0.23143798669043653,0,2.2989610318366767,0,2.2989610318366767,0.0,0.24685946762304342,0.3556297395104355,0.377059061058516
1,0.4175061976485932,0.13231776514696725,0.2671210537193339,0.36910022878209137,0.0,0.16578189426943002,0,0.7560298396232247,3,0.19271810584012877,0.563311733783096,3.468913984905171,0.9702575292420599,2.0294458864396403
0,0.7799700934639918,0.04641912137715509,0.4018254773865271,0.8035689683751813,0.3437105990774204,0.02172513172398029,0,1.0854819942732705,1,0.44376367200218714,0.6417183222710834,1.4034771066886869,0.8188419109792969,2.4678120705019597
1,0.21064253146835932,0.9066182962666585,0.5779727579835588,0.39716913162395173,0.0,0.18135825660432464,0,0.2682823082798976,2,0.09762623161482717,0.1706560766650704,7.637675504989685,0.996747444588331,5.032006665673934
0,0.7000251464703574,0.951896264232118,0.5505927874819476,0.0,0.0,0.28736100519274144,0,0.4844372729609205,3,0.4844372729609205,0.0,0.8259019985641857,0.13277099023635164,0.0
1,0.1123117549505348,0.6792426309305346,0.7837312610905387,0.5531015582002587,0.0,0.05267050829904381,1,1.6878133387600058,3,0.143871956994433,1.5439413817655727,5.823780170917302,0.9999935588548456,7.207771578209145
0,0.0979029862774925,0.32169604381740957,0.6670721379221797,0.4321716411168388,0.2131455243585907,0.030858569534139478,0,1.8274496453240308,3,0.47971337449326873,1.347736270830762,0.07715735804178882,0.6554211712075781,0.05834737947691299
1,0.5488314815828754,0.6769885268192914,0.8476033351084599,0.9817444715012227,0.0,0.058895237366543535,0,3.0043645655391296,0,3.0043645655391296,0.0,1.0117611161252942,0.9999969227258593,54.41041503139397
0,0.6428510418656311,0.6604401183798342,0.747045668552356,0.7433138175137181,0.5758531782596172,0.07794052405717898,0,2.803564626228838,1,2.4937163443736052,0.3098482818552326,0.6389485160110028,0.20429320001589724,1.8502720171010592
1,0.8993967247971596,0.7448558377756453,0.968225964209779,0.0,0.0,0.08141270525249672,0,2.8767182622129024,0,2.8767182622129024,0.0,81.4127052524967,0.9999999736775541,0.0
0,0.9894286101797616,0.019502035954429342,0.4991644613771242,0.0,0.0,0.03614013007106932,0,2.7653391575551085,1,2.7653391575551085,0.0,36.140130071069315,0.3470430648686007,0.0
1,0.12584710211856487,0.24140334617026227,0.986174476020666,0.0,0.23367367421093221,0.21477924290674033,0,1.2424230913073453,1,1.2424230913073453,0.0,0.06544588752084446,0.9999999956346971,0.0
0,0.5685910105153681,8.888395377792957e-05,0.24772084066947597,0.5981715238672209,0.0,0.21396621013694295,1,2.6440465731096463,3,0.10610626501397169,2.5379403080956746,6.8068526434173044,0.9997939923724272,10.132844385839695
1,0.38654709308352797,0.9900728301963378,0.34619040642019794,0.0,0.0,0.041090587510030085,1,0.9646735004693524,3,0.9646735004693524,0.0,15.480059952075086,0.9249856977614478,0.0
0,0.3075230645563154,0.3335239462535352,0.3023403862652525,0.0,0.0,0.04169483497930242,1,2.1991922670325605,1,2.1991922670325605,0.0,0.6449187498913834,0.5804958411759926,0.0
1,0.8033957454820649,0.6482922973909174,0.5683047995425662,0.0,0.0,0.017727974509835834,0,0.4323998497592452,2,0.4323998497592452,0.0,17.727974509835832,0.9983268970021429,0.0
0,0.9063482258186988,0.2292538950318549,0.8113951171992408,0.6779290347903687,0.5903182328092306,0.22772290505405526,1,2.0025606417355317,3,0.13695273928305352,1.8656079024524783,10.21906290559155,0.23945987714557182,21.510164530169728
1,0.6732883332521753,0.7501368273288477,0.17631984407070211,0.9099824711504487,0.8255246033759003,0.04732230246516914,0,3.0751209254334846,1,3.059664527061775,0.015456398371709756,9.517598773333722,0.7052162736408256,1.8023382231444034
0,0.7868667985641811,0.9456370048617437,0.10502547806695706,0.0,0.6329654858493176,0.2845888254040019,0,2.631218269835065,3,2.631218269835065,0.0,1.0136728279400666,0.12078761934973303,0.0
1,0.9548755715032269,0.7487389568039693,0.27810166502701683,0.6902740633866401,0.0,0.14320578781634033,0,2.206106952402639,2,0.14034968823922178,2.0657572641634174,31.120899194841034,0.9142896526104604,69.35792907226073
0,0.03396372698087946,0.6786503963763177,0.233420532442302,0.0,0.0,0.14192043307500002,1,0.3736843907234111,2,0.3736843907234111,0.0,0.12991401043475279,0.39278184958705287,0.0
1,0.4366947494963618,0.34758115772131093,0.8174073808790339,0.0,0.0,0.01440772680103625,0,2.2862854780729456,0,2.2862854780729456,0.0,1.3645990945829831,0.9999958116660255,0.0
0,0.9559740713352747,0.7734548989407126,0.6340073078895716,0.0,0.6682213420048614,0.06913938651916167,0,1.621312409131251,2,1.621312409131251,0.0,1.2788720371566857,0.07878594567816544,0.0
1,0.4339205675633605,0.7116990746103856,0.8096704639386182,0.0677169457353467,0.18903493268128513,0.21306728043481832,1,0.7782983593977925,1,0.7391370818270373,0.03916127757075516,204.1440312081208,0.999997755850898,11.870818215986523
0,0.6236453649279992,0.40235604699046745,0.10250806697098402,0.0,0.18973672875954906,0.04195656314129643,1,0.07992763765542993,3,0.07992763765542993,0.0,1.4957826004487649,0.35857242712100446,0.0
1,0.5615716305603067,0.14339468071672712,0.4595782368608815,0.46484924675604666,0.0,0.18069636249987792,1,2.465512385378245,2,0.7760416444006167,1.6894707409776282,27.98470345647006,0.9983040506955142,24.308418223418485
0,0.2449310089265948,0.80478186845624,0.5102154239295033,0.0,0.0,0.062032237616084604,1,2.9191520445469026,1,2.9191520445469026,0.0,0.2470508005834028,0.2550559989868997,0.0
1,0.5089221315539576,0.17113171756765477,0.9972586028426422,0.018769122886123757,0.8149398759982684,0.07793092621698545,1,1.9619469522819333,0,1.9619469522819333,0.0,3.06202797557097,0.9999999999706767,0.010673014065555674
0,0.08262740397216273,0.5373178263889805,0.3555504624314558,0.30277659669790946,0.0,0.1457240590544557,0,0.22461486373072911,3,0.07626200423911819,0.14835285949161092,0.2542209735891644,0.46682564153617356,0.11039813182978611
1,0.6998457313880121,0.9374763080091018,0.3566410186404777,0.9398654630961945,0.5703861600363936,0.20174563171639956,0,0.9754746064423977,2,0.2457126787886857,0.729761927653712,36.94821216556904,0.935527061707546,54.70473354572006
0,0.03596983640975815,0.7256474948380759,0.7777052818685116,0.573984621002484,0.0,0.005784737505263862,1,1.15873691324561,0,1.15873691324561,0.0,0.002720324064766038,0.36678695636791225,0.0036651826537177096
1,0.7058255776910556,0.12045880630427663,0.6334267561747918,0.0,0.9686154159722025,0.04918486865799408,0,3.1332733022346004,2,3.1332733022346004,0.0,9.508039155294979,0.9999036484723939,0.0
0,0.2754660740848113,0.3469610822522783,0.7564057965533174,0.0,0.7463659646762281,0.11992330033011575,0,1.913407965594098,2,1.913407965594098,0.0,1.5783013701983495,0.5769334472766156,0.0
1,0.6200441663419562,0.72317464124151,0.13285171297320475,0.0,0.0,0.14520258092165134,1,0.833875313371432,3,0.833875313371432,0.0,26.84065168708811,0.621154349922036,0.0
0,0.298518994096002,0.9564651366055436,0.1388629472375752,0.5755953083096367,0.8019951403206216,0.1624049785229932,1,2.068880739722691,0,2.068880739722691,0.0,0.21327523881500737,0.17572697789252234,0.02840542009482788
1,0.9617899790660854,0.48663498849286313,0.20569850022435376,0.0387339497889605,0.37710267537082165,0.24374688820924675,1,0.6372918714495315,2,0.6087257379786136,0.028566133470917854,207.4606616180085,0.9092780565691929,5.132077933561137
0,0.09371160710992155,0.7653295555872812,0.567530306053861,0.7903417210943209,0.0,0.09249663320507494,0,0.5144491907249314,3,0.004639713570020031,0.5098094771549114,0.043598141561854035,0.35063412264998417,0.164350439287977
1,0.3306676205143315,0.0815816502955875,0.5911737451987344,0.9490714445191707,0.4645459029518415,0.0733752960652537,0,2.4183911241386378,3,9.590783929905094e-05,2.4182952162993385,0.0633723402110216,0.9997929609605688,1.1809657253929877
0,0.005607677144195855,0.7155942120860033,0.8685914224831263,0.1260640041676966,0.5820948535050319,0.1417144509047089,0,1.421671924842862,3,1.258810946665321,0.16286097817754097,0.02635596902921228,0.40827130126525335,0.0015161772892716026
1,0.3556515698619309,0.22161710984421534,0.9106210829909914,0.15111792884182007,0.09242868645258706,0.22678273795531684,0,1.8630903589205927,0,1.8630903589205927,0.0,4.977988259223027,0.9999998505325928,0.7924229246082175
0,0.39911868184343835,0.11580125677196229,0.7454964555285234,0.3456977585392984,0.0,0.27077924173366325,1,2.8166137532662163,1,2.490797949271894,0.3258158039943222,13.38107095135633,0.8210457438363385,7.06983094603541
1,0.8261981812212855,0.9496325336575292,0.18584926328907814,0.0,0.9687968678347342,0.010683095670083036,1,0.9665401684190528,0,0.9665401684190528,0.0,7.1939029246698105,0.730839600886511,0.0
0,0.6369397968181385,0.5782500668424874,0.8829383172485209,0.3132107621488679,0.836085510418037,0.05975211253285673,1,0.7679909668850993,3,0.6622101979994152,0.1057807688856841,1.2816857117729852,0.23188772977122918,0.07298352603933393
1,0.7034953726231119,0.09110048593850018,0.1166612395759884,0.2676411693435007,0.0,0.2855988380295665,1,1.7533080101670377,2,1.061186048225374,0.6921219619416636,38.42934187699904,0.9502291847108513,14.04403629275731
0,0.10582024689639014,0.6187660430843755,0.2269236574001816,0.0,0.35712501969675325,0.06526511357570805,0,0.4433695581678302,2,0.4433695581678302,0.0,0.19281170291499122,0.41499650863703386,0.0
1,0.6064423616111707,0.9516156946103769,0.4936449196178011,0.5822122794681852,0.0,0.15009529885134518,0,1.4460877570777342,3,0.10040210055611748,1.3456856565216166,39.357986230624924,0.9894436656595716,54.847717518937024
0,0.6204583897124989,0.29033830413493755,0.7412775981925274,0.7084996681305171,0.8322098125597746,0.05653425334745966,0,0.009583498382528477,1,0.008444226924432087,0.0011392714580963897,2.351365064329701,0.48124643141182943,0.317246235687025
1,0.8929583793848348,0.3741782112032127,0.635431737476346,0.6889638504363613,0.0,0.23112635285761085,1,0.5746597795158945,0,0.5746597795158945,0.0,74.49863299455917,0.9999067253385296,165.01897002063822
0,0.7539737845105255,0.5993874687826091,0.8575440005562425,0.4502380311704678,0.0,0.23350905056134452,0,1.616800748236986,1,0.912236691630408,0.704564056606578,3.816180051951732,0.17350382089388483,3.1253333089607183
1,0.7138126510534356,0.6889768196590407,0.6866347520277442,0.0,0.22191336849945298,0.0422545583908864,0,1.540618243626556,2,1.540618243626556,0.0,42.254558390886395,0.9998245928642162,0.0
0,0.04374636279985977,0.5538372368815949,0.02259635350987177,0.7187562092158182,0.0,0.07414930289732945,0,0.7991925377132365,3,0.017109644417055495,0.782082893296181,0.027234485937560955,0.46986972826650764,0.06960137970634901
1,0.01949102123204982,0.9245724402383054,0.1898124590107072,0.0,0.0,0.28112402816351484,1,0.5134059498958715,1,0.5134059498958715,0.0,0.9912752140488209,0.5834837023447359,0.0
0,0.30156838177615153,0.8178440736256776,0.06365627878270996,0.0,0.2914476503068736,0.08186727028646452,1,2.847248865077095,1,2.847248865077095,0.0,0.3695758316748164,0.23251348996300658,0.0
1,0.3420525205232814,0.7610593374726747,0.9285771895927922,0.6926400762582411,0.0,0.06493727086288234,0,3.0401240746524794,0,3.0401240746524794,0.0,9.312280074415613,0.9999997374772572,20.985359126717544
0,0.9418550449483176,0.6669139530237775,0.5653519058486287,0.0,0.1766899780988379,0.25721096266355215,1,0.8077487599275001,1,0.8077487599275001,0.0,7.315353051800056,0.06494548121947608,0.0
1,0.9795256212535834,0.05911235306344764,0.313778397886987,0.3612806155810704,0.15251349792131697,0.25640596956890194,1,0.9055543458111096,2,0.4420751616827764,0.4634791841283332,127.2361800398396,0.9963841023475137,58.74499643157611
0,0.63150861071512,0.2511708006855573,0.6226589209682298,0.4879847080119457,0.0,0.15374122656036052,0,0.2875247135675041,3,0.03860272767928836,0.24892198588821574,4.238067703862098,0.5234926385197658,4.039161062893126
1,0.4938832299012337,0.02396994890639481,0.037624133587614295,0.27324223285783156,0.7768850049683867,0.28533147710606344,1,1.9531099510702516,3,1.7579188091559788,0.1951911419142729,17.795339549741463,0.978499473539307,1.3099383020902498
0,0.46206783048612676,0.5801006224628242,0.07402589836638818,0.7542853012325269,0.0,0.04085807529560628,1,2.5332491750377235,3,0.014960170427559392,2.518289004610164,0.14849855183576505,0.305100761169556,0.4558550036521527
1,0.6273633722621668,0.7473817863567824,0.6591630340710979,0.3778020258203685,0.0,0.11693111475499324,1,0.5293978015839459,2,0.20620322645297662,0.3231945751309693,73.11933566134674,0.9998672690741538,44.3984620424382
0,0.4127755022613675,0.5197869474871264,0.8441760186328287,0.014367352690717872,0.6363466094988456,0.12243279896260036,1,0.5898132947973405,2,0.5840086877667765,0.0058046070305639574,1.8206549159754357,0.3622047068759361,0.009563038100616802
1,0.5666870944561648,0.7160503105753142,0.03455394857129224,0.05119772807823075,0.0,0.007241803860684872,1,0.2506882544602847,3,0.21440132345313753,0.036286931007147166,0.6336311437166787,0.3599190221727797,0.034190975251563956
0,0.2693220874818627,0.05778322224331811,0.5413207722130758,0.0,0.4302913001392893,0.10570060777873308,0,0.012715526831283347,2,0.012715526831283347,0.0,2.1566163491227703,0.9225675306341239,0.0
1,0.7530660619618246,0.07792931808164216,0.4149286389440966,0.9966593658709696,0.5933793037706598,0.23923482930521137,0,2.5069114529861762,0,2.5069114529861762,0.0,0.11009995334438094,0.9975892227116766,32.84770059943169
0,0.03809290984959046,0.011902016547545635,0.43231199425545375,0.9614329246096607,0.5737910757949114,0.0463483965243126,0,0.24001103815563657,1,0.14111271572047418,0.09889832243516239,0.06360628275306932,0.9876324756819376,0.04542323371469847
1,0.5999748269198031,0.14884359530198343,0.15461320111374033,0.4898091912840772,0.5576993163759868,0.14644533261632822,0,2.842934834491775,2,2.572873281007746,0.27006155348402894,14.735625116120943,0.928063356841783,4.981946810780156
0,0.05967388210178293,0.7066631319442833,0.7884951916907709,0.10516583416817904,0.8700487746750385,0.2457614674319349,0,1.1451197958667096,0,1.1451197958667096,0.0,0.4040600246456901,0.3893065009346174,0.005601564534200826
1,0.15895119072240926,0.3409092093582341,0.3144963614407642,0.34948458323513065,0.0,0.12236859390928116,1,2.8441871855251453,0,2.8441871855251453,0.0,7.19947263547092,0.9560660311848284,3.8678632799101456
0,0.9375692287967813,0.4207364428802475,0.18180643912701666,0.0,0.8249988828166189,0.1379093210766019,0,2.1561226536000935,2,2.1561226536000935,0.0,9.835647755293424,0.07915046134543213,0.0
1,0.1514957817108884,0.8385910929220868,0.35795640597636014,0.4190997992178298,0.004562895474422013,0.02700623801071855,1,0.9195313988456753,3,0.18450535555018463,0.7350260432954906,1.2373804872180985,0.9371747136211037,0.8879145361548727
0,0.4472403150747749,0.22680786217240267,0.4699592741436671,0.3625005878680979,0.9700928136905151,0.2788699086286739,1,1.2149205506422422,0,1.2149205506422422,0.0,8.810318254611335,0.6533035820307017,0.0967292084955156
1,0.7218857287480516,0.7230459016847757,0.49963275650209305,0.3923730650201004,0.37983930191696347,0.16868394766235292,1,0.2411628753298851,0,0.2411628753298851,0.0,128.28014862580667,0.9963816629639757,41.31050312071499
0,0.8338056420302631,0.8379696629605659,0.9262586201912983,0.4213881111166704,0.0,0.07627325740823584,0,1.8669391458949283,0,1.8669391458949283,0.0,0.8087013761347994,0.11439762205094062,0.5889563486235397
1,0.5214944338679777,0.6992366551602088,0.9780581109585291,0.4425658808688512,0.7617395134079433,0.18710667975059697,1,1.2815091601889088,2,1.0581672284443324,0.2233419317445764,173.7321641061309,0.9999999982418093,24.72983628275629
0,0.3002249041704278,0.3193738859901425,0.31238033532875364,0.6420564395112912,0.5539090536021314,0.13756103244357137,1,0.7434188854635585,2,0.3675329434157999,0.3758859420477586,1.4430832363675952,0.5986046160400939,0.7085952154261782
1,0.24869733889705614,0.9423755585008531,0.888325848310221,0.24878693162246868,0.0,0.07808169264905974,0,2.430432833773718,3,1.4867122683121152,0.943720565461603,13.228166656401646,0.9999984656629646,4.380907537384435
0,0.9419943792414571,0.30531184449376336,0.5220540258473936,0.020969136994471227,0.0,0.17643271416217576,0,2.5115213204589333,2,2.485616013775917,0.02590530668301616,20.388317921686763,0.1165941097448352,0.43668228218487565
1,0.05476867439530997,0.02639157932805003,0.37718826812122497,0.9549187633571051,0.26039033087406405,0.08618263634115776,0,1.416821306398257,1,0.12291983064369671,1.2939014757545604,0.01072556168310493,0.9977478861725341,0.11428012301003722
0,0.8043736329206383,0.699098590270123,0.4965416879235284,0.4063491677099752,0.7462528060305895,0.11419363198056684,0,2.7857300755038463,3,2.6313425915208177,0.1543874839830286,2.6420205930818863,0.13235344552310835,0.32847072679961464
1,0.6079517538976492,0.9358000284611863,0.2573394795512366,0.6381896129746568,0.0,0.2769379077145484,1,2.1359904285636193,1,0.6023034709243842,1.5336869576392351,47.81830046053767,0.828618896062972,84.3456787266829
0,0.7076011023871912,0.8880482743195706,0.6812301698495877,0.0,0.14016406826408112,0.29612222299006763,0,0.5671602178842164,3,0.5671602178842164,0.0,1.9587896185288982,0.13763899824410208,0.0
1,0.14832931483273337,0.4517892130225103,0.2874967476839133,0.29275483845476535,0.06255050380039162,0.2925204680426035,0,2.3711196462968416,3,1.2380627033528433,1.1330569429439983,2.5543419853901224,0.9031804848253737,1.0472433327344186
0,0.5538180646261143,0.6680053416433797,0.43682418037040516,0.8403948545837461,0.0,0.18929161173252596,1,0.6165211544012416,3,0.0024126048981867564,0.6141085495030548,0.43302568711463646,0.22465841465513425,2.2800803721248415
1,0.7119752598683683,0.2363699645594407,0.9933535385886656,0.4051782310890294,0.0,0.1731233464054547,1,2.695274447671652,3,0.8077812416466261,1.887493206025026,52.85220351211659,0.9999999999043349,36.001645278389255
0,0.9736279742279471,0.7361176531774826,0.943682811864917,0.0,0.0,0.12448047844319235,0,1.9341070982235533,0,1.9341070982235533,0.0,2.8099298936038117,0.06804041163563268,0.0
1,0.0064760168364715875,0.9575754934945201,0.6153573980094752,0.0,0.0,0.08325185864195976,1,0.8593394247059322,2,0.8593394247059322,0.0,1.1161799508467274,0.999190029579331,0.0
0,0.6265042917159892,0.857180831266982,0.5405845027929754,0.4652517412790568,0.0,0.20992566378714034,0,1.0050543404198338,3,0.1549386005047019,0.8501157399151319,0.8435273723474155,0.15926049265205533,0.7339015553596829
1,0.5685901668529726,0.2896338179653616,0.03575713384817003,0.0,0.0,0.20576946824007628,1,0.10766741057428293,0,0.10766741057428293,0.0,17.815129715544064,0.7423620874508441,0.0
0,0.5386603166467329,0.3608905130562068,0.9578562004435914,0.2044926905972767,0.520998162839758,0.020521995467393195,0,2.1526911210406783,0,2.1526911210406783,0.0,0.6845039678001219,0.4496414442649802,0.07474893324207478
1,0.3039711118453431,0.6258379922703624,0.03633682534488203,0.0,0.5729478077183966,0.223792863702897,1,1.3705025657241787,1,1.3705025657241787,0.0,6.890929572493446,0.4220320050605445,0.0
0,0.8559136205146104,0.7132777017621239,0.3704633439791932,0.20582232919100185,0.5534218851342954,0.2510663951506221,1,2.39777140438242,0,2.39777140438242,0.0,5.598021205249988,0.10031712743034893,0.568757734778901
1,0.5867477164202771,0.10477049148337136,0.13148500875539693,0.38505614171390756,0.0,0.1996258525747115,1,0.8293843836422408,1,0.5155502560987759,0.31383412754346485,13.712413276569908,0.9434035604532282,8.586229260958184
0,0.9378623669308724,0.35059031660628925,0.5617905742716929,0.1538919910365686,0.38508899614008885,0.19284563081271708,1,2.3064448017321486,3,2.037868171811542,0.2685766299206067,18.861376798111895,0.1032190641163293,2.0646036492676347
1,0.7007211520140462,0.1425514351575975,0.6021141997083151,0.22467176337216876,0.8549393852371717,0.08591231280068067,0,1.168990182070968,0,1.168990182070968,0.0,15.678238868478978,0.9997862714467914,0.5296983058593675
0,0.5496066739148342,0.4891699344523851,0.1526719231340088,0.7757680314204888,0.6853248427045135,0.2994836112649971,0,0.13982819826512413,0,0.13982819826512413,0.0,5.319794121647988,0.3214394908924397,1.7209251902021834
1,0.8829129651267521,0.592384989472227,0.8302707887080742,0.32430565492818564,0.0,0.09400149470748795,1,1.1626021620464515,3,0.3760557565157039,0.7865464055307476,64.51181774631013,0.9999993256127915,30.963034480629354
0,0.27127526101473787,0.1745021739459588,0.05151068640736023,0.21671978434118344,0.0,0.10891609884747461,1,1.100290051312543,0,1.100290051312543,0.0,1.6367009601722475,0.7751442794879482,0.45284621266885283
1,0.8554034386309702,0.7586076188096271,0.9797967584210335,0.0,0.23167088515282142,0.23976103078840405,1,1.3458987163500165,1,1.3458987163500165,0.0,239.76103078840404,0.9999999986919265,0.0
0,0.5014765881566351,0.7229063489033013,0.34529079553480513,0.35685175788015966,0.0,0.09945949844759822,0,1.0599679753139866,3,0.29147503187515145,0.7684929434388351,0.7164145178913868,0.23185962977078822,0.3975036598681576
1,0.6930131170127006,0.30984376803979075,0.4283493185094772,0.0,0.08332924486530013,0.22131850038339518,0,0.37361955000288394,0,0.37361955000288394,0.0,38.36419687380972,0.9915458102527535,0.0
0,0.2997273218573059,0.3050554533256945,0.9419321935725636,0.0,0.6405778987488426,0.052518947358938445,0,2.289568106679876,3,2.289568106679876,0.0,0.8290481203203587,0.6146860041573641,0.0
1,0.169613803196079,0.12062097534361182,0.342114987228053,0.0,0.0,0.08074665468557354,1,0.6903369320526735,3,0.6903369320526735,0.0,1.9910173926631705,0.9889977655386633,0.0
0,0.2204108655910738,0.7551836177316871,0.8658759111185564,0.0,0.8674163734836098,0.23862627705889491,0,2.994023585943606,3,2.994023585943606,0.0,1.1077400882266648,0.30856028379150235,0.0
1,0.019228840101889744,0.3763732136525978,0.3429374017214245,0.0,0.0,0.2786934151562864,0,1.618346029535272,1,1.618346029535272,0.0,0.25445168663478485,0.9514622950086171,0.0
0,0.8337629504701367,0.26773658281385726,0.1619372543541251,0.0,0.4152903500245346,0.20299000852071838,1,2.585496309121834,0,2.585496309121834,0.0,19.09265883330968,0.3125544809259131,0.0
1,0.11932116795327063,0.26369909842919925,0.9024519702673363,0.41239849642804116,0.0,0.15368434045263582,1,0.287170629541626,3,0.0583477891695057,0.22882284037212028,4.148644250113366,0.9999999564838602,2.911658054925434
0,0.044920851364416814,0.8159812192684578,0.0780748438833776,0.01936790010115308,0.2050756316668586,0.2949256362548181,0,1.969247029203514,1,1.954747848402008,0.014499180801506029,0.33659527335630596,0.35273142126656243,0.005263842550381983
1,0.3143868603052252,0.43066396893591374,0.7770652336261378,0.0,0.0,0.2194282240243618,1,1.641918014809475,1,1.641918014809475,0.0,117.71872215191836,0.9999958873535556,0.0
0,0.37799962329896886,0.6783698156874621,0.8683623813468785,0.0710500846229909,0.9083807671780326,0.0655684338390977,0,0.36980670151477013,3,0.3627872364836095,0.007019465031160632,0.6105653941246494,0.29189087082139675,0.004002288608718593
1,0.9806083529777321,0.08122352120756227,0.8570645929506733,0.9117110137595222,0.0,0.09642378564742062,0,1.6480620544027667,2,0.008551476762245172,1.6395105776405214,8.513183339946094,0.9999997990737309,87.91088609900123
0,0.910564201717466,0.18091182356081392,0.5373585254256728,0.5039989249096466,0.20149809300200727,0.08253216099372797,0,2.5022731953972452,3,0.3896737295734816,2.1125994658237635,7.346380840368718,0.28821846967860065,7.4648387502954225
1,0.930905365192853,0.0973271838000278,0.22240653427127555,0.44615766041959914,0.0,0.13163180180490974,1,2.1896252422795737,0,2.1896252422795737,0.0,80.16035920366639,0.9832284961788562,64.57461946263973
0,0.46959355376295175,0.7554849870393119,0.4015082122781355,0.0,0.16321684382034507,0.15820573967444124,0,0.7483122625733061,2,0.7483122625733061,0.0,1.4700926343815057,0.22967026232578924,0.0
1,0.872759196588861,0.676963207681462,0.3564493822207585,0.41654243590951967,0.0,0.028393682866851025,0,1.831448534936967,3,0.3931704912772227,1.4382780436597442,9.949633120024709,0.9616412126579681,7.103249098641254
0,0.6001861984012962,0.9247318731208011,0.007031581614183269,0.8927868268941134,0.0,0.2607740271215891,1,1.0042429598557199,1,0.09490376532140543,0.9093391945343144,0.10131906726829719,0.12894958414150304,0.8437053577455184
1,0.6942964187386946,0.2811450531011088,0.7959792758888747,0.022404567627081762,0.0,0.15809132098570103,1,0.06865356889871903,2,0.06561388036264854,0.0030396885360704923,154.55663778525815,0.9999989025404072,3.5421346385273105
0,0.715657781686993,0.04341751987762732,0.09310844160731135,0.0,0.0,0.21536163916722068,0,0.06948356195788917,1,0.06948356195788917,0.0,28.045683835550847,0.8623476510444638,0.0
1,0.8339824716094663,0.8074315236185197,0.9178712614066309,0.2170955606757592,0.670977066381008,0.04108539722937731,1,1.878065653381044,1,1.8026612714299226,0.07540438195112142,41.716762944198436,0.9999999614981591,3.2920037225969034
0,0.1452125697481228,0.5156317007749127,0.9777291327351104,0.2742584112340839,0.9286530918043242,0.17676530621065376,0,2.576009729911815,3,2.542688983191884,0.033320746719931016,0.831112240591724,0.4599587802938545,0.016809502209579677
1,0.4770966613818318,0.49883193369978707,0.3901917892996243,0.0,0.0,0.18834717339298288,1,0.3253317249544347,3,0.3253317249544347,0.0,56.046218885298785,0.98086983771266,0.0
0,0.07501561083116448,0.1896098322247165,0.041129096039092206,0.17477948299353097,0.03940494912836501,0.13542706296169896,1,2.840925541667607,1,2.7670282621163285,0.07389727955127867,0.6449763771127484,0.798117334231381,0.13022201469683567
1,0.9791734823766284,0.09976398859975266,0.8157554686218083,0.19561716941752905,0.0,0.1045281658702479,1,1.3746199943161397,0,1.3746199943161397,0.0,97.30621550383529,0.9999998306359593,23.663814939720748
0,0.9263463107942351,0.10632566362758777,0.8432158472173646,0.1886254444535589,0.06650804419973311,0.15597244527507087,1,1.822384265972319,2,1.3930966042660606,0.4292876617062584,42.4481868599715,0.3823592662904135,9.223781662821427
1,0.3318652932215891,0.7737363902174016,0.11740136879712548,0.5874006931315403,0.0,0.12139299726571733,0,0.9057225781924205,2,0.15148378394653395,0.7542387942458866,1.8280332560545738,0.4748888174151936,2.6024958932281876
0,0.30515656777325484,0.17398608015576944,0.5929712145303843,0.9740260810221273,0.0,0.1754861307265225,0,1.6135766579684665,1,0.02666625203095574,1.5869104059375108,0.09216814325146419,0.7673785180021543,3.4563199894012406
1,0.05659498293713383,0.44225387897515533,0.44506722434783863,0.9437496981229954,0.0,0.1948851061415356,1,3.1277642051792474,2,4.9299041041643435e-05,3.127714906138206,0.18022775113839645,0.9903263357197964,3.023803962904268
0,0.011235942489310702,0.8996315770008247,0.417193248120423,0.2822758037782298,0.4191696688544839,0.04108504158192744,0,1.6014868911116569,0,1.6014868911116569,0.0,0.010097186529478398,0.3457311887839106,0.0020135920275248897
1,0.09484387469638478,0.7837639763017912,0.5442997819472962,0.0,0.0,0.2615344437040871,1,2.5695544588613006,0,2.5695544588613006,0.0,27.364643440558723,0.9972185839882747,0.0
0,0.28304014062190264,0.3190544769569813,0.016173712003701768,0.0,0.9935773660600691,0.02279667250544734,0,0.18174055218111196,2,0.18174055218111196,0.0,0.3265629740009422,0.6047711172984302,0.0
1,0.8584070429139637,0.037983016414495974,0.6249845691724173,0.0,0.4439779794110341,0.2706643983435847,0,3.0396023117276254,0,3.0396023117276254,0.0,92.09234887226792,0.9999684772283136,0.0
0,0.2483178812062986,0.9108857146546973,0.2019152326281396,0.0,0.0,0.0940584741220601,0,0.08676159347160714,2,0.08676159347160714,0.0,0.22407601170379624,0.23971652314509484,0.0
1,0.9195161649304459,0.14336717075987004,0.6620269577532988,0.0,0.27130160466015507,0.177322232275802,0,1.7302451579414793,2,1.7302451579414793,0.0,135.25621687378677,0.9999475529307396,0.0
0,0.1944458119638277,0.31696605016269663,0.27253433586991893,0.0,0.8788929930823292,0.2690742600986487,0,3.0897985258893716,1,3.0897985258893716,0.0,2.4725869692164313,0.6344893507224869,0.0
1,0.9585635645339684,0.8020691151377218,0.7017258438082942,0.303021745621217,0.0,0.26417114876151154,1,2.685912955848217,3,1.5203944753685048,1.1655184804797123,237.92175013967065,0.9999632632254378,103.44004794358575
0,0.7024801928405807,0.2942145147957561,0.5008389961108074,0.0,0.0,0.07074386029165415,1,2.97646138651326,3,2.97646138651326,0.0,4.173921224644271,0.41647222587647137,0.0
1,0.4404130957510912,0.9090171485551122,0.9311919703781807,0.0,0.0,0.18026860401590103,0,1.0148218273256047,0,1.0148218273256047,0.0,161.64305186396444,0.9999997413819898,0.0
0,0.8000467254737086,0.5795319468151189,0.722435602279397,0.9919870443422668,0.3551818761564639,0.005552197163522266,1,1.2301682901616477,2,0.02712405187296882,1.203044238288679,0.021737884921124828,0.14855099128126636,0.14961147147366124
1,0.5052358093475086,0.7947094490948019,0.2569979120262641,0.0,0.5895869951723566,0.08863857744874465,1,0.09693102442708516,0,0.09693102442708516,0.0,22.864459913381495,0.8419059277847362,0.0
0,0.12518085163027048,0.3397562190819937,0.05478858468781922,0.0,0.5346119731548266,0.10886974311621728,1,2.879141557400975,3,2.879141557400975,0.0,0.5885258548351329,0.6296329926574373,0.0
1,0.08930086493498324,0.7220659717431368,0.5891393290218436,0.0,0.1635079106672236,0.03906480525816817,1,2.031905623763952,2,2.031905623763952,0.0,3.9497356448370775,0.9989839540575302,0.0
0,0.6001459418641143,0.2483763951291239,0.8774402731423543,0.627841077393929,0.0,0.009494864848791067,0,0.40837035666717747,2,0.05626945727923105,0.3521008993879464,0.17429319067951035,0.5475148654901997,0.2940368159182332
1,0.6096933789056247,0.7731144106455065,0.5859468114495581,0.0,0.0,0.21385254087745212,1,1.3906266227645747,1,1.3906266227645747,0.0,213.85254087745213,0.9992441232564047,0.0
0,0.918702674886987,0.7443656170980748,0.15927824998320284,0.3924219338448227,0.14676150746524486,0.19272169728381242,0,1.9790429605914235,2,0.952893430886768,1.0261495297046554,2.693463936595369,0.08865197252508716,1.66174274137297
1,0.8951690860583155,0.7605154958833087,0.8883657065685105,0.7642138891545799,0.0,0.09240795992441571,0,0.3630732361271378,0,0.3630732361271378,0.0,22.049056299081677,0.9999992670714117,71.4639000833954
0,0.13299104906052384,0.39226375212644127,0.9243032362941939,0.15777185930910043,0.0,0.01702147551419969,1,2.611680234737347,0,2.611680234737347,0.0,0.10643921816055157,0.5732443724518583,0.019938912678483293
1,0.6322885375365781,0.08194584128268545,0.33269709329476926,0.5994987779085771,0.17275599867028613,0.2503669042182432,0,0.21633642317429036,2,0.054757541894658916,0.16157888127963144,9.652064113472594,0.9920576767147077,9.566458278714004
0,0.16299039569024165,0.19728129997753063,0.8649851947260749,0.765964506136663,0.22773363650462375,0.08779736477235112,0,1.1185614617458308,1,0.39101137387723117,0.7275500878685996,0.26590428161674035,0.7730219238952967,0.5406314134515728
1,0.8546519487571976,0.5834106066661159,0.6067904271289455,0.0,0.4184351390280455,0.26169918950728965,1,2.005917838385571,2,2.005917838385571,0.0,261.69918950728965,0.9997102705055066,0.0
0,0.8872655568216404,0.35216145550202493,0.14480640816395074,0.0,0.9345850452616663,0.20263996667978745,0,1.7815149029666724,2,1.7815149029666724,0.0,16.436465653374864,0.17176516152213017,0.0
1,0.2115810759709713,0.8553245330116398,0.5303921225732681,0.28362309256505813,0.7527447113077371,0.0840874835371565,1,1.5287945881645746,1,1.4531257628669845,0.07566882529759011,28.950740972226438,0.9963482079339676,2.2665960949951933
0,0.9031257457253751,0.7572105638578822,0.03992773051209597,0.5824176360145545,0.9068013005802537,0.289698084926751,1,2.727230781778691,0,2.727230781778691,0.0,5.556378790575359,0.08196733543653756,0.3198961639192132
1,0.13075809378869752,0.3327394259085358,0.7732339383803226,0.0647514293065754,0.8978247607703133,0.26231850481116203,1,3.091946367806387,0,3.091946367806387,0.0,20.97675485958759,0.9999957647687465,0.1397064233359691
0,0.07945351155832303,0.825210234400651,0.3118047855817636,0.0,0.07325406936836432,0.1434125034462363,1,1.0793039585609823,3,1.0793039585609823,0.0,0.21156085436197258,0.30029398631209814,0.0
1,0.26490786905990005,0.5380934795877427,0.4014385547400665,0.3968595687534834,0.0,0.020689809910951974,0,1.3598013360551726,3,0.3118139034774965,1.0479874325776761,0.3836330239275511,0.9701546375307263,0.252426182275377
0,0.837188514807049,0.9910080690314764,0.7889619791062795,0.49440866132297256,0.8745447955797642,0.1708881568010004,1,1.8686567781565322,2,1.7334828881304176,0.13517389002611457,0.0994405604217827,0.09291934394494084,0.007683806724049236
1,0.03167526793802067,0.16526304575378858,0.12328580240544462,0.4455333505150001,0.0,0.09413219321548305,1,0.5505926229261011,1,0.30605683599299427,0.24453578693310685,0.1320986786713716,0.8872663246567877,0.10614590969849265
0,0.5840714882079179,0.1269179112656159,0.1429502394616463,0.33284109033266496,0.0,0.28334095315833147,0,0.7351741636100043,1,0.4956251832841597,0.2395489803258446,12.130806609133773,0.7410143224306548,6.051977782043058
1,0.778449719353957,0.07707437603057743,0.3934042026582375,0.0,0.0767560368803013,0.20647638930463394,1,2.185437787500517,0,2.185437787500517,0.0,88.87113197463698,0.9978625550099549,0.0
0,0.3572735681059681,0.6688250427446787,0.7726921490726648,0.45032407254300555,0.0,0.19482354164555407,1,1.442364896292929,2,0.4466209222975829,0.9957439739953461,0.9621823201287858,0.29139591777164164,0.7882714874086836
1,0.3857438749005767,0.19765741499186806,0.9016650916186414,0.0,0.8736177438026089,0.12558420572290457,0,0.5500259366580577,3,0.5500259366580577,0.0,3.372664060444754,0.9999998211606618,0.0
0,0.6734419839294089,0.016777948172719936,0.8328370383207395,0.0,0.0,0.2961766946961652,0,0.9684809547816349,0,0.9684809547816349,0.0,34.8273973741137,0.9503400887627969,0.0
1,0.053591302331113755,0.5477148104701505,0.9475387322086167,0.0,0.0,0.029689829589327733,0,2.555349695037815,1,2.555349695037815,0.0,0.03237451179335022,0.9999998849719158,0.0
0,0.7791813006564327,0.42861898519341535,0.1292125635226934,0.8941820022145005,0.0,0.29289165786127974,0,1.4586165597110727,0,1.4586165597110727,0.0,1.6360860077497146,0.22742204543371836,13.825234769328071
1,0.3765311496037034,0.26664679788166357,0.035757781074548856,0.7417293135990651,0.7418520854103517,0.026824510102041878,0,1.5161944444045292,2,0.9419002844322257,0.5742941599723035,0.5959065027233953,0.7545046094883543,0.4582297790138495
0,0.23178446328204483,0.15304197664494357,0.12901854361511156,0.0,0.362970251741527,0.2768754829038919,1,2.0085237679418753,0,2.0085237679418753,0.0,4.057834397776502,0.8095754551683115,0.0
1,0.3169087366968245,0.19760941016823574,0.9896289214945396,0.0,0.9127202839988692,0.09753433625812448,0,1.1176264775947538,3,1.1176264775947538,0.0,0.20406043277046404,0.9999999980053959,0.0
0,0.13119307613336928,0.9297636483815869,0.3016736928808661,0.0,0.0,0.23383357339418154,0,0.31913588826213407,1,0.31913588826213407,0.0,0.2978090711498554,0.2763622970742752,0.0
1,0.4457720564812516,0.8122095441045204,0.4298304590223312,0.40952386441308086,0.3443893367900416,0.2075067231276697,1,0.7202773294836194,0,0.7202773294836194,0.0,97.57460817729911,0.9826704921983913,36.27428941200835
0,0.7702758391630641,0.5676773164803387,0.9147527301335653,0.33196516706329027,0.0,0.18962742241230784,1,0.3520287164301299,2,0.15762923497928427,0.19439948145084562,3.852289657898008,0.16850826669537156,1.914310327559603
1,0.9287848075106689,0.4831478696248519,0.7683626838177118,0.0,0.0,0.10528467462416445,0,1.5469237061119798,0,1.5469237061119798,0.0,105.28467462416445,0.9999853146610362,0.0
0,0.5634188513867956,0.5729200850872564,0.03349537997349061,0.034886130972547225,0.5139328586693781,0.20527483458780182,1,2.755993709008155,1,2.749400487853416,0.006593221154739037,4.037083738167567,0.2675418905836323,0.06964430121798193
1,0.606755723499592,0.07359071644567317,0.9940810870999862,0.0,0.0,0.048772442231777645,0,0.1834022400982739,3,0.1834022400982739,0.0,0.6124362727642985,0.9999999997064605,0.0
0,0.599761548388028,0.044937697079531214,0.31281104187404396,0.0,0.7215289796783422,0.21838524703706427,0,0.7430992536149599,0,0.7430992536149599,0.0,17.569662986232192,0.8948063863863608,0.0
1,0.3772223498503502,0.3379274449271391,0.7759312077741044,0.0,0.8286064344564595,0.03243851297755781,1,1.9003672618905907,0,1.9003672618905907,0.0,18.251426189183388,0.9999968445878995,0.0
0,0.9146244794572657,0.8619461851135085,0.12258500595031319,0.0,0.0,0.03144677893931617,1,0.9312906255592145,2,0.9312906255592145,0.0,0.3111770775492711,0.08106530391182087,0.0
1,0.7998609627015296,0.5413252467861628,0.8823478029602972,0.25936894805363375,0.0,0.13927279264901293,1,1.74039683630816,0,1.74039683630816,0.0,138.96598321916696,0.9999998932121729,48.66587862887011
0,0.17097486799020112,0.3662136982331027,0.6373586714545396,0.48866869402647173,0.0,0.2669544049385322,0,3.031926535294409,1,1.9075301054651164,1.1243964298292928,1.719352092303114,0.5892800610803541,1.6431490341038133
1,0.4528490661189639,0.300133008812301,0.7640449400820144,0.2866020001716054,0.12683814771683322,0.24120654738494998,0,1.2547777617980014,0,1.2547777617980014,0.0,18.35656311093407,0.9999850577597847,6.1739021917060075
0,0.5555546482718269,0.7570403436252429,0.776400302822088,0.0,0.24416955019208797,0.04599299586979721,0,0.20792753259563623,0,0.20792753259563623,0.0,0.5034835040231078,0.203124472565674,0.0
1,0.18981530277392689,0.1507132686825724,0.4312523105221463,0.3761804250759303,0.9296369313213085,0.02175791211875334,0,0.6538580075731647,0,0.6538580075731647,0.0,0.1750082239909933,0.9941181428609535,0.004766766750158564
0,0.22378943596544876,0.2287774523122701,0.9321462393027589,0.8952282067189183,0.5058938197433248,0.2786145661230907,1,1.4635077715603961,0,1.4635077715603961,0.0,1.6040423409988087,0.7235012198179778,2.929178973090699
1,0.4060158107610492,0.266457584005525,0.5656766306248054,0.0,0.0,0.2910326955301169,1,0.8152446984161961,0,0.8152446984161961,0.0,76.4577410825005,0.9995228588682717,0.0
0,0.4497573056773555,0.6271547942184584,0.18516408699285458,0.8923806355426291,0.05370289015247032,0.2224502347207838,1,2.4959405877583145,3,0.0009273452462451202,2.4950132425120692,0.30300757447446425,0.28279787318307603,2.5125412442930792
1,0.7005863338678278,0.12092533982723597,0.15663596198009477,0.0,0.0,0.21892606478748317,0,2.883352146852412,0,2.883352146852412,0.0,23.60282530455883,0.9468398575647992,0.0
0,0.7141159297948924,0.03477139030548926,0.4085526224805053,0.0,0.3025429350961616,0.22425832764502504,0,1.9590016708470315,2,1.9590016708470315,0.0,29.84947473405906,0.888092289028737,0.0
1,0.35827134864160104,0.468034708512607,0.20606392550796837,0.69497098841766,0.09470501094915584,0.10957037506279334,1,0.593067679150099,1,0.21495032989666152,0.37811734925343743,2.975984682864847,0.8360484727807858,5.238168272016209
0,0.8967704288131125,0.9393886082334431,0.6284721656583886,0.9583139886769088,0.0,0.11272931980730445,0,0.3833428280530188,0,0.3833428280530188,0.0,0.020868001270729648,0.10587745557824557,0.47973161496480543
1,0.8524601313660765,0.9014758332106185,0.6399209018326146,0.0,0.2574315974279141,0.025040724871591626,0,1.4479773035998555,2,1.4479773035998555,0.0,25.040724871591625,0.9994446839568846,0.0
0,0.5024646778404371,0.5619549633077899,0.07072176974162969,0.7671916131698243,0.8413473100543908,0.08561194734614262,1,0.9588453302029538,0,0.9588453302029538,0.0,1.3531330714398895,0.29955667732131597,0.1941597782326363
1,0.7140384735082637,0.5320058599663657,0.9087462710937447,0.9382718050128218,0.6359142764517207,0.045550614914187736,0,1.306397547128742,0,1.306397547128742,0.0,32.65291298313256,0.9999997131567628,24.352413862598315
0,0.9713278165384439,0.9525155174034385,0.5409283617724466,0.5408479567936086,0.0,0.1864297751285266,1,2.380682868286238,0,2.380682868286238,0.0,0.7862658763752816,0.0792175330274617,0.926164435127984
1,0.24479624952352919,0.27129409394792325,0.5039187507494942,0.7182009127175096,0.9038515350750204,0.11097094594126038,1,0.6694861059438743,0,0.6694861059438743,0.0,9.15050916025052,0.9981307551196639,0.6853486138034
0,0.031238718299614443,0.29612251430362335,0.6978077527006612,0.0,0.608720395775114,0.06807633224741727,0,1.6070600500374734,3,1.6070600500374734,0.0,0.09183190619494122,0.6972198867781241,0.0
1,0.6272137820452575,0.4423655504812678,0.3194577733334535,0.7773611126282178,0.0,0.0492582690728363,0,1.7159407742147221,0,1.7159407742147221,0.0,1.8417084468873646,0.9501013115812807,6.430469287328116
0,0.3822030345735662,0.36509340098649856,0.057190634579590616,0.6157953702993415,0.0,0.12554117157553668,0,3.1093981621962152,2,0.020478418014560094,3.088919744181655,0.9273346657359146,0.5179246342223247,1.4863131512058532
1,0.757519269909384,0.16885497171142816,0.674736320015359,0.035143061753779126,0.0,0.23084371650353042,1,1.0822761140303545,2,1.0196302563115756,0.06264585771877895,226.41806644891778,0.9999817528173387,8.246843418930816
0,0.755884466959104,0.6909718860596967,0.42603764900648267,0.3701472995968528,0.508283780514225,0.2919247015203171,1,1.9560954812592986,0,1.9560954812592986,0.0,6.01024004443942,0.1418412981255206,1.3817301544324834
1,0.15062952843725186,0.1752714370263122,0.8468592100018408,0.0,0.08558806411034392,0.05736565682216704,0,0.06149785912830779,1,0.06149785912830779,0.0,0.1564380454010746,0.9999988275367482,0.0
0,0.4117481294512937,0.5642817115621426,0.20983397153393335,0.6521624561151138,0.020745034488214187,0.00898452063665198,0,0.6389894125051238,2,0.08153900302771563,0.5574504094774081,0.04352233081284614,0.3393566024918184,0.07773384582271019
1,0.3490292369917902,0.8297095424858437,0.3898127102012189,0.0,0.0,0.056261208031982216,0,0.5661536584026204,3,0.5661536584026204,0.0,4.7602399542780764,0.9495006924573978,0.0
0,0.39109838521637186,0.2983906703645527,0.5689078652272568,0.0,0.0,0.2911512031931102,0,2.0856652839531256,3,2.0856652839531256,0.0,6.606218164990622,0.588767969475781,0.0
1,0.13653677119701146,0.9535539025917755,0.3032506111926042,0.0980905633693766,0.8694882843935122,0.2677162410841269,0,0.698818790070268,3,0.6742582904667982,0.024560499603469843,5.216995202714753,0.8237630408474581,0.06789656186037976
0,0.46378877305681965,0.5793162107187996,0.40975186230001603,0.6598404227529038,0.05456151125633879,0.08411182716761748,1,0.2890961300316657,2,0.04062128781042937,0.2484748422212363,0.4694796657325228,0.30489325687358504,0.7830682743685948
1,0.7002901897685266,0.7279534124840257,0.8842164558707301,0.9409428350224583,0.6626537899637192,0.013392965057729779,1,0.5698830535526115,2,0.25163557381863255,0.31824747973397893,8.508842454246386,0.9999998559534267,4.983465939406115
0,0.9224621661364905,0.6934435645276462,0.91787564090472,0.0,0.3107357599818741,0.06023468001504184,0,2.6921957729617882,1,2.6921957729617882,0.0,1.5197084815015565,0.08442556441005467,0.0
1,0.7623844391840672,0.5606480853615269,0.22226300953159206,0.4656819808652337,0.0,0.00912595110217285,0,2.21807402763648,0,2.21807402763648,0.0,2.3229928103502218,0.8594892915682941,2.0245918249422554
0,0.9815948528246856,0.1661511644993804,0.18086842388043556,0.0,0.6448785288578853,0.20484071611746066,0,1.9385090093984445,0,1.9385090093984445,0.0,55.42613981824173,0.08455788649274043,0.0
1,0.7592707184536567,0.1170644890916086,0.07118772878626545,0.0,0.0,0.19736327146335705,1,1.7076874187999802,2,1.7076874187999802,0.0,39.09760170927151,0.9199740107586929,0.0
0,0.4213927020235607,0.8896820900877201,0.8875045445418999,0.845777169192447,0.7102562302059181,0.2259115785346466,0,1.4966508951957334,2,0.6012958551576935,0.8953550400380399,0.30381201035296745,0.1987653268176598,0.6900834092678615
1,0.9068543951740333,0.03797916403149204,0.6169060920271479,0.9949663228495496,0.0,0.26715012499661833,1,2.1679943525425585,2,2.111817646556144e-05,2.1679732343660927,1.3447474799369594,0.9999856765014378,265.8053775169797
0,0.7387686296793192,0.32395796938319976,0.27533296773480265,0.0,0.0,0.14306039256907957,0,1.4010316335586945,1,1.4010316335586945,0.0,8.564371313887081,0.35281066773266434,0.0
1,0.7628631885327822,0.9076697878312681,0.1181064035391538,0.0,0.9122751242108921,0.05122423688081055,0,2.798813311979552,1,2.798813311979552,0.0,11.70985368519629,0.5207143915128771,0.0
0,0.442685785634523,0.9161003999680839,0.12916919597891463,0.9006941404190801,0.0,0.1450459927465519,0,0.5802353576256061,1,0.055284602827559315,0.5249507547980468,0.04942780425144322,0.18645155931723545,0.4483052042541297
1,0.13990795828702685,0.36890224785057946,0.15853057734749543,0.0,0.0,0.0996112072443013,0,2.521916253782881,2,2.521916253782881,0.0,0.8988043703981052,0.7877072238394096,0.0
0,0.5166226641811903,0.2410327825039258,0.9558902715915911,0.7523873848683325,0.0,0.23760181584627554,1,0.9390355675655925,0,0.9390355675655925,0.0,2.4733307758863186,0.603499506424392,7.51537991468625
1,0.7059031581354305,0.777710190137627,0.8044419021141785,0.0,0.2959581961203569,0.016130518908851376,1,1.8673333961170113,0,1.8673333961170113,0.0,16.130518908851375,0.9999976869084962,0.0
0,0.8155494809562661,0.35305629712754616,0.8444420288160879,0.0,0.8629227857754285,0.10049020687051272,1,0.5631145645312514,3,0.5631145645312514,0.0,6.734344524555424,0.2526096320104745,0.0
1,0.3506453763103845,0.6665614084999033,0.47711764539666146,0.0,0.0,0.26883064477629637,0,0.8195941626372314,3,0.8195941626372314,0.0,20.823482156181715,0.988157528781936,0.0
0,0.7520844766623204,0.2630190348672724,0.4833080299278747,0.0,0.0,0.21917616364102024,0,1.1098391936439522,3,1.1098391936439522,0.0,16.35300220456965,0.4099114224129752,0.0
1,0.17809578406921767,0.9421834974813946,0.6033038876917269,0.0,0.8436894445460963,0.1973971202955519,0,2.6469845321719547,0,2.6469845321719547,0.0,12.160289473559757,0.9978506045442639,0.0
0,0.7012668085262271,0.37003244497677235,0.643750378473309,0.0,0.0,0.07052872636302589,1,1.8497517444939513,3,1.8497517444939513,0.0,3.3489582845817627,0.33712630530074583,0.0
1,0.3967851321846917,0.5071533420747739,0.014611308891752217,0.0,0.6028106064549114,0.14155636134234095,0,1.1457666124228196,0,1.1457666124228196,0.0,5.60479318896173,0.5081567940980791,0.0
0,0.5164206240329141,0.10716277799500984,0.4522647004471171,0.8706951535093983,0.0,0.2925101558588614,0,0.7724841192712215,3,0.0015602909272724643,0.770923828343949,1.9415933166763808,0.8011528806183348,13.074033470502878
1,0.6094201445443158,0.6613163439648703,0.27620719117113934,0.19531820290166158,0.11627544635343212,0.14452896908105842,1,1.0340436954154208,1,0.8731478422660912,0.16089585314932964,45.39325146777725,0.9012265475456831,9.537928539970427
0,0.9021279616190848,0.5248824392904761,0.8785362936101796,0.7339219295143709,0.8152992686239813,0.015541639634108137,0,1.1425635475443456,2,0.8591724363003126,0.28339111124403304,0.6016542346127836,0.09454666990656724,0.14299351332949828
1,0.18420265904399735,0.19814605615240677,0.14837827764128175,0.6188800526652661,0.0,0.10868345912587592,0,2.378575368470407,3,0.0938550111239145,2.2847203573464925,0.4669568865174121,0.8806918684040358,0.7582660118980531
0,0.9665143937904608,0.9287476482487704,0.5428743663919425,0.0,0.0,0.27688055477587725,0,0.47428467708552763,3,0.47428467708552763,0.0,1.5399634397267943,0.09555257644670723,0.0
1,0.9596794368434179,0.2630720192721866,0.43995631953954706,0.0,0.159266202279022,0.07034025982959752,1,3.0808398829029273,3,3.0808398829029273,0.0,70.34025982959751,0.9971295849740576,0.0
0,0.27867750630327426,0.24301877344024048,0.3053074644791579,0.0,0.1586395458582418,0.2982075294834496,1,1.5832742754032618,0,1.5832742754032618,0.0,4.783594516996892,0.6920095118297684,0.0
1,0.45081138785812336,0.5383810300654067,0.8538653369958962,0.46561455560134024,0.2499860057690576,0.13822203127089774,1,0.7331517304601044,0,0.7331517304601044,0.0,95.19581958076456,0.9999996124746968,51.92841248778662
0,0.7786651145397927,0.571521143435927,0.0389843277643348,0.2804501961639738,0.9316259339361245,0.032000860337735214,0,2.359441959904922,3,2.3166634808676068,0.04277847903731535,0.9922484986721287,0.16761134233883246,0.019847086674401156
1,0.9988918451128382,0.7078138006392256,0.7767141522834936,0.9121133764649954,0.0,0.17765665250315318,0,0.5187494534393425,2,0.0038708940125035743,0.5148785594268389,15.613652714127838,0.9999835352918399,162.04310648437553
0,0.548441085919234,0.9665913196111865,0.14293761102861557,0.6029344042382533,0.1659468866163395,0.14264137183888828,1,3.0258661321400853,3,0.03408373226103705,2.9917823998790483,0.08594573461164272,0.12731548510167867,0.13050649778779483
1,0.6985999872256214,0.7696558244045403,0.3910324292226949,0.7028235274827337,0.0,0.10644332583245264,0,0.7709675988117621,0,0.7709675988117621,0.0,13.10194444182848,0.9654611246747851,30.986150187086803
0,0.9780933787075773,0.5698964980795124,0.16899394595951556,0.5345799229250932,0.0,0.16394348773687062,0,0.4022997057869009,3,0.04050702932449332,0.36179267646240754,3.3729542836110054,0.040829726747451,3.874163857079231
1,0.8835342280553441,0.23899206758602154,0.7535282397858267,0.5335260618281598,0.6744259868298843,0.1877153510149933,0,1.8340200597831138,2,1.334706212826406,0.4993138469567078,159.77576594632492,0.9999890644513222,68.01025575044432
0,0.02543093505836469,0.1695099902452829,0.048383374866755924,0.5519845349170787,0.11776854498948564,0.25386616398085066,0,2.4543487948296665,3,0.193459426584604,2.2608893682450626,0.1479208075412263,0.8268326924070363,0.18224816891106702
1,0.19188323703794075,0.8769233746840301,0.06989162563795004,0.8432031612035409,0.7683910998398433,0.05631338546536478,1,1.0633569163615302,3,0.4588970365828172,0.604459879778713,0.7541754731440745,0.2627681642246964,0.46634526155233785
0,0.5479891725146205,0.7087827683588138,0.5452490710351641,0.9476005376017749,0.8371758147693444,0.1970060232815993,1,2.5986961674237574,0,2.5986961674237574,0.0,2.893356971826876,0.20906732274575668,0.5498459329208354
1,0.33849854584847605,0.1785429027767167,0.725114213695314,0.6493139192154525,0.42496322670764,0.12560822367789395,0,0.34729597314518185,3,0.08324359360733172,0.2640523795378501,1.797125629534562,0.9999743060438318,1.126883424481987
0,0.8614797162490041,0.36619034810176665,0.05419588030675626,0.0,0.12852817917147585,0.03208335094192016,0,2.410632145619625,0,2.410632145619625,0.0,2.3152216177982545,0.19338817405808362,0.0
1,0.21190496603974363,0.7632270717824711,0.5548288364589198,0.3846886107594212,0.0,0.2580148986895439,1,1.1330895877835552,2,0.44167601147222985,0.6914135763113254,50.817017497666065,0.9979991890248796,31.77046322552475
0,0.9856025272149572,0.14941728913961294,0.35924245908645325,0.0,0.8539108734482262,0.2847428152081494,0,2.638574578078852,1,2.638574578078852,0.0,88.59522697086481,0.07575141646240535,0.0
1,0.2573902812955735,0.173965189195189,0.8161506443491107,0.0,0.0,0.04113351895535967,0,0.9293696112196821,0,0.9293696112196821,0.0,0.4053910899312221,0.9999974455598142,0.0
0,0.8172536754286264,0.33582130236411856,0.203390699991562,0.0,0.8610541484335921,0.25902409786094727,1,2.072949083070415,1,2.072949083070415,0.0,18.451402410440227,0.26547872859253185,0.0
1,0.6171605668416313,0.43448962223164433,0.793503740545172,0.9878929627552616,0.0,0.0374012023151317,1,2.1039150643691182,2,0.000128579689736414,2.103786484679382,0.4528177494720648,0.9999980535539015,36.94838456935747
0,0.716222467906446,0.06607868430905561,0.1487916300676726,0.4413296495128234,0.0,0.2075816514993684,0,1.8981992954468259,3,0.3523452014580868,1.545854093988739,14.274761660276567,0.8004295615123416,11.27655254107413
1,0.2503780798708063,0.10312420288256385,0.4420228917951672,0.8830953162602566,0.9144334066101154,0.18678712697066685,0,2.0574115723620006,2,1.8891134127371814,0.1682981596248192,2.2107035690403696,0.9966805465953954,0.2702254784017097
0,0.6689711044219174,0.18149207544318702,0.05378227405718283,0.2047072722239539,0.09518160132377129,0.26188720962639056,0,2.3340794835651426,1,2.141068858207006,0.1930106253581365,21.198953741045898,0.5988609905316267,4.870898018187507
1,0.2900101073689849,0.8787451249151912,0.47285104410307033,0.0,0.0,0.24062251524544145,1,2.132266209976965,2,2.132266209976965,0.0,103.32739228319043,0.9897515047666655,0.0
0,0.3171962411020687,0.3572827304245094,0.9503873701600027,0.5389298860568147,0.5721866534083748,0.05969084369630321,0,1.4277934507467989,0,1.4277934507467989,0.0,0.8385391932861895,0.5512270491125746,0.2706549954107971
1,0.9979750109545833,0.7982193323763502,0.8265381408324592,0.0,0.0,0.10503147400804894,0,1.5832886034932558,1,1.5832886034932558,0.0,105.03147400804893,0.9999951944413437,0.0
0,0.44933747840512683,0.7164207482091812,0.2778266515092095,0.5146703682962191,0.9844253831328487,0.2487723394833853,0,1.5376884319747763,0,1.5376884319747763,0.0,2.5105780706604564,0.2512906620117613,0.020329198334673653
1,0.7060693225837489,0.6485712453351135,0.30875156264709713,0.9119203527033108,0.062284084996622524,0.20591023561303332,1,2.5795255528218894,1,0.05599745059082517,2.5235281022310643,11.017112185898608,0.9393202017186154,114.06413557146762
0,0.5143627506688162,0.8020870193565849,0.8610999441505448,0.668026993737488,0.13902190466937014,0.09510996369534419,0,0.5506036780594068,2,0.09554044801396142,0.45506323004544535,0.33143468268325793,0.20102456629904553,0.47112357104561936
1,0.5945037824652732,0.6702859587067567,0.5377788975187487,0.9726013374820472,0.6334240913371838,0.298172412399227,0,1.0198124597591072,1,0.6140399108271527,0.40577254893195447,55.63032607642017,0.9964005024006927,57.616294400684275
0,0.7020536495755625,0.04330399419113806,0.6192686846262883,0.0957754389547758,0.33723169171797696,0.20580679675970678,0,1.958462271766828,2,1.8281809796173945,0.13028129214943363,25.649280912146807,0.8681155848107718,1.7568832360275544
1,0.8671268970997784,0.2796020912003472,0.19278776430854516,0.0,0.26992193483366833,0.05353930180228046,0,0.8712250037773533,0,0.8712250037773533,0.0,13.111136114147138,0.923365115301436,0.0
0,0.17118833293766877,0.9456374993585233,0.44335848837142744,0.0,0.11599692747056978,0.11082678194627667,0,1.5920764385016415,1,1.5920764385016415,0.0,0.13416507070207956,0.2554679151266571,0.0
1,0.9054297744706532,0.977287441122533,0.8452748437043185,0.20454251239662025,0.827743476270107,0.24556345587130748,0,2.9821070298755235,1,2.976089751337064,0.0060172785384593475,254.7381573274911,0.9999963637284249,9.306657838562705
0,0.24527363771482735,0.06966787638355432,0.06737520678572195,0.0,0.0,0.017932320171193065,1,0.8398836411317127,0,0.8398836411317127,0.0,0.31810019889078534,0.9097348955181097,0.0
1,0.3883939049346671,0.4660159508314017,0.6582410117361688,0.0,0.0,0.02757394445617028,1,0.25540382985242965,1,0.25540382985242965,0.0,17.353340463074627,0.9998962343419416,0.0
0,0.06784723709215723,0.16138946974333068,0.23205612870967607,0.5705093105892244,0.0021657042425509143,0.12889975945917495,1,1.0304707653822318,2,0.18743638399126658,0.8430343813909652,0.2015995524702975,0.8288738987440187,0.2670082845592639
1,0.062185183026478685,0.5990418502889495,0.2568124116049658,0.0,0.0,0.14014061088263677,1,0.16967334409085164,0,0.16967334409085164,0.0,1.63530352894764,0.8499697939528361,0.0
0,0.1952199744786649,0.10808602439577453,0.3433974703768833,0.0,0.9405411742181751,0.09912791626220599,1,1.1955819707464979,0,1.1955819707464979,0.0,1.2539412692353809,0.8691263271247026,0.0
1,0.23982288824318365,0.13320981405648602,0.8969244281227747,0.0,0.0,0.015623044490683403,1,0.1992231478239864,1,0.1992231478239864,0.0,1.3802546946086305,0.9999999759349582,0.0
0,0.13031413977521278,2.074268335094942e-05,0.7942881073989901,0.544230789864961,0.2946520363339393,0.17816996005104382,0,2.1155194172025276,0,2.1155194172025276,0.0,1.7932536682195033,0.9999761492973157,1.3912143622617656
1,0.2514325981112998,0.7718771038675674,0.5439069134007817,0.5567160460595995,0.5397305298454057,0.22826339999735554,0,2.933210300465427,3,2.3054777508804634,0.6277325495849637,14.830394842642315,0.9950547845896247,18.625349970165097
0,0.19717990027213306,0.6938125113911356,0.31144400854496657,0.21175405020873994,0.0,0.0060416059255397735,1,2.3176477380837404,3,1.5455818725720778,0.7720658655116626,0.026273692279313605,0.328831532842668,0.007058153302983764
1,0.2225139152552702,0.9096692466150943,0.20080606591311656,0.0,0.42489765784093325,0.07215561921901956,1,0.917837174498362,2,0.917837174498362,0.0,4.080975302981688,0.6472326155148411,0.0
0,0.32998109414093346,0.5073762897036849,0.31895045615400885,0.008788549808155244,0.04515924382484571,0.23104913535620186,0,2.5917157309341405,3,2.578255163395764,0.013460567538376544,2.730492102519897,0.4034733660169678,0.02310746388514597
1,0.05054659163543973,0.45472620851591417,0.569996765430707,0.0,0.7520233089115034,0.23042150815508966,0,1.0742711160069438,3,1.0742711160069438,0.0,0.6078557687358954,0.9978551140479371,0.0
0,0.07220959822257633,0.21009550475294514,0.9216674497164692,0.0,0.7268760891698265,0.12537575538900575,0,2.1940079928391087,3,2.1940079928391087,0.0,0.4550304409428406,0.7771960506902342,0.0
1,0.10585565785695839,0.6101654575604661,0.48386901343635147,0.17439017395218892,0.0,0.1357818755101006,1,2.8397157404601026,0,2.8397157404601026,0.0,9.882149094757786,0.9933136407568951,2.087365781371499
0,0.5413003729100668,0.20506615892539737,0.551678714717632,0.0,0.0,0.25701120861161525,0,0.9191289923864153,2,0.9191289923864153,0.0,11.647289505885125,0.6400466324734334,0.0
1,0.5884724660580185,0.9696801314405675,0.8224136309566253,0.27221499182479203,0.0,0.2081152986853506,0,0.13058183972890422,3,0.05036971404126233,0.08021212568764188,151.50126613061337,0.9999910711852205,56.66634439832012
0,0.26506106302400056,0.6783985013653455,0.6816776124638096,0.3035898351051737,0.0,0.1376818241091548,1,0.9987694625967133,2,0.499947239714549,0.49882222288216427,0.6181237788030233,0.31585150281201624,0.269462029046829
1,0.32238472699409704,0.2907151835623597,0.3060122333133871,0.025707203420990865,0.48463841880196123,0.26708989007160977,0,0.14682830218535917,1,0.14488975129696435,0.0019385508883948133,6.8157970725424395,0.952682832175992,0.09151215925565173
0,0.8983829320989623,0.9703753659706829,0.20856666460560058,0.0,0.0,0.10544189999675194,0,1.2969188532665414,1,1.2969188532665414,0.0,0.22850708836622394,0.10788634890212645,0.0
1,0.9860668698758877,0.3646712721696175,0.8006019598920856,0.591352091447361,0.19185767628357686,0.1905655843698356,1,1.1470590374746927,0,1.1470590374746927,0.0,114.40439883033635,0.9999990096668898,112.45831461767301
0,0.41653690699733237,0.03971549698092136,0.546743327043342,0.0,0.0,0.06290213351596796,0,0.16026817611060526,1,0.16026817611060526,0.0,2.5160217757925305,0.933808173930534,0.0
1,0.7892386165652935,0.34653836562126805,0.7775970963848539,0.0,0.0,0.1263123865168332,0,0.4403420897164421,3,0.4403420897164421,0.0,126.31238651683321,0.9999907607339265,0.0
0,0.9674571565038533,0.11825431085078575,0.9600265378159062,0.0,0.0,0.027123034533686842,1,1.6183181540830531,0,1.6183181540830531,0.0,9.447099783862901,0.1952687433316903,0.0
1,0.1934574453212311,0.8661900077095249,0.14341254172802276,0.6063839599483445,0.0,0.1700667292546921,0,0.6376731397976959,0,0.6376731397976959,0.0,1.3476077107908795,0.4654261375523051,2.0760528458623213
0,0.9525963418480748,0.9340045558397565,0.3915516775618255,0.0,0.0,0.14208099044279573,1,2.9102950633344107,3,2.9102950633344107,0.0,0.6797967508458586,0.07955872498321459,0.0
1,0.8873000783502691,0.1905686490934596,0.018519686324157902,0.655074246952869,0.6411438230690363,0.25877565809021275,0,0.7452593537551107,1,0.5721437006391021,0.17311565311600852,82.80334661016627,0.8415466496247831,28.48407532779436
0,0.7838362784695212,0.9971839279912786,0.020558349038119927,0.0,0.0,0.24378479330117844,0,0.052319452986551065,2,0.052319452986551065,0.0,0.0453915004569868,0.12042078286653302,0.0
1,0.2925747929433161,0.36281187961385597,0.6621178638456384,0.194924653064658,0.04449274239081502,0.11797108705246626,0,1.347044961537536,2,0.9494792557754216,0.39756570576211436,3.088100556178713,0.9997736331157828,0.7130312015600312
0,0.5318487046605904,0.8403624691296515,0.27414628037944944,0.33605596933722914,0.0,0.2763184129444278,0,2.630733302518697,3,1.1963301403973365,1.4344031621213604,1.552360449333274,0.1855425084067207,0.7857288739243755
1,0.09964300247385083,0.7743584730608178,0.31873102983413404,0.9760795102425335,0.9555573731560941,0.11237575301972262,1,2.3003832222829477,2,2.226910461110957,0.07347276117199053,3.9580955641950952,0.9022788748422893,0.20688368931672627
0,0.7292803281483269,0.9719328739266476,0.7436216776193506,0.9318808534562828,0.0,0.1869665722151145,1,2.3819049533343466,2,0.0036164470018750505,2.3782885063324715,0.020453794993529444,0.10402425055426445,0.2798111970289807
1,0.7903837308776513,0.6448817276113473,0.0971904060415818,0.0,0.0,0.19943974366779874,0,3.0041947056328935,0,3.0041947056328935,0.0,43.69940601839471,0.6264431556942784,0.0
0,0.6222185894043318,0.5792062674497289,0.8675479164310768,0.5470864599415036,0.0,0.26058045950673764,1,1.5951285427592377,1,0.7013693926332472,0.8937591501259905,2.7216829820819366,0.23820261967328082,3.28759415661967
1,0.9904869847555431,0.46546652065269634,0.8750707959508568,0.0,0.0,0.23604534355766982,0,2.8839199268337934,1,2.8839199268337934,0.0,236.0453435576698,0.9999993493979493,0.0
0,0.3103151414248728,0.7471318732359342,0.33917593932443246,0.0,0.0,0.05536291003129275,0,2.4257334765640763,1,2.4257334765640763,0.0,0.35606458281085,0.28256656717888673,0.0
1,0.3546311700643866,0.20503617532117613,0.2715928432934843,0.8337957116170777,0.0,0.07251227606500812,0,0.2015184625599947,3,0.0009216243257788885,0.2005968382342158,0.32581702641161003,0.9540942781903398,1.634523645791455
0,0.22030299308247514,0.24444926076847895,0.8014809703362673,0.8358785480468438,0.9237282040378606,0.12220915810424736,0,0.7159381969918843,1,0.6729731641812035,0.04296503281068087,1.3856842288580258,0.7067371040123382,0.09878143069820496
1,0.8999299707387117,0.18045022791411625,0.4016528165405716,0.0,0.07920493259263262,0.0595302271170554,1,0.8101973924339346,1,0.8101973924339346,0.0,50.73519550044762,0.9961561274720641,0.0
0,0.5858284379225835,0.14744271667230135,0.7103366766473077,0.0,0.0,0.22015213380566556,1,0.4567578065999203,3,0.4567578065999203,0.0,13.180221216002307,0.7054372298116822,0.0
1,0.16604429141490518,0.8465183150017896,0.5216854797462684,0.7482811431294374,0.0,0.11529731315281547,1,2.267659304819735,0,2.267659304819735,0.0,10.704970423362276,0.9955735921751258,31.82251661693889
0,0.3393308594279518,0.8761810410258952,0.2482213647256215,0.9890810683861005,0.0,0.22886254210308948,0,2.117067869873707,3,1.131052053618116e-06,2.117066738821653,0.009879921268089398,0.2243695419293763,0.8949633012604382
1,0.44004604640954936,0.46694689617485596,0.10923573085195759,0.0,0.0,0.18561088675323897,0,2.4989486773260583,2,2.4989486773260583,0.0,9.004509277118649,0.6816533653292045,0.0
0,0.4254170855821445,0.3660977254206308,0.5083082812883032,0.8300465872543404,0.0,0.07996065905220912,1,0.8928132836166893,1,0.14039000797732082,0.7524232756393685,0.30149554705291515,0.4987209094871562,1.47249381969262
1,0.0669818568039574,0.7810306413218817,0.06978651677595049,0.7801882368184065,0.5488524518411667,0.03029960824865104,0,2.6659908981606475,2,0.03738566036417029,2.628605237796477,0.03146283385124076,0.3252125749070949,0.111672517031907
0,0.25983668843402696,0.045104501429056976,0.24181738194745883,0.4536211664790717,0.591878306452109,0.18088264066480322,0,2.791131553502918,1,2.6911792576722537,0.09995229583066445,4.519087193739773,0.9400112856929623,1.075708568834432
1,0.7154947966307282,0.23128802716728103,0.35318654950399153,0.0,0.0,0.06427998013364596,1,0.6470786396412924,2,0.6470786396412924,0.0,25.23126569758051,0.9878754660520365,0.0
0,0.8974493724193757,0.6516987243220305,0.36492062743367626,0.0,0.0,0.13387416001567023,0,2.88681450175201,0,2.88681450175201,0.0,3.8214218505677,0.09488304964997152,0.0
1,0.9352367170113887,0.6705556756254382,0.5398112024185383,0.0,0.17013337736696788,0.1386573098568406,1,1.6763980269622485,2,1.6763980269622485,0.0,138.65730985684058,0.9987409703427411,0.0
0,0.7355736639846795,0.06494661955832115,0.10717531814534265,0.0,0.0,0.13891842282675013,0,2.820997085767268,3,2.820997085767268,0.0,18.362916683499808,0.7919706825104196,0.0
1,0.3129309226893823,0.5714449793448225,0.48998248392049326,0.25318109406689493,0.0,0.21431393848861133,1,1.8074744378284515,0,1.8074744378284515,0.0,56.727200717044184,0.9951713284109781,19.2312415055278
0,0.6049249178680878,0.4391125729832632,0.4458017640625904,0.5721391059081165,0.0,0.10130165246860459,0,0.2567451583592237,3,0.020087608753208662,0.236657549606015,1.335553426109208,0.33538806691632295,1.7859130237374483
1,0.09947253723887839,0.23653787820245498,0.16754853994178454,0.0,0.0,0.07939526712768626,1,1.6087377932525813,2,1.6087377932525813,0.0,0.791088554396785,0.877908324639801,0.0
0,0.767428459565563,0.03788876455751122,0.5880941344560275,0.26612574959526325,0.0,0.014249200220655175,1,2.379516475702692,2,1.6836972718201224,0.6958192038825697,2.3546969727766456,0.8551920961350618,0.8538867477695021
1,0.5046933108618431,0.3445166687755744,0.4438033455118878,0.5726466332226249,0.9847979211735713,0.20925764281580927,0,1.6035211987609101,3,1.57686313218376,0.026658066577150086,16.81166435770333,0.9910854309250432,0.15382484150929032
0,0.1650299138524609,0.7116031107182054,0.1899999431193592,0.5139926979041869,0.0,0.11739696883145744,0,2.612273418459844,3,0.28281738816744384,2.3294560302924,0.22804377674591372,0.3477607172602165,0.24117505137152143
1,0.6614467734992598,0.042685858538058064,0.1287085924632997,0.0,0.0,0.20102183707030458,0,1.4082898112299738,2,1.4082898112299738,0.0,18.12069596205587,0.9767983790594061,0.0
0,0.3503276426782864,0.5909555866491549,0.7912822487795762,0.0,0.0,0.09731022913262193,1,1.9970216061981252,3,1.9970216061981252,0.0,1.0117392007148145,0.33980163051209045,0.0
1,0.6314429357133599,0.8954618688369851,0.875582234509273,0.0,0.12015411747733862,0.04168578221809086,0,0.25707382251009325,1,0.25707382251009325,0.0,41.68578221809086,0.9999984079526545,0.0
0,0.8956180545583492,0.34301935166932507,0.3709974960541974,0.0,0.0,0.16796172575002505,0,0.8592800829000263,2,0.8592800829000263,0.0,14.406734927774666,0.1666120983401176,0.0
1,0.03367699228621712,0.22854614966827413,0.9882564966193361,0.8034676002728981,0.5091971411708147,0.19996890645321022,1,1.813747945592007,3,0.009797978123235462,1.8039499674687716,0.05533322804378737,0.999999999636409,0.22621438507558214
0,0.009506414334611857,0.20167851496840028,0.7291362179210862,0.0,0.0,0.1503930416351035,1,0.2887603037648718,2,0.2887603037648718,0.0,0.06900523779330194,0.7967792069080146,0.0
1,0.4262520544941095,0.9306496363702507,0.5864650120855329,0.0,0.9268583863227858,0.14775374192510282,0,0.06836946091137865,0,0.06836946091137865,0.0,51.77800003400133,0.9976150722107707,0.0
0,0.4011854016823233,0.8898923083961716,0.8199078140810757,0.0,0.0,0.2703350678006233,0,1.4973701118359386,0,1.4973701118359386,0.0,1.0991682662986004,0.20371315424755,0.0
1,0.34858792808521055,0.35744144501811104,0.744502312702397,0.0357082852316527,0.9544549443034578,0.06153794313984181,1,1.5104292480532595,1,1.5088033463121124,0.0016259017411470733,28.65756312914472,0.9999914843032274,0.04668792450325187
0,0.827148790606173,0.1833851892329953,0.7786138999215916,0.0,0.0,0.08835889729057902,1,1.3683122479455028,1,1.3683122479455028,0.0,11.034097341569312,0.4349346987377496,0.0
1,0.20281451769007863,0.16364235251420067,0.6979869992400899,0.4040382514706783,0.0,0.19727009059929873,1,2.230613053030389,3,0.554396223150736,1.676216829879653,9.266612070273917,0.9999843050618011,6.28239269914543
0,0.5256506756724015,0.5250495993083943,0.5123019625771158,0.0,0.0,0.1317105802904977,1,2.2107620115182667,3,2.2107620115182667,0.0,2.6467170429162454,0.3114913812862703,0.0
1,0.9008433065070455,0.21531421748830737,0.913758194639449,0.45226643374050435,0.0,0.017775353806098234,0,0.9045511712269709,2,0.27361538832898413,0.6309357828979868,9.827137875968603,0.9999999150953054,8.114318484061872
0,0.22739095973126722,0.4847311434490895,0.8592760536292134,0.21731940585468845,0.0,0.19775669113397962,0,1.16452803451503,2,0.748508091531464,0.4160199429835659,1.296614334994399,0.45093646601829296,0.36001845326363097
1,0.944105690861725,0.9416557065891609,0.42137464563244187,0.0,0.0,0.07989771768572083,1,0.6014799952506994,1,0.6014799952506994,0.0,79.89771768572083,0.985945570364097,0.0
0,0.005996043367862303,0.2648346131396525,0.35546296303380687,0.24630239962745815,0.0,0.1257106886072192,1,0.5898275046348068,2,0.3389655826497945,0.25086192198501234,0.025440498611744012,0.7339928049216248,0.008313753225025988
1,0.6673329682086194,0.8508697894344951,0.807518492894449,0.21767323830696772,0.04411704255703619,0.0950079859110679,0,2.298189233536617,0,2.298189233536617,0.0,112.0229223903494,0.999988823803012,29.47940455632058
0,0.5147401589385454,0.6323548460683717,0.5786684590309615,0.0,0.0,0.15838855441707766,1,2.8006101911070522,2,2.8006101911070522,0.0,2.3167859782309352,0.25609539898874645,0.0
1,0.7384436582728747,0.5868517608175802,0.06215208900419966,0.31571772113735164,0.6191583957565173,0.1837894759324503,1,0.5819013396117396,3,0.3987622490418163,0.18313909056992334,33.373115810402425,0.5709142913298927,4.788937492226572
0,0.9133670583762873,0.30847321105061676,0.4235814364080225,0.6101716603098051,0.0,0.11946780762083972,0,1.588238800354718,1,0.5735469582053383,1.0146918421493798,4.98453401717988,0.16262728804809268,7.801950467609495
1,0.6812592333762209,0.04383398400150018,0.2574083844999955,0.4124851246067204,0.0,0.14348582922892178,0,2.440086109706417,1,1.6662431992295312,0.7738429104768856,10.810340376992363,0.991211973626793,7.58977310057018
0,0.05136568977378875,0.45396543820455604,0.26949603563153124,0.9730722348391784,0.0,0.26708169169178897,1,2.418667459342453,2,0.0005033518353338672,2.418164107507119,0.012452136460434166,0.5329345713177327,0.4499752646278417
1,0.6340143605925135,0.6182124994478703,0.26945058227163243,0.0,0.0,0.16005228490119447,1,1.66208674125124,3,1.66208674125124,0.0,57.46516884059595,0.9026996412102571,0.0
0,0.5602602835133359,0.440484885225948,0.03688945142734479,0.0,0.0,0.096860900953484,1,0.549389576944442,1,0.549389576944442,0.0,2.6536551618634014,0.358385629450903,0.0
1,0.5358254733835716,0.34215665473600165,0.9575760523279778,0.0,0.09457864908185054,0.2217946468425166,1,0.681921516398341,1,0.681921516398341,0.0,221.79464684251658,0.9999999968677161,0.0
0,0.43817608309424594,0.9612930823238365,0.25319776577798836,0.0,0.3993234963412442,0.21471896848472444,1,1.2718789355505362,2,1.2718789355505362,0.0,0.3160890084144786,0.14610367216691367,0.0
1,0.036835399251104906,0.13204577854597555,0.12545231801314383,0.2186110359980704,0.9377182611844779,0.20079151107069695,1,1.7814278742606622,0,1.7814278742606622,0.0,0.5800069534047341,0.9110186303801509,0.008017304721495404
0,0.7712551029175573,0.5333583160934777,0.5685546764282282,0.7640732722153216,0.5251846470858345,0.10547273096566313,1,0.0824713808575265,3,0.021294000818195796,0.06117738003933071,2.2773266211135033,0.17921097105432315,1.3019487170538997
1,0.7121860627533265,0.07831036177507711,0.411716626612323,0.0,0.0,0.2577280776256169,1,1.4426936601281792,2,1.4426936601281792,0.0,92.21055680585825,0.9982382230489112,0.0
0,0.2888297961144851,0.38695377183047375,0.7632331722473953,0.5114808396890923,0.0756137947100688,0.09590813681877537,1,0.17667510132015699,0,0.17667510132015699,0.0,0.6551309558550004,0.529787589445989,0.5878619765214209
1,0.06516684262793515,0.07538180242691017,0.9330028956087454,0.031319680138442774,0.3040055356507977,0.005136304440979972,1,0.679825574451198,1,0.6660554609607112,0.013770113490486735,0.033997250859378304,0.9999999963354943,0.0007577235299830745
0,0.04919462405314434,0.7514335047258104,0.9256583233232235,0.34613220624313945,0.0,0.07656468243378364,0,3.140146339175516,0,3.140146339175516,0.0,0.22046287300129758,0.3748479379441423,0.1167044796444213
1,0.44882496409520234,0.9924246821763753,0.738450543817253,0.0,0.0,0.13275062104447624,0,2.3897137745429418,3,2.3897137745429418,0.0,130.44846771998587,0.9999060055754351,0.0
0,0.2852299502378899,0.35738895564717355,0.5086502165870879,0.4067820492415746,0.0,0.02897461125592811,1,2.1247241876250507,1,1.3851904097232302,0.7395337779018205,0.297210814495172,0.5624030633005972,0.20380371838467398
1,0.6353740276753166,0.3193368523364646,0.9417587879043318,0.0,0.581956844006622,0.213087025837736,0,2.5685446070184934,3,2.5685446070184934,0.0,71.65378330329992,0.9999999500539315,0.0
0,0.010055335981556834,0.8976887524940764,0.40020204105417234,0.11050312392754746,0.0,0.015643130643945992,0,2.0620340398007193,0,2.0620340398007193,0.0,0.003764125105339956,0.3469375475022094,0.0004676211847204885
1,0.7428859120688489,0.4566331767522904,0.539658906342341,0.04858741787942222,0.1680337913886809,0.007374244347646217,1,2.9163213584849053,2,2.8962775352253014,0.020043823259603855,7.688025075817303,0.9989618853933101,0.32389751168709374
0,0.9267200439403919,0.354726647493694,0.9633615134463711,0.5871394912619762,0.0,0.20040068696560973,1,2.147033708027949,2,0.31163181480885727,1.8354018932190919,7.472012789844247,0.11762229352379738,10.626140537253287
1,0.10676464473634739,0.283095714721769,0.5250900106196253,0.004696324938880281,0.8779900564176378,0.298473372025675,0,1.2562841398503157,1,1.2557390323193036,0.0005451075310121123,1.3321853455295511,0.997206776802581,0.0007637809035826336
0,0.6767498766844703,0.35718936742147067,0.9566915059478986,0.3498635404922592,0.6405124002295829,0.15923062898122284,1,0.2851121964073973,1,0.2495312220831589,0.03558097432423843,6.449449660289043,0.3677817937247947,0.9320851011461858
1,0.9088603706679442,0.7043689732370563,0.5554121499658589,0.3079151165837465,0.29534384310900674,0.0707444144588624,0,2.969075765110496,2,2.813702680266335,0.155373084844161,95.87911199119344,0.9979294910996249,27.12081979706741
0,0.809599369092053,0.5462909777456761,0.05795201824423046,0.0,0.0,0.20640320271413976,1,0.7287224435973262,1,0.7287224435973262,0.0,7.24537818921585,0.1516943981597364,0.0
1,0.5631507292567642,0.24663294455432183,0.9330680716195229,0.0,0.3900845577509744,0.014090368867422483,1,2.0398409553196335,2,2.0398409553196335,0.0,14.090368867422482,0.9999999925968918,0.0
0,0.052499155747689596,0.7087064212800088,0.04658942380183373,0.11501904429055465,0.0,0.1824423548350995,1,0.22488568900685357,2,0.17636330628167135,0.04852238272518222,0.21426992423753533,0.36960946346698154,0.02784819463855478
1,0.7000690895170062,0.027793566434755834,0.09961458639366927,0.0,0.571517742540945,0.27766510634711766,0,0.38221754282471865,1,0.38221754282471865,0.0,30.440981498405407,0.9826641081445462,0.0
0,0.8659267442206128,0.09565921588939585,0.9546747704854904,0.4745308969391252,0.7875964842584788,0.22987354492481515,1,1.206003404847616,3,0.8955097767213231,0.3104936281262929,45.16077222650084,0.5589853765313471,6.939551565125491
1,0.02076255918236769,0.06746545005673321,0.8156684542570828,0.0,0.8760996307325474,0.048853548865765255,0,2.7003768890087514,3,2.7003768890087514,0.0,0.006419663653648765,0.9999987216073171,0.0
0,0.535655573712687,0.5429969914735705,0.7599900891759634,0.22924815313259528,0.7674473271275867,0.290209442874519,1,0.22645710677118824,1,0.2144685014872836,0.011988605283904635,5.404511828294853,0.2964334332482682,0.3046419645310776
1,0.946958822193464,0.39433175165431067,0.43130622770635973,0.7075830044475804,0.7815960751661759,0.04589367572406381,0,2.71768625914131,2,2.506794367804217,0.21089189133709274,35.519500513685195,0.9921856547420781,8.645752606858297
0,0.12088406862648982,0.81051386070388,0.768213726304224,0.04730805865322796,0.0,0.06855976805040623,0,1.4800579420118325,1,1.4308662210837828,0.04919172092804969,0.16785453921875107,0.3216718038549633,0.008335194244789793
1,0.16081937259438417,0.9132740956773995,0.6717099077211568,0.0,0.0,0.2814611084333831,1,1.079099576176307,2,1.079099576176307,0.0,171.0600234865592,0.9998223172133766,0.0
0,0.01211031893996417,0.937281213868501,0.2637270456022871,0.7955569081854948,0.9971496739200004,0.2993855611783171,1,0.6610714088433095,2,0.6582857773372129,0.002785631506096564,0.044203470228924985,0.2826871629124308,0.00010077085911247704
1,0.12817753870372184,0.14104488023930128,0.3740473361769372,0.0,0.0,0.08985018282486633,0,1.3614148156204222,1,1.3614148156204222,0.0,0.4487763183689358,0.9879963865124294,0.0
0,0.986906867034199,0.4507613101391178,0.6087961943000391,0.8487263122128754,0.048928844675729444,0.20133628867652856,0,0.23447625125024896,0,0.23447625125024896,0.0,2.7578498962151308,0.01570305691167717,11.601739576067638
1,0.047499585247748666,0.6384946702887133,0.06889540584970177,0.5734694412375763,0.0,0.20006704466644729,1,0.2932524482933609,1,0.1249287955900408,0.1683236527033201,0.34423714650855064,0.4519383562951025,0.4628261211441891
0,0.13443829300471466,0.08758573655302704,0.8564261764632284,0.0,0.847558817828845,0.04134606220320069,0,1.2131436591359692,2,1.2131436591359692,0.0,0.3468440271228888,0.9001686032938663,0.0
1,0.024993190254398168,0.2717754797288152,0.7057026389037939,0.7852569267029507,0.0,0.15844979984340773,1,0.2961417597461084,0,0.2961417597461084,0.0,0.2685490666213104,0.9999748701247432,0.9820107884564475
0,0.36167087338651593,0.1811152940209364,0.6303716301188924,0.7014635077323559,0.2999889316406562,0.21267755256715395,1,0.2296158532752311,2,0.058973041996949825,0.17064281127828126,2.711627148281366,0.7426730078450088,2.6602766615479085
1,0.2873247798794015,0.42817757518641675,0.04474663072150353,0.915035490172661,0.9734400869194216,0.0804150401838263,1,2.08499686592149,3,2.015210545311413,0.06978632061007684,2.3000174067460524,0.6134084805757539,0.06735743792738728
0,0.4392061966670512,0.8187341563717108,0.8026348235586858,0.7454587805870924,0.4608423201864089,0.037297764004903415,1,2.232664549549375,3,0.021136506425404405,2.2115280431239706,0.05995585657029097,0.19558457253376726,0.17558892752627897
1,0.8132735238390172,0.03690344373673293,0.9997239456127273,0.0,0.0,0.04711372156492915,0,1.1875270271313279,3,1.1875270271313279,0.0,0.1663024710262145,0.9999999999949131,0.0
0,0.315459705455416,0.32267354933094905,0.727452448278469,0.019125681352777923,0.0,0.09799248668421551,0,0.4859907315344896,1,0.47703783257482124,0.008952898959668332,1.5703827728981397,0.5896465579013087,0.030620274122136328
1,0.8799598609606158,0.0876575919224416,0.3211275238899318,0.0,0.0,0.047063075072558296,0,2.335011431506232,0,2.335011431506232,0.0,9.990511288349177,0.9926755105770138,0.0
0,0.0440950202958581,0.6886208526282231,0.30722270424093745,0.6625395150743381,0.0,0.09476201344041199,0,1.8835974235101949,3,0.05874314606399138,1.8248542774462035,0.04093886017866687,0.4034790733484285,0.08037566998828038
1,0.4243165910147001,0.7483227139844162,0.443626826109476,0.0690977088064636,0.0,0.19493473435905748,1,2.564241510218666,1,2.5210681573052174,0.04317335291344859,109.40570501201788,0.9870366492186687,8.12081312743766
0,0.7161655500528651,0.46036305646866216,0.7595761036453705,0.7409828469141704,0.0,0.19576439175729599,0,1.2509223901205186,3,0.01938521888087639,1.2315371712396423,1.9165306157426354,0.2496494097696944,5.48271145340157
1,0.43836397555989226,0.9544647447450666,0.06316885206772926,0.0,0.0,0.20016611307741092,1,0.7852923288195155,3,0.7852923288195155,0.0,13.763456971450712,0.21247138776181207,0.0
0,0.6160981902324008,0.2857079714925874,0.8718692153240188,0.23402031670589818,0.8197696207841217,0.12104691423161336,0,0.7292045664745352,0,0.7292045664745352,0.0,5.52415641229927,0.4897397427688621,0.24372297766636103
1,0.2935220981306922,0.20524733206504697,0.09855600804088938,0.0,0.0,0.057102992430572486,1,3.0231432794352715,2,3.0231432794352715,0.0,1.8086007458149425,0.8499493990869091,0.0
0,0.2820899213745449,0.26561282956311916,0.5463686244575509,0.46080758017002355,0.954076266641138,0.2304024126462243,0,1.2490315366973133,2,1.207998894293517,0.04103264240379634,3.5827677505677458,0.6649842237590746,0.08060872413064074
1,0.08779361686727072,0.7144594653722345,0.6617563619542547,0.0,0.0,0.2350403497117073,0,2.633339097347919,1,2.633339097347919,0.0,2.6665634150494366,0.999462358430186,0.0
0,0.7331773104305864,0.54762588103756,0.36938851562705743,0.9044565714590121,0.0,0.23632523979789452,1,1.9131674059625352,2,0.009809232959784656,1.9033581730027505,0.6781574380508117,0.19618615305936538,6.419739805189567
1,0.3836792549977275,0.4086222893672855,0.5048104207052183,0.0,0.0,0.09590392942101214,1,1.2774105217511866,1,1.2774105217511866,0.0,25.799891361922725,0.9975128919922592,0.0
0,0.9282733954690718,0.7238801969403336,0.4596377717679969,0.0,0.9095367243300003,0.03659044085512162,0,1.3642764169848773,2,1.3642764169848773,0.0,0.8203725365041588,0.08388514484769316,0.0
1,0.3462005576446756,0.5692033075177187,0.3154628980920593,0.6575418956655906,0.0,0.2032805150812721,1,2.465373045871663,3,0.058293791778354476,2.4070792540933086,9.127252480394631,0.9347135075505744,17.52492004778679
0,0.27800250167552354,0.5929718351637109,0.34005826843252274,0.0,0.26243930648431235,0.01741926984852457,1,2.2196126776009946,2,2.2196126776009946,0.0,0.1393055646145725,0.36341589094258153,0.0
1,0.19298706281125655,0.12518056070272243,0.23671369007843845,0.0,0.5275912949916618,0.025971693734121056,1,0.17404663466851467,1,0.17404663466851467,0.0,0.605510147194861,0.9639888208536578,0.0
0,0.6856174196125575,0.557630264383543,0.42949694222258683,0.8623107711321548,0.3425843617576436,0.04116850314672001,0,2.4023525181277754,3,0.0022973655710493857,2.400055152556726,0.150399286464269,0.22181873085998194,0.94191045846591
1,0.19445669679539046,0.31806442795779954,0.8936096250400715,0.0,0.19768464577774725,0.09898371606325547,0,0.5541417920209454,2,0.5541417920209454,0.0,0.6546092234559366,0.9999995427832468,0.0
0,0.15467103611400257,0.8605462849543501,0.034536187786785355,0.6612734519789834,0.0,0.23409519298820153,0,2.906305577440557,2,0.07896838486400803,2.827337192576549,0.19302739459901527,0.2897789864790936,0.3768346245629392
1,0.345148205736578,0.9245122148158069,0.14913933078375874,0.347042615074461,0.6913050598607389,0.25292570002560527,0,2.84193251507122,2,2.7563385017589797,0.08559401331224015,13.096795462418294,0.47357649751168374,1.6087780343046876
0,0.12528995378471697,0.5443251739801261,0.631594402082027,0.9995853057555607,0.7437839495024801,0.11343780861760953,0,0.9717022971072916,2,0.469563387526883,0.5021389095804086,0.25080278400505235,0.44970248204660057,0.1918220385316242
1,0.8684721838446905,0.07053765419085245,0.3301391094125107,0.10050351262854218,0.0,0.060633455936563725,0,0.8005545937250104,2,0.657910656263162,0.14264393746184834,11.030196578046096,0.9945737121774838,1.232437832321584
0,0.0165478084814068,0.9337577604985311,0.7834080083952413,0.14676380947745093,0.0,0.1770600428287465,1,1.547640316013612,0,1.547640316013612,0.0,0.035524763609602286,0.2816907554525808,0.006110558478465483
1,0.18750016632114452,0.6440964179601899,0.8735648937030511,0.8862122036831596,0.07219296399788244,0.11160511050785601,0,1.249597395584683,0,1.249597395584683,0.0,0.4721225618432236,0.9999981887357808,2.8346198837928074
0,0.42371880241536475,0.10622297630775834,0.8137742062271294,0.33240853724235775,0.0,0.06139052870117217,0,2.4774005295099446,0,2.4774005295099446,0.0,3.2969132557838448,0.8290283143909101,1.6416059430165346
1,0.17766878944215592,0.6488519956819294,0.9493904129293315,0.7118558471126213,0.40261278122029254,0.16174739850620293,1,0.7040717860630509,0,0.7040717860630509,0.0,35.22428422379653,0.9999999872802869,27.525348532884816
0,0.8946524316665107,0.8548989710268166,0.9559645033486946,0.0,0.0,0.1508129176026416,0,1.5152910915832027,0,1.5152910915832027,0.0,1.6112450329805992,0.10118875749116696,0.0
1,0.12117214836386103,0.01633232850538191,0.1893078215301004,0.7435752893013206,0.0,0.0797175956172067,0,3.094138399832316,1,0.024949473897745378,3.069188925934571,0.11106195988956391,0.9921889711643316,0.32205526811453056
0,0.7132746754341673,0.23361622980114427,0.5537097697518331,0.0,0.24772598775771426,0.11976145022512194,0,1.1080093185154136,3,1.1080093185154136,0.0,8.664235459241594,0.48469796642079144,0.0
1,0.7913604319604883,0.4209732360890912,0.9318768047439752,0.840472767112149,0.0,0.20222945116142424,0,0.45637713729776047,3,0.0018148531827609348,0.45456228411499955,32.261111875666664,0.9999999110494368,169.9683839392987
0,0.26221497527164817,0.677903213534878,0.15782365622026506,0.2551690980758916,0.0,0.09042865961370264,0,3.062864408357967,2,2.96009046740539,0.10277394095257675,0.8804978037296134,0.3310034442169665,0.30164676284924247
1,0.9125191607143334,0.6268693504131347,0.2729620572377971,0.32525240033992653,0.0,0.2753588233797553,1,3.095578012639552,3,2.816052061266535,0.27952595137301683,487.59217544656553,0.9321481361031981,235.0368130703351
0,0.41835111542339,0.4644789543718413,0.2009855286891813,0.9782430974823173,0.0,0.24553215827398064,1,1.3730821377803386,3,1.0275588096204512e-05,1.3730718621922424,0.09254979187112981,0.4014170107375439,4.161263074914983
1,0.27029528873488484,0.34400637169373316,0.4482008440500048,0.14253130920870682,0.0,0.2992321126139502,1,1.9651600655467958,1,1.8026712422241793,0.1624888233226165,30.87840441377424,0.9938049286033055,5.132711496800746
0,0.6201766953036858,0.07953446954725485,0.05177974529493601,0.0,0.7511734540179352,0.23604315204446139,1,2.2603412763605246,1,2.2603412763605246,0.0,18.838997878730456,0.8146692180617764,0.0
1,0.9269206035339229,0.13380420535999726,0.6501935975029858,0.0,0.0,0.017527297323129326,1,0.1453204372886482,1,0.1453204372886482,0.0,17.527297323129325,0.9999771784248775,0.0
0,0.11038085854823665,0.7037563124655264,0.2387895152643611,0.3963508243814129,0.33450122396892146,0.18945452996790055,1,2.181369724718838,2,1.3623156826298621,0.8190540420889758,0.396165936455303,0.35191499738876164,0.2204023309419433
1,0.2161580754248228,0.3209133755778414,0.24838020802732597,0.0,0.0,0.26309258241669337,1,2.1265632463001443,1,2.1265632463001443,0.0,9.298274021110311,0.9181348270602093,0.0
0,0.3182712826748457,0.4660672387584044,0.6907745970127002,0.0,0.0,0.05107806439595082,1,3.0819547942343384,1,3.0819547942343384,0.0,0.6275331481113615,0.43851686346740104,0.0
1,0.7289076672509284,0.021209825560612572,0.2512778611566794,0.9062660146377156,0.0,0.26424617701993647,0,1.5031402640987706,2,0.00955978435861568,1.4935804797401548,2.5605386807620523,0.9957157012087214,24.756540294014286
0,0.7576148890304255,0.9702277435546307,0.8292077714293687,0.9045273018174612,0.0,0.19599115617060964,1,2.907825006025826,2,0.0026005413467608957,2.905224464679065,0.03289169793282869,0.10115764154381046,0.31162247794121534
1,0.7132776913128969,0.1795573400091176,0.20207283303615264,0.30380413743263124,0.0,0.08781932337740994,0,0.6824521407694584,2,0.33550500871634126,0.3469471320531171,7.232048842038072,0.9440535777996335,3.1559026395584575
0,0.961638210120442,0.08341193677083969,0.6909733010453162,0.0,0.31708351482277264,0.16936937837480817,1,1.1143525040203064,2,1.1143525040203064,0.0,75.54104088367595,0.2965404699890313,0.0
1,0.8132460935617758,0.5320959925694083,0.7066804025167133,0.05288153279764307,0.0,0.09689957196194941,1,3.0970412672085104,2,3.091618612274739,0.005422654933771476,102.62179420819325,0.999975883080377,5.729798292502394
0,0.7970704159385932,0.9282414608520566,0.31889576174041034,0.0,0.061812872474580116,0.10612584324284845,1,2.8007949483572543,1,2.8007949483572543,0.0,0.4701181465471187,0.0993133182337047,0.0
1,0.36376038006386113,0.9551463143803332,0.4588596212003607,0.5852266028220399,0.8811349378669636,0.02021815889378055,0,2.5408006331306336,1,2.495395820158836,0.04540481297179744,3.2601124787687845,0.977849827114631,0.25253170181996576
0,0.29083840133180516,0.7990516607971698,0.8129312147190132,0.3735669096656379,0.0,0.11927432609668089,0,1.8618300550145883,0,1.8618300550145883,0.0,0.6084434549828918,0.26697189523719256,0.3628389762471247
1,0.30126473755121064,0.698919655418185,0.09854999915144769,0.7980010565112023,0.8658936740500597,0.28448860755346467,0,2.428347705615611,2,2.2313663135579884,0.19698139205762244,9.241849009307037,0.4780435219714648,1.6193606794317115
0,0.3053502764050646,0.5025295455563793,0.4370471338410552,0.060611567914595654,0.3676696706698628,0.01690619003781392,0,0.03229441096503991,2,0.02986673442225133,0.0024276765427885816,0.17585569770464912,0.4151142316874077,0.007008579708895109
1,0.8552656512655186,0.2644025229623148,0.97035998131448,0.0,0.0,0.28372169901558025,1,0.5503970080318417,2,0.5503970080318417,0.0,283.7216990155802,0.9999999990989207,0.0
0,0.4452430929337311,0.8269644187893813,0.354541290509501,0.40660835327676337,0.0,0.1469277752821254,0,2.6414760355534397,0,2.6414760355534397,0.0,1.8684440523200394,0.2118995817133168,1.280309494578977
1,0.9755026144933959,0.9667648063430131,0.23823683781174854,0.6799872273269936,0.0,0.036393813098290394,0,2.2612150161983635,1,0.4780430641248874,1.7831719520734761,10.649756069903134,0.8496992978802032,22.629403324103944
0,0.7123045780579291,0.14592783287143862,0.8672128657532333,0.2719811942214887,0.4566486278095949,0.2604283418137508,0,2.427724590719276,2,2.1445616066356448,0.2831629840836314,26.662191226450346,0.62739339183389,5.106300586967066
1,0.45104218554259834,0.42446164915751206,0.619229196001149,0.755709899378667,0.05966305488220458,0.2169482596913799,1,1.3402714880448383,3,0.020802312619556132,1.319469175425282,35.92120635538819,0.9997739232622421,105.04316655701467
0,0.9439962264261288,0.20633506872455043,0.07851046464371403,0.0,0.0,0.22447478548003402,1,2.9428325698378823,1,2.9428325698378823,0.0,40.237190793028276,0.17723760367991204,0.0
1,0.021805345805253173,0.3911362278863858,0.8939814264101211,0.0,0.0,0.2997314640561263,0,2.111063655562532,3,2.111063655562532,0.0,0.09592228281382968,0.9999993275089577,0.0
0,0.039236194425864124,0.014085123462552418,0.8351373347649729,0.0,0.0,0.08303145229712416,1,2.76305391198382,1,2.76305391198382,0.0,0.2004720388401985,0.9853480886236039,0.0
1,0.5924328099994912,0.4765863530235078,0.07368760375277772,0.6721437083417608,0.3687259019627769,0.009677414962000142,1,0.8209087490076479,0,0.8209087490076479,0.0,0.6655171376623525,0.6430433297190665,0.5230080495626344
0,0.6742888105257702,0.016446099362412925,0.021973336051884562,0.0,0.0,0.26609295156240453,0,0.6527244186770251,3,0.6527244186770251,0.0,31.438069478752208,0.951169627186389,0.0
1,0.21181479466712938,0.3403793444798371,0.047445008986942816,0.0,0.27380192215731136,0.17976373276598373,1,1.806301506272784,0,1.806301506272784,0.0,3.3411656303736468,0.6926609689516418,0.0
0,0.1798018772180736,0.5822072487269556,0.329193886943166,0.3458898719482296,0.0,0.22208076087821524,0,1.7244521858665949,0,1.7244521858665949,0.0,1.0982943707794346,0.41040942035005734,0.5807720794689992
1,0.5093137046809254,0.8860804379258193,0.4944247074066871,0.293509644543977,0.4524321670731637,0.20052110872111711,1,0.12647589362409634,0,0.12647589362409634,0.0,168.47021610037905,0.9940996186087195,32.267312951142664
0,0.6634602328481045,0.7500778427313888,0.19354667828562766,0.0,0.7644904778540659,0.06270658902880494,1,0.14580658848679467,0,0.14580658848679467,0.0,0.8219930617913493,0.15807275224157025,0.0
1,0.42724457922372205,0.4532870066479686,0.2119597397486166,0.5430067746385607,0.5616835316499813,0.2557664240649986,0,1.6476732821978854,2,0.9363746151344319,0.7112986670634536,8.43732222169729,0.8379555366183131,5.589724110224849
0,0.9092574733854344,0.8531638815234859,0.4374526874166048,0.19441252859539537,0.0,0.08001966832439174,1,0.5020577097056143,3,0.2652400186700202,0.23681769103559408,0.6806869598103559,0.08184550524068446,0.1642702719890973
1,0.030406751833401247,0.7009203711654982,0.7067856870383753,0.3923877720870649,0.8178190195356876,0.14705592934171807,1,1.1884426303432916,1,1.1183202068616305,0.07012242348166109,6.147101441899948,0.9999373321376185,0.495744949437521
0,0.24787659611886403,0.8308611983267341,0.7486106610510757,0.0,0.06560196634828563,0.051414281161609905,1,0.3282974488773413,1,0.3282974488773413,0.0,0.18473981974392606,0.2417323532210317,0.0
1,0.6492827006892029,0.7624109901810023,0.4311898671324057,0.8009955391704251,0.0,0.284809257470991,0,2.0312183078584596,1,0.2451609082923476,1.786057399566112,20.997790157704358,0.9791701396789831,84.51637806833668
0,0.10176017084099931,0.43827633829436774,0.581784734267217,0.0,0.7138253871471756,0.21388481366386197,0,0.9060457522833669,1,0.9060457522833669,0.0,0.7780262523199888,0.5351524673695702,0.0
1,0.3637176980704845,0.3459309038374784,0.40435527069844335,0.569620982657649,0.0,0.07269671642282842,1,0.4629158555580071,3,0.03677288238382367,0.4261429731741835,4.408314706422532,0.988312059915064,5.834551531909614
0,0.09722342643259962,0.43927187022090675,0.4417204432647628,0.0,0.0,0.24138612060704598,0,2.8332869164199703,2,2.8332869164199703,0.0,0.8350886609984192,0.535400040147253,0.0
1,0.5368252714280611,0.11360729112024348,0.6047767197335935,0.0,0.03378208516949832,0.18401275586939883,0,1.0115483086719408,0,1.0115483086719408,0.0,12.511190460218085,0.9998135721838993,0.0
0,0.312157828651065,0.05401475994274485,0.37477237121595286,0.0,0.3235804786781431,0.2327547920676079,1,0.031062221452756025,2,0.031062221452756025,0.0,5.851971021178441,0.923351061608988,0.0
1,0.030908726067488956,0.19556225607651856,0.2896487809542254,0.0,0.4182077527828185,0.2084204851832676,1,1.6159326217295469,2,1.6159326217295469,0.0,0.7425101378499162,0.9646002377712477,0.0
0,0.8884199432392828,0.40466122618073674,0.8114733117252493,0.7907805735646742,0.0,0.25213795136795936,1,0.7855810893916233,0,0.7855810893916233,0.0,3.7395311098784094,0.14100926059199104,14.134196839731368
1,0.3084614077005723,0.02017739954668285,0.06995056789177145,0.3425381413233357,0.0212568947865035,0.18323086382253886,0,2.1997144124786128,3,0.7982385561024292,1.4014758563761835,3.0056513355161814,0.9831567863072119,1.5659466908179094
0,0.5957539931014153,0.39241242432365897,0.30027473483514033,0.4168100564101572,0.0,0.21522227627499557,1,0.5626908520098797,3,0.11222051009762656,0.4504703419122531,4.279077490340746,0.3849597982547902,3.0582875266222675
1,0.5339914027393212,0.5505136452161046,0.6561502052894478,0.0,0.0,0.24294934732078738,0,2.8235997747431347,1,2.8235997747431347,0.0,69.30722314901212,0.9996825905309765,0.0
0,0.6768298234120255,0.8321235838023445,0.29217049810008977,0.7594808797278261,0.0,0.14287640886424838,0,0.6208278615522268,3,0.008401942446846139,0.6124259191053807,0.3229595156494628,0.15197584161809075,1.0198007409322114
1,0.10157817597291696,0.0905719131740994,0.014192804997777642,0.42268532740916154,0.0,0.18594961831751372,0,1.9143838491539056,3,0.39997432897929136,1.5144095201746142,0.7219864972942208,0.9111563977750655,0.5286079039430329
0,0.4038492883560999,0.48502037957070665,0.659013130560222,0.5031903152409842,0.0,0.11141708677844628,1,0.5979239832069377,0,0.5979239832069377,0.0,0.9138532267979704,0.3876205157348972,0.925590034541122
1,0.9464768381556414,0.9208466124547016,0.6846621483716628,0.0,0.0,0.04570035185881879,1,3.0594461545385716,3,3.0594461545385716,0.0,45.700351858818784,0.9999339447880295,0.0
0,0.2201387830794186,0.5724838365890305,0.6920358122068501,0.7749789599010695,0.8402882561403439,0.2350090969334585,0,1.3804288755649887,3,0.879605173324114,0.5008237022408747,1.1720472259490913,0.40263368594107796,0.5044822935376903
1,0.2707250651720078,0.5439073756231894,0.8542812922594314,0.0,0.0,0.019073478775736927,0,1.9154431344037088,3,1.9154431344037088,0.0,0.875297820862794,0.9999974213689423,0.0
0,0.47644903670014727,0.7150833366323119,0.48962515854280797,0.344706407049148,0.0,0.010725467606182836,1,0.2907915920986152,3,0.08202640863660779,0.20876518346200743,0.07310887269677106,0.2292685902363809,0.03845771895500224
1,0.9933583442009399,0.17876386701222613,0.8060802676667468,0.0,0.0,0.2833698674140476,0,2.083838215898992,2,2.083838215898992,0.0,283.3698674140476,0.9999980880452438,0.0
0,0.9146286508019257,0.5438713977281001,0.43053850512413994,0.7616210900904624,0.0,0.2876835759611669,1,1.1503460453756873,1,0.24813986145095257,0.9022061839247347,2.981154390960513,0.08144321618855344,9.524794193550722
1,0.4266685257643996,0.5475975921436446,0.6488775043618744,0.32929981534010655,0.0,0.16462226967795382,0,0.6865952778092983,2,0.31297956865709564,0.37361570915220266,15.477712802655217,0.9995964775564984,7.599234478198504
0,0.2561157751198938,0.7013814606431529,0.5922164554516486,0.4004987187505069,0.3308547906187821,0.25299379848169823,1,0.9803257989756806,1,0.7286785374701921,0.25164726150548855,1.1003617335649134,0.30566855693355166,0.4305127744861577
1,0.4319087012122993,0.9680383838449412,0.654551212260985,0.9596642827237828,0.0,0.038437650230691026,1,1.4364342362649702,0,1.4364342362649702,0.0,1.605153915990002,0.9997727328636946,38.18969849726892
0,0.894556497633898,0.5591972962153268,0.8621957055098095,0.27525497457055925,0.0,0.1621363730152948,0,2.838875361642806,0,2.838875361642806,0.0,9.907298022302193,0.09872897422575921,3.7627482349062897
1,0.43873517287437,0.2678942874233309,0.9684139546418353,0.9555412650446051,0.5251517639412221,0.061252200861060764,0,0.10830921203713141,1,0.05910432454922412,0.049204887487907294,0.9388313111157127,0.9999999868731274,0.7843947805718781
0,0.744814975160167,0.9044024388705757,0.39325563784430206,0.0,0.0,0.20008413450043233,0,0.80413226720619,2,0.80413226720619,0.0,1.1867124530385396,0.12928722025948325,0.0
1,0.9992444154051866,0.3936308727091008,0.45742639883056213,0.0,0.5247429993811286,0.24187459655516566,0,2.861044448454958,0,2.861044448454958,0.0,213.3713232772507,0.9949484980325384,0.0
0,0.047651979844739456,0.06213744770074692,0.16127329785176503,0.047552584098479955,0.6409184640105632,0.24849780478247377,1,0.11034587503269021,2,0.10661666361293859,0.0037292114197516185,0.6856643046209795,0.934955654992645,0.011911613660468478
1,0.4474877526965546,0.02968915413401918,0.7481844135905882,0.7479072964099056,0.2009423702409645,0.07563194874068761,0,0.3801901611590126,0,0.3801901611590126,0.0,0.9553627725869994,0.999997785378821,1.4423335604132068
0,0.8631580793588564,0.6005810756145071,0.2889604556766098,0.28421762720110455,0.27535843837246166,0.011429682772345181,0,1.8242913129318694,1,1.5573699141429294,0.26692139878894006,0.3555753596441713,0.11526220422752975,0.09850892749935719
1,0.36571741985955,0.05109886519640405,0.9350668996190034,0.5316651701848979,0.0,0.015034430380540632,1,2.6604624247517323,2,0.5009541167257667,2.1595083080259654,0.9162611477024015,0.999999998344679,1.0401620977438961
0,0.7464865074837965,0.6845091798377936,0.18772965896742133,0.0,0.9886039194650406,0.24328347367025194,1,2.01773550249108,3,2.01773550249108,0.0,4.738290088593654,0.14699136249278677,0.0
1,0.23433799927503185,0.5040626088282733,0.9571941236931644,0.0,0.0,0.061183327713444556,1,1.613978592267174,3,1.613978592267174,0.0,17.319296952713003,0.999999993815404,0.0
0,0.3418086279253111,0.7472096517387685,0.873950325771906,0.0,0.20984983932133738,0.11349453906149752,1,1.9518779653854674,1,1.9518779653854674,0.0,0.7548848028103274,0.2548584728043096,0.0
1,0.09802355605909241,0.7268788087492558,0.25187190157011186,0.0,0.0,0.15761737687734484,1,1.214417874208936,3,1.214417874208936,0.0,3.514317855246263,0.8116575199315221,0.0
0,0.8239939817389059,0.3110040919037045,0.3803887542511901,0.0,0.33812151174372596,0.022577403552794178,0,0.7943492984640812,2,0.7943492984640812,0.0,1.7791366534025117,0.2805353146167844,0.0
1,0.7163741867261828,0.36909863547223587,0.2512257572636708,0.14833110685289774,0.0,0.1145853339139606,1,2.434102947218326,0,2.434102947218326,0.0,42.61656239761815,0.9349505884104372,7.422323301424655
0,0.14686858467244446,0.7324952861928152,0.7995608496917554,0.0,0.0,0.12806288577894107,1,0.8843755973103573,3,0.8843755973103573,0.0,0.40567058809210077,0.3236863777544915,0.0
1,0.36013669429184403,0.4670866778882672,0.44366798712604694,0.09182049732028474,0.0,0.0698727245802836,1,2.273974959025645,0,2.273974959025645,0.0,15.650322329268686,0.9915077566241566,1.5823087564254323
0,0.3568462170280253,0.6899362038491501,0.9284521101038655,0.0,0.0,0.15187685094092906,1,1.472663855389759,1,1.472663855389759,0.0,1.2550499272824962,0.279955049874443,0.0
1,0.07342902237734084,0.7112822514499105,0.40028030210527377,0.0,0.0,0.22938578838953216,1,1.5918446912350046,2,1.5918446912350046,0.0,7.394191865357023,0.9692076858499304,0.0
0,0.049012536147258645,0.48334974654112184,0.4932842615763905,0.0,0.0,0.06948834775174952,0,3.10923667696685,1,3.10923667696685,0.0,0.10904017632853712,0.5040927211198489,0.0
1,0.9562339532988058,0.023884061112244392,0.198733032509108,0.6660018556423407,0.0,0.2764425495621371,0,2.1339328960150863,1,0.5249050690808723,1.609027826934214,27.916919858975145,0.9947511684871123,55.66713691075508
0,0.549820613313515,0.3875647987417251,0.19765517886768103,0.37720020626033257,0.07097393468689339,0.10798499953266565,0,2.7500841120589072,0,2.7500841120589072,0.0,6.10860023657006,0.41567611169816177,3.3255496566254372
1,0.7401841709254825,0.46790708742626186,0.8012898662277528,0.43710931315030954,0.0,0.25703893717678467,0,2.4738449023713076,2,0.9192726484439461,1.5545722539273616,161.1280578564675,0.9999931110162885,125.12300584161386
0,0.8503214071059251,0.688855501438326,0.6358622183696434,0.0,0.0,0.2700461495419325,1,1.5739194667782974,2,1.5739194667782974,0.0,6.1176937233501345,0.1047977620711883,0.0
1,0.08833628498030444,0.9313254121101104,0.9976057557490063,0.9009106548475619,0.0,0.0932394634643346,0,0.6130344481390635,0,0.6130344481390635,0.0,0.007395181462380973,0.999999997770986,0.06723626807444158
0,0.2737359087230329,0.3949788781114022,0.8363811004686986,0.8776558206337334,0.0,0.2137234932881332,1,2.0351378344524416,1,0.1321628675191473,1.9029749669332943,0.311695281850002,0.5266221772778685,2.235996675908507
1,0.9012724895532931,0.19781211619179473,0.23330462206776148,0.9384542628394399,0.4516724872384106,0.12516194611986103,0,1.276936839973285,1,0.3906975365420696,0.8862393034312154,7.2067536925865525,0.9629535435386605,25.850211254067535
0,0.6705937099324886,0.14324811544562988,0.9516944373499693,0.0,0.06891349890503506,0.15273802036136175,1,0.9783716697938183,3,0.9783716697938183,0.0,12.375036354760741,0.6633160227001296,0.0
1,0.630016337127379,0.3421361458872345,0.941543775666393,0.0,0.0,0.02762014584566183,0,3.033659829870248,1,3.033659829870248,0.0,9.846950055521466,0.9999999457693807,0.0
0,0.8051094118484303,0.47481982699795433,0.35747884714354483,0.7847088877945029,0.6631694601025482,0.16508662511286062,0,0.06529013097192533,1,0.04803223339482805,0.01725789757709728,5.340235333538673,0.17733463191230092,1.920920681123586
1,0.6511475933571923,0.1579632352390834,0.314250405811745,0.8355631564941981,0.5033677039736577,0.28100087723370826,1,0.01833400029630869,1,0.010725802521477038,0.007608197774831651,39.25139661799909,0.9854181229547975,27.844805057320624
0,0.5745164306207667,0.5238384710492814,0.04944646662170771,0.10218093618525237,0.0,0.2705528136503707,0,1.3868715667476585,3,1.0724631803498106,0.31440838639784796,5.819006667096678,0.2922556454354035,0.6622621114613015
1,0.7306701103458442,0.30945085718643384,0.32190132020788187,0.6111218715535685,0.0,0.21611042551988724,0,2.01648938620096,3,0.100002428635041,1.9164869575659191,13.692880337761729,0.9692855878149733,21.518357672626763
0,0.8155262325089345,0.34425334620626324,0.03932906792369739,0.6887517312027512,0.0,0.22737512246027494,0,0.6153464590712866,0,0.6153464590712866,0.0,5.085124304198328,0.2600225510641174,11.25271533696236
1,0.4540321709690439,0.6601429950048404,0.1789952327562867,0.0,0.0,0.2954266863655485,0,1.454441797379795,3,1.454441797379795,0.0,18.881512442013594,0.7040198523400519,0.0
0,0.25057064988675626,0.6029773278499264,0.6229711350083836,0.0,0.0,0.11546099456834914,0,2.943098349381522,0,2.943098349381522,0.0,0.824685761230143,0.3748932509935813,0.0
1,0.7962563906724993,0.6719623336574883,0.571961178468818,0.8647773154962939,0.0,0.12427273937743002,1,0.35210992672495695,2,0.0063527725307659655,0.34575715419419095,16.80453308223718,0.9992503106685257,107.46849953734977
0,0.8601328670744137,0.4981786182539656,0.3613664150731185,0.0,0.0,0.04328532171574062,1,0.9698418913010571,1,0.9698418913010571,0.0,1.9753818538523984,0.127563058307973,0.0
1,0.030534394564697864,0.739246762954789,0.1610702791832357,0.49720781461999897,0.7214157955906342,0.0688048280011583,1,0.6105447969783949,1,0.5285516766925286,0.08199312028586636,0.2459431394337761,0.5948846090827813,0.04098218312011913
0,0.9399910918001027,0.38254675193399656,0.9580573281740207,0.021421871033407536,0.0,0.16939520364113617,0,0.23229798074861963,3,0.2178019617581927,0.014496018990426934,13.764358261104542,0.08830491919581329,0.301312995660733
1,0.2541041216348203,0.28265217453525715,0.45929775101992887,0.24185809586468066,0.0,0.2476368127158137,1,2.2979064701381375,2,1.6815520719782224,0.6163543981599151,20.157837289070372,0.9957259391305663,6.430638007069488
0,0.7607547431440512,0.31553806879978297,0.6782409469574291,0.43964812547531096,0.0,0.17077546758805823,0,1.8295546177392918,0,1.8295546177392918,0.0,10.10298581503902,0.3416584349424977,7.926731357958291
1,0.5138850009194048,0.34924259776871425,0.6988727588364231,0.6130006065817957,0.0,0.030965381672385058,1,1.6115178339091871,2,0.2206103374738108,1.3909074964353763,11.83850752259195,0.9999750473011559,18.75199913951764
0,0.032339900658944876,0.6961338536363519,0.4333301312852088,0.6648941802794244,0.06260254569617485,0.192494892089929,1,2.6240015807923607,0,2.6240015807923607,0.0,0.13642988766918243,0.38383576993493485,0.27069490587496736
1,0.8784374986497273,0.05127429681649576,0.008624963223497817,0.0,0.0,0.011468945118578273,1,1.6869014657163084,3,1.6869014657163084,0.0,4.815462240105149,0.9530164266094046,0.0
0,0.8456510281283173,0.7608241389901689,0.738201940860069,0.8495314196328971,0.1792362457987572,0.21016776190016312,1,0.5993577801262794,0,0.5993577801262794,0.0,1.040590986727146,0.10008220325357597,2.561160660855435
1,0.5172100964317723,0.8143086743591731,0.48723937759900515,0.71024231917443,0.0,0.18850921054772707,0,0.881505092295693,3,0.020499167629036204,0.8610059246666567,15.323308857378366,0.9891963332919239,37.55987551143491
0,0.6948618949070062,0.1659097401210362,0.1074510460814242,0.0,0.0,0.26187434109720104,1,2.3703824318962026,1,2.3703824318962026,0.0,21.660567630439648,0.6053737482762684,0.0
1,0.9683937241038395,0.6853333560579482,0.211562183744332,0.0,0.0,0.0779166594831602,1,2.5647447400387904,1,2.5647447400387904,0.0,77.9166594831602,0.8802492359284434,0.0
0,0.48935276615709855,0.2997976011827621,0.4201174545074413,0.0,0.19385505064679964,0.20349937896111864,0,1.376873064354183,2,1.376873064354183,0.0,6.364446758217557,0.5439328088140838,0.0
1,0.7097589193234489,0.9999009273152558,0.5338586015321447,0.0,0.0,0.17252053492069902,0,3.0372919268753,1,3.0372919268753,0.0,172.520534920699,0.9948184550621035,0.0
0,0.1333850013862209,0.24862433811499607,0.09030101067453233,0.692172011137725,0.0,0.15937247879974736,0,3.082726403758792,3,0.004455031651221622,3.07827137210757,0.32787059564870275,0.7236825022903965,0.7372391653594004
1,0.41518186888798503,0.2676486704532267,0.013857883760816314,0.8311517673472173,0.0,0.020856760307134077,0,2.4894514358030575,0,2.4894514358030575,0.0,0.21017030446751364,0.7402344929971685,1.0345587706641468
0,0.6545530968170288,0.1306202890820336,0.880552087026503,0.4950403736366146,0.10594810744509897,0.13614005126021586,1,2.1446878398160623,2,0.6111182608849988,1.5335695789310635,5.711132496698431,0.6968978772830003,5.598944979849197
1,0.09048675617108448,0.881326290925825,0.9499112329599203,0.0,0.6916285725883757,0.18314827680183488,0,2.0080351470050735,2,2.0080351470050735,0.0,1.9662862776340915,0.9999998411261435,0.0
0,0.8124970234647504,0.4475428184910165,0.8382727425074625,0.6457082260516355,0.0,0.02838356306920852,1,1.2947465678996157,0,1.2947465678996157,0.0,0.6016281336048825,0.18795444137744843,1.0964867475285571
1,0.9217481230983319,0.7725679995701006,0.3616286844079003,0.0,0.7985452195264131,0.2458270008538904,1,0.15617209706420615,3,0.15617209706420615,0.0,245.82700085389038,0.9717453045632277,0.0
0,0.02532334743368636,0.3444302490299799,0.8955629049303184,0.7850232959394788,0.8684856589019563,0.037039156433847704,0,2.124110916339208,3,1.674519881658319,0.4495910346808889,0.010181148873587982,0.6497552608008017,0.037178163467165654
1,0.23897957699452144,0.6782239706253997,0.2727944415617428,0.0,0.0,0.2765325332085462,1,0.8160547248191614,0,0.8160547248191614,0.0,19.64906415693054,0.866194551319749,0.0
0,0.45186063896163187,0.6184886145173505,0.2627941485143278,0.9522019144746641,0.8680464870772857,0.07125358673151666,0,1.6316391475743524,3,0.04706224146673477,1.5845769061076176,0.04506606188026468,0.2951515422594875,0.8977763424745474
1,0.6133909455171691,0.40061707488352205,0.4423854033998993,0.5530684253571784,0.162559228249754,0.21367254900771598,0,2.852354147852961,1,0.7963944969901284,2.0559596508628326,15.6847820289946,0.9903628450719602,19.40958793475108
0,0.4824900353900109,0.17317455100898294,0.5359059101736591,0.0,0.0,0.21937527277835608,1,3.066107029498819,2,3.066107029498819,0.0,8.736142257280791,0.7118871293865308,0.0
1,0.6902397619219777,0.7587671111479041,0.18508073921057977,0.0,0.0,0.18299476192550704,1,2.4779580532719923,1,2.4779580532719923,0.0,60.07080425386816,0.7461918363369292,0.0
0,0.5142930765186435,0.9121305865711558,0.20370694968286018,0.5817163208125361,0.6416775016237989,0.16458721886062266,0,0.3024098112310003,2,0.1893053020166385,0.1131045092143618,0.5227651721100431,0.17188077560722903,0.1413323281418028
1,0.24509790406126053,0.8907628811042165,0.6837973487925383,0.24473017328155022,0.3849902071319694,0.21344983122985117,1,2.682618416865842,0,2.682618416865842,0.0,252.80450961318817,0.9998814072868372,44.935568794865574
0,0.7933682516494378,0.9973519678534469,0.07349126387093663,0.0,0.7517929045482322,0.19087545863424557,1,1.261700703044052,2,1.261700703044052,0.0,0.031018592492995142,0.09625030087079334,0.0
1,0.25814363976948373,0.9230046481183402,0.15947788107445637,0.0,0.0,0.1996307246466594,0,1.6764878086048005,0,1.6764878086048005,0.0,6.1092563051945845,0.4902073481630359,0.0
0,0.7408915128115963,0.7074269304586396,0.1267290164162711,0.0,0.12864730147873638,0.18936546457497105,1,0.8393494404770265,1,0.8393494404770265,0.0,3.35049690563086,0.14358513921284133,0.0
1,0.3474188249213068,0.3372235854878476,0.3769176459360559,0.026864024375810147,0.06158015389378613,0.13035207698792617,0,0.7070088690539226,1,0.6905353638811579,0.01647350517276469,4.197443430336114,0.9758311851083846,0.10855691189020421
0,0.7057455549534392,0.5161983973654541,0.15301399228884072,0.0,0.0,0.15789764870488263,0,2.4212186397207667,3,2.4212186397207667,0.0,4.938084300096464,0.2269134150492178,0.0
1,0.44394188082797936,0.29782406349432056,0.043117377091821396,0.37060097644295453,0.7176325341879907,0.2567439452172534,0,0.27930127151235906,1,0.250311731468785,0.02898954004357407,10.694583352239485,0.7343648929345579,1.2553278603929767
0,0.014700886229143895,0.6404382447005393,0.006651683696908717,0.3926729099790033,0.14458298621879573,0.09090084400054307,0,1.6919047748942646,2,0.7828538336679676,0.909050941226297,0.028252583769015568,0.4367314220537266,0.016724178199425045
1,0.778281125995395,0.03777004857055244,0.5631810175406172,0.0,0.9772896566979123,0.09669806704613242,1,2.1904368092326743,3,2.1904368092326743,0.0,69.23952299033833,0.9999485144092375,0.0
0,0.6806580941117618,0.2469783767753727,0.01600519368566522,0.02179637686002489,0.9522843123489692,0.21246019380528572,1,1.4256919622561892,3,1.422602234898048,0.00308972735814117,13.401963984700155,0.49332544881618845,0.013955309268865661
1,0.0544490434193573,0.9239438454188619,0.7305949211128097,0.08425337708544822,0.05391956124825381,0.04920840891197523,1,2.285981247657635,1,2.2167518131934787,0.06922943446415619,10.513000142001916,0.9999573852831183,0.9111474146880583
0,0.7995129330359629,0.29684246070501463,0.010655567441678837,0.13591624946169922,0.0,0.023373303772696637,1,0.8841171880380837,1,0.7739504813394515,0.11016670669863216,1.61083320198226,0.32199336407110035,0.2533763737431885
1,0.6717339620492518,0.21949233687217418,0.6169118071947816,0.33388753707259944,0.642619431939312,0.06836149026727059,0,1.0107862257048457,3,0.7047330415194735,0.3060531841853722,12.513310847729738,0.9997476336337556,1.9697001388733024
0,0.6099960636045217,0.9095624187829474,0.40716336350807125,0.0,0.915886810852936,0.1353911526529014,1,1.7169803161232835,2,1.7169803161232835,0.0,0.5951348433514886,0.13066276566321244,0.0
1,0.5288244002461673,0.8580428693437077,0.19595534352939836,0.28325356249925915,0.6076154582323123,0.2593117407417856,0,2.2267772075494614,1,2.1187468455234564,0.10803036202600502,29.793806931723616,0.6740972340307871,3.8930281816078263
0,0.15088066969000746,0.7672459126298792,0.8649719965556464,0.5580352435689705,0.0,0.23127931632350834,0,0.6943725382653076,1,0.30521163182798955,0.3891609064373181,0.33969301767695126,0.3278211831184439,0.4289045067502297
1,0.8828574821863882,0.7882858464508872,0.21089156390845765,0.0,0.5854080952861193,0.25191076854144545,0,2.204021882621989,2,2.204021882621989,0.0,111.05096086636632,0.8170703562925661,0.0
0,0.39178106792040557,0.4853697292990008,0.05373051838485643,0.9317347334120305,0.22949599601479487,0.28507351864395764,0,2.9458804552356916,2,0.0010478319742656273,2.944832623261426,0.29548134190012776,0.3920549280201229,4.032947398934834
1,0.76688294114371,0.1207364765339185,0.7027314161026428,0.0,0.0,0.006874237051765635,1,0.9121710572441074,3,0.9121710572441074,0.0,6.874237051765634,0.9999936912688193,0.0
0,0.7019987334728915,0.1043962598187167,0.11479364910377998,0.194808982303609,0.0,0.13497939723709546,1,0.035252697931270796,0,0.035252697931270796,0.0,11.043382344819099,0.7188262098575888,2.6718505652717672
1,0.654213981801305,0.5681951958715444,0.9129899761158865,0.8880528377027375,0.5981496277239671,0.10012388141905992,0,0.46147864365484476,2,0.18360700721498155,0.27787163643986323,61.42876441420257,0.9999997256607396,39.09749978412556
0,0.41249719121514505,0.7168389340516214,0.21893068056527487,0.1354295124825584,0.0,0.14038124179534317,0,1.6047008364841833,1,1.448592051336365,0.15610878514781823,1.2579364556172634,0.26304086015817074,0.1970478097251112
1,0.47558223653453835,0.33971592815928764,0.671713909923274,0.5085970636512169,0.0,0.27763596178097444,1,1.7459162343046122,2,0.41842172055872284,1.3274945137458893,97.75138893109501,0.9999497132361383,101.17169780787799
0,0.4861343867422073,0.041870546687825194,0.6683088730166867,0.5754848835443267,0.0,0.1084655572103344,0,0.5828321226476865,2,0.10440757650477284,0.47842454614291363,2.411986768320736,0.9216230744766974,3.2697585331391923
1,0.129180213726813,0.3655094982259838,0.15733619006754995,0.4005173506440003,0.0,0.008141380602961793,1,1.404209651134469,1,0.8688455058368809,0.5353641452975881,0.07774215022972371,0.7997580137882255,0.05193991865623821
0,0.939332957155071,0.3972236375017698,0.44429583394097016,0.6544540839298992,0.9390936962246328,0.27462036200807893,1,2.1407082168965252,3,2.0251063859532152,0.11560183094331,21.968856548776145,0.0842999280299872,1.1049056800170112
1,0.919511388587966,0.3225520694141796,0.4271805303337697,0.5993869485371248,0.0,0.20488648612345592,0,1.83310065220001,1,0.6629480178165386,1.1701526343834714,41.25807123013182,0.9930007763531222,61.72926550159522
0,0.06196278695314816,0.7271137119605867,0.5135348983771857,0.37515313419917207,0.0,0.0880763855413235,1,2.7536345296266123,1,2.28099759086225,0.4726369387643623,0.1737134025705014,0.3562620613467238,0.10429615797656733
1,0.34335530632283207,0.28519708142149547,0.4159197079002751,0.0,0.0,0.12950143032686653,1,0.32241633301410944,0,0.32241633301410944,0.0,15.227506377105867,0.9918115256682187,0.0
0,0.9656773813128319,0.21694183472685347,0.8309134220154883,0.37920493086473295,0.6981662110113979,0.18283880193801108,1,0.026383771256732625,0,0.026383771256732625,0.0,30.130309940011397,0.11023205072763098,3.894402896972657
1,0.26387996509895884,0.8667815016367408,0.5092855106943458,0.4504766913174084,0.054897233190421946,0.09896943635791884,1,1.8836715033829647,3,0.3505511064303474,1.5331203969526173,24.720004753360353,0.9946746673108308,20.26444697558132
0,0.7305334450621147,0.14720575732030294,0.37928515441416966,0.8334924025897329,0.0,0.1340293606367274,0,1.29895516879956,2,0.029988106745342386,1.2689670620542175,2.212836250492372,0.6095392728406595,11.076865149979131
1,0.181476236084111,0.14750389185650803,0.05031396075050654,0.0,0.24962748092532416,0.1781323346475379,1,0.3982917443175691,3,0.3982917443175691,0.0,2.6233211451448053,0.8675366493578581,0.0
0,0.012029213689660256,0.637066803325722,0.5647037686751623,0.3388035420969544,0.8537169501438557,0.20420619002015036,1,2.012727802246361,2,1.9135815193244246,0.09914628292193628,0.07194286014556883,0.42383735776153386,0.004020633729125556
1,0.906765676644023,0.9357426360786617,0.05673895474106261,0.2533077722281949,0.4461526830510729,0.13874279135561918,1,1.3072554873323814,1,1.1557385957434818,0.15151689158889958,75.39943245826362,0.43709447681127034,12.808533369769409
0,0.6078418512405622,0.3730400775171899,0.11928433181816689,0.10225479186344422,0.0,0.13369069783867343,0,0.2896310081456131,3,0.2101450627105787,0.0794859454350344,4.4431297342820235,0.3972603896001008,0.506080458111652
1,0.7748858550745502,0.7517300093443975,0.6638022299717072,0.3507864147191233,0.032004241338257744,0.026088716974197897,0,1.644968163080214,1,1.1526742926167834,0.49229387046343054,20.016159546486673,0.9997002530334258,10.47442407488756
0,0.12190185667663744,0.3619497117103555,0.016771699731534695,0.17326457274545093,0.0,0.11732367214308263,0,2.9458789230888467,1,2.894621660859605,0.05125726222924154,0.7435868150187634,0.6075236697543949,0.15583855191886936
1,0.46751212655046626,0.036152267979674635,0.3262493970158582,0.8564839947604513,0.0,0.2914614570351031,0,1.255307314059384,0,1.255307314059384,0.0,1.6136122019065784,0.9956917109798538,9.6298180985204
0,0.26275331094971055,0.7265631603746354,0.46643758453565365,0.5825401408386159,0.0,0.09844320745413543,1,1.5539049021564917,2,0.25554889684824095,1.2983560053082508,0.22763956497417984,0.2897423195512303,0.317657329993098
1,0.09291007459996081,0.4733043728444899,0.28124352445071843,0.33451877918695816,0.8795850100379669,0.24955983328327233,1,0.9862970187177483,0,0.9862970187177483,0.0,4.157085241395553,0.9086629218384027,0.17526356522124223
0,0.8541416458587446,0.5190627468775117,0.48759204368367237,0.0,0.0,0.17487896942786044,0,2.4441858971905557,2,2.4441858971905557,0.0,7.351410118467514,0.13055528424729224,0.0
1,0.6939286468542591,0.883249536358655,0.6081277580933377,0.5451279079505559,0.0,0.23544054076394794,0,1.9349173786132141,3,0.1719518947526726,1.7629654838605415,107.4891189452866,0.998815216760747,128.81713246923775
0,0.030909748277688998,0.5287165496105869,0.23014734092711875,0.3421390550491159,0.611359201272195,0.089430020811002,1,0.37489873241302774,1,0.3256997477043649,0.04919898470866285,0.07197843885173179,0.4823523534364387,0.011124077038118406
1,0.8697292641742922,0.27958199064198674,0.27689364365329994,0.0,0.0,0.08183471618368712,1,2.554267409568469,3,2.554267409568469,0.0,46.67197906026688,0.96901064823618,0.0
0,0.08150059110797792,0.26885326213452054,0.8440337621854552,0.9143986407686876,0.0,0.16574107232974322,1,2.5270619680675264,0,2.5270619680675264,0.0,0.06376623319873098,0.7141109248351311,0.6811545691266335
1,0.7834327154162972,0.14058406942979274,0.7284686040897483,0.0,0.0,0.2989168384484928,1,2.318487802712154,2,2.318487802712154,0.0,298.9168384484928,0.999996366719207,0.0
0,0.33390831441429003,0.36531834728025103,0.08829851546329237,0.5848342743862106,0.5704534334319487,0.09983834376260706,1,0.7556678896859658,2,0.4176817930509827,0.3379860966349831,1.1720047622340792,0.5364418739563315,0.46788350594299444
1,0.7167666556824918,0.6226763063015628,0.3426954047229095,0.6228603447546556,0.0,0.1272533433440187,0,3.0257369168678574,3,0.02470445480965148,3.001032462058206,12.866115026685042,0.9503994378723009,21.248873539858355
0,0.6091539363142475,0.5051414507718325,0.9702187528082807,0.7972445492131016,0.9183222981929202,0.06777948626078226,1,1.3987628501632632,3,1.1697081035734087,0.22905474658985447,1.6738998089631592,0.2829039431932904,0.19662665978352678
1,0.24520504557999723,0.6174556028608768,0.2508438401640082,0.0,0.7648555992443598,0.12527068778059378,0,0.6284902381375573,3,0.6284902381375573,0.0,3.1469557289422827,0.823732319297103,0.0
0,0.8851488351014039,0.4983359360777787,0.24366230435231528,0.9430067019263064,0.4031438714342216,0.15808085661189086,0,2.147632809052238,2,0.0029817419410123336,2.1446510671112256,0.4326781303567825,0.10876759200831732,7.159058880498779
1,0.6164802027766487,0.11909790694394107,0.8065380909936819,0.9178228855390667,0.20582549653794413,0.08147010530185837,0,1.1385151008371224,1,0.19492855257826847,0.9435865482588539,2.1023641918743503,0.9999983262017795,10.498974198895194
0,0.7181014525120153,0.12624584967160457,0.9007141225222685,0.0,0.25678322860341884,0.19263414127522108,1,2.407137877043852,2,2.407137877043852,0.0,19.46561598903053,0.6611357974195942,0.0
1,0.27133299811465583,0.8695535503413853,0.1614744005056371,0.0,0.5764462176128748,0.23133664519300068,0,1.9898880346226413,3,1.9898880346226413,0.0,7.328673265252436,0.5275858094793446,0.0
0,0.8205727255907687,0.20358053103621299,0.8172863451436474,0.450713515802148,0.7491859008589282,0.27728739538885827,1,1.4293879004644519,3,1.0323850563540606,0.3970028441103912,28.222371875416634,0.41243192542189333,5.470089646115891
1,0.11478060412327651,0.03550668853730843,0.36843326024246126,0.0,0.5084393402253368,0.024256010484560372,1,1.1841159680023798,2,1.1841159680023798,0.0,0.3314066154788513,0.9976425805012568,0.0
0,0.40712516871977955,0.6467923723999975,0.34767845061244584,0.0,0.0,0.11682459939117265,0,1.1901281082012194,3,1.1901281082012194,0.0,1.2815285181545093,0.2972071398547489,0.0
1,0.007843401722144705,0.21123501766836517,0.7912767263374074,0.4030358114245197,0.7086221078534651,0.22554255926110056,0,2.1428304911930285,0,2.1428304911930285,0.0,0.022023370548828764,0.9999921111786649,0.002991276122063429
0,0.5896856110438028,0.12969243379867557,0.29599200397157643,0.4614736556199649,0.19916574484972882,0.009672762774236433,0,2.03646164151074,0,2.03646164151074,0.0,0.669868980694311,0.7335773932988593,0.42773774521619345
1,0.10550804693430005,0.25510499645909235,0.19971893792354412,0.8525877230883336,0.013978899572726022,0.24991375177350822,1,2.1191115621534524,0,2.1191115621534524,0.0,0.5517325096603071,0.8960743551559192,3.191052835083543
0,0.7399231606389745,0.5023406922353458,0.7694884862207467,0.47179389643678094,0.0,0.02681560922478823,1,2.98344578996173,2,1.1544189358488794,1.8290268541128505,0.5919796247826645,0.21005099832414031,0.5287564303087788
1,0.6424222236547547,0.09547234124511816,0.6082450855513286,0.0,0.0,0.1436682955110785,0,1.8037032391498402,2,1.8037032391498402,0.0,17.026008282133173,0.9998663513728641,0.0
0,0.11865187425423152,0.612251687710685,0.1087594184198144,0.5582246375743408,0.0,0.055958054499847656,0,1.718531499865771,3,0.1404925954487218,1.5780389044170493,0.08227048022267967,0.4141030459836953,0.10395647406231383
1,0.8519757057558962,0.7279943946156539,0.5748223480193431,0.5356064654926181,0.35289721831482035,0.07039491092370073,0,2.391828845321516,1,1.710279605795546,0.6815492395259701,49.6588632877603,0.9984068879769772,57.27385561935647
0,0.6932655586346997,0.017914061418562777,0.8301983121630501,0.5795745859895816,0.0,0.182872699126504,1,1.4311152297593486,3,0.10154778460026567,1.3295674451590829,9.853357457547665,0.943870102057815,13.583278695240883
1,0.21957469333071566,0.6746198260182081,0.21881529378860043,0.0,0.0,0.20113623647397247,1,2.768438972953668,0,2.768438972953668,0.0,9.675063372487532,0.7747052426442314,0.0
0,0.08526592676685629,0.7531517162710635,0.5618434831676268,0.0,0.6250077683298771,0.23258088953485714,0,0.1976618944689885,0,0.1976618944689885,0.0,0.4941728385584965,0.35909028333940385,0.0
1,0.8932432165423227,0.6901226499475598,0.28368300793144596,0.5952521453758832,0.0,0.2250040819682751,1,2.8521839823243478,3,0.08278505556600443,2.769398926758343,91.14515520623524,0.9314599189219621,134.04480976808284
0,0.20180632213126837,0.5560109306188586,0.24140275759480023,0.6462886742806221,0.0,0.2342855717153074,0,1.4161909514277242,2,0.16251472109456855,1.2536762303331557,0.5114407794453169,0.4183562708192061,0.9344862866590804
1,0.8129750187212164,0.27665050385747025,0.6118457737286674,0.0,0.0,0.2712272150915026,0,2.895625920506768,3,2.895625920506768,0.0,140.6605679760535,0.9996896077668341,0.0
0,0.2179591397448304,0.21086699774789697,0.39630392850343177,0.32879861836690083,0.0,0.027971553152824482,1,0.6732097242566263,3,0.20654837970334788,0.4666613445532784,0.23510496534272468,0.7453300972333683,0.11516988774338058
1,0.9807603155963813,0.45653810152665275,0.6271814105260345,0.5023409571519292,0.402609741273516,0.13195799624601837,0,2.208818015689789,1,1.7135434053912566,0.49527461029853237,114.05243804781509,0.9996754625407098,84.54977870256495
0,0.14276891139019376,0.5060286583246838,0.9768879373087612,0.0,0.0,0.1681739375228513,1,1.1617525050311328,0,1.1617525050311328,0.0,0.772820105500533,0.46402200096313506,0.0
1,0.4313072024154674,0.12144165948157604,0.48896700287773465,0.9146192906484699,0.0,0.1391729471751886,0,2.389097058933841,3,0.0004980461440171119,2.388599012789824,0.41399470357962437,0.9983172410133907,4.434813730127835
0,0.9286427888021304,0.5888766444808856,0.46648982659012306,0.23484721645476847,0.19813887800891716,0.107120712180149,0,1.6904940392059598,0,1.6904940392059598,0.0,4.053183828123909,0.07640336884373067,0.9482084647748412
1,0.19511219682108494,0.12634289735152515,0.9464862004432318,0.23894837660494017,0.8210296419474916,0.11310169368937645,1,2.52677081658174,1,2.4999842159736154,0.026786600608124544,4.574088797510254,0.9999999971890009,0.20581436298459674
0,0.6250396360355249,0.1707068681615348,0.12464606019681101,0.6528776121012295,0.793474675661579,0.16737428444651634,1,1.4882222064169703,3,0.9268548760531559,0.5613673303638145,8.25550269376627,0.6455855791034604,3.5999446276714955
1,0.3421116854828987,0.8702412916265272,0.5706567253739783,0.020774021184143066,0.38260488380347657,0.03758128667479418,0,1.2064990560181563,1,1.194415248780196,0.01208380723796032,6.088984502391998,0.9967891713307505,0.07912506101148656
0,0.8914398362023922,0.2114244168559647,0.8618389157575419,0.38523922944864886,0.12980380928066115,0.08365871428518917,1,0.288145358226306,1,0.1917770201387246,0.09636833808758138,7.9218260902800965,0.2882107138106105,4.006442720392666
1,0.07159216759209375,0.4983728203716523,0.9208408948451201,0.0,0.7737835257037754,0.2658767221940822,0,2.5429468549028815,1,2.5429468549028815,0.0,0.49566294263818217,0.9999996922335954,0.0
0,0.0485400641702779,0.1740908452836255,0.8667501426534182,0.32089984485134704,0.0,0.2571199830548368,1,0.43460083659467846,2,0.20150495821025716,0.2330958783844213,0.43948729917615786,0.8186384266661622,0.20767394183394824
1,0.040687072620373965,0.7699639054443843,0.4444623982025907,0.054968011992031496,0.0,0.23099097805075106,1,1.8611485283211038,1,1.8045347197500146,0.05661380857108922,5.474284722353729,0.9828217024131507,0.3184130823977963
0,0.6188979667949448,0.7484554455105094,0.13153487176315304,0.16066019694306688,0.7736575657216515,0.29730036994862646,0,2.514809383582002,0,2.514809383582002,0.0,3.884304068300342,0.18625710189338063,0.14671568170063293
1,0.27276674915829047,0.37175193088503034,0.796961551490438,0.004100116665758491,0.9309859298052261,0.12027903529936838,1,2.5249742634600896,0,2.5249742634600896,0.0,39.995130764577354,0.9999979837175935,0.011320457096390074
0,0.1600715057661991,0.37927789753611485,0.950417870216057,0.0,0.17009931114430377,0.022279331601071435,0,2.546627231050341,0,2.546627231050341,0.0,0.14747329334100057,0.5788796139169281,0.0
1,0.4158473064703062,0.4299935740701454,0.7813953057250266,0.6506352842598058,0.4354341652013374,0.06309122145549076,1,1.818822391547563,1,1.0394718069151718,0.7793505846323912,28.20671703471407,0.9999967043496785,43.92461818043522
0,0.08236088624029425,0.09047511776042194,0.16175708609818074,0.0,0.0,0.29200395988871114,1,2.446709033010709,2,2.446709033010709,0.0,1.4187022605159116,0.9021986543044002,0.0
1,0.5742183959919145,0.44948499859102575,0.3118148021400903,0.42364619498369194,0.7241988788447822,0.2030559716343675,0,1.4500113096355924,0,1.4500113096355924,0.0,20.663727519797177,0.9423413233263649,2.8045240920023593
0,0.44819866817198395,0.9704700561923861,0.06092599371160712,0.005036411701285326,0.5575579351502052,0.26151711451401993,0,2.99069539634716,3,2.9896837695981286,0.0010116267490314357,0.3368786902968886,0.17204424345370384,0.0007523509988533632
1,0.3889435924179736,0.9274529164545059,0.5163682631654791,0.8204721486398222,0.6472984052738373,0.13219956309877146,1,0.38045694584129647,1,0.2699230555342671,0.11053389030702937,93.37842897665422,0.9954819528218598,39.83607487466973
0,0.668514403154605,0.2640879549560242,0.08696089205596236,0.07501454571359434,0.0,0.2813561258471231,0,2.645423684862991,3,2.5114525577806024,0.13397112708238845,17.47097823430596,0.4801747689014265,1.416862815891112
1,0.8840225932163485,0.03870345961255539,0.593822866470919,0.0,0.0,0.21483182201002463,0,2.05903330566704,2,2.05903330566704,0.0,75.59756358984923,0.9999423705524921,0.0
0,0.7801252894355831,0.2431704817650594,0.7458989862867853,0.9224598005494339,0.0,0.22381724187213142,0,2.285621585867607,3,0.0004030934918798001,2.2852184923757273,1.5010575457123132,0.4062903991240808,17.857385640512355
1,0.6107954966017274,0.45009130454915236,0.028005729415728653,0.0,0.0,0.06157105522968913,1,0.4715947177405893,2,0.4715947177405893,0.0,6.3340373657084585,0.5916422838241808,0.0
0,0.010752995388618958,0.7998563590770559,0.42947236204838923,0.8183583302499149,0.3718081568296848,0.24624062406087263,1,1.2242891102221882,3,0.046521267569019295,1.177767842653169,0.01989502974260191,0.34063209712207887,0.048990625676436396
1,0.07009124455409455,0.558051744627522,0.4660504605009993,0.1942520997305709,0.7096391353044346,0.2586286827719526,0,0.41168490109674133,3,0.3470263191871241,0.06465858190961721,1.2684566464274423,0.9856879342311444,0.07651556015064152
0,0.4121122047204189,0.7929169298192537,0.005703946149170136,0.4693878558555522,0.6748693194402323,0.026505410947766424,0,2.8288545935148006,2,2.6789483378467036,0.149906255668097,0.2277180792883052,0.23292707012634473,0.04428982436159499
1,0.9536734555234176,0.059585054200560816,0.2741403337203612,0.936598776736402,0.0,0.07990026704030732,0,0.8300205523550472,3,0.0001918217159883771,0.8298287306390588,1.397601470118659,0.9929083392882262,20.64616043504156
0,0.5343834904361597,0.5646760045311351,0.5870408900205351,0.0,0.6082154625663655,0.21110668835725374,1,2.45881215327587,3,2.45881215327587,0.0,3.9021642803933667,0.2845657890073783,0.0
1,0.3814653374233741,0.3949971494690455,0.1329896408470026,0.974802883398507,0.24275021581417633,0.2770352293196866,1,2.692409288776899,2,0.00028954004336228904,2.6921197487335364,0.4080583770300934,0.7668900570760679,15.786587362947714
0,0.4130161172460778,0.19631877861936153,0.9020159525520764,0.3549082770568751,0.0,0.06320062603191025,1,1.7791848137401614,3,0.53515957572454,1.2440252380156214,1.2562953848115643,0.7061389560326587,0.6911724560094639
1,0.5156156412479164,0.046676553086774875,0.9428176645925345,0.0,0.0,0.2583379693206405,0,0.6802506161295255,2,0.6802506161295255,0.0,8.454594995322228,0.9999999923428116,0.0
0,0.7155118552904216,0.46690946925178745,0.7670364765255621,0.11456666560016238,0.6546601827580654,0.11923820079835695,1,1.9241929156562583,3,1.8043802953551336,0.11981262030112472,4.451829588545875,0.245176087122849,0.18809312338901915
1,0.14741932142156788,0.11682993966023592,0.75208725279075,0.0,0.1342638583002198,0.0967982588040964,1,0.6016658032255685,2,0.6016658032255685,0.0,4.000707763835043,0.9999972985651853,0.0
0,0.8925191486246378,0.32010742366914635,0.11070211612695657,0.15372859789448667,0.0,0.13690893132507595,1,2.7221370449093345,3,2.4069708587927052,0.3151661861166293,14.510160469484067,0.18585610160265997,2.6358289062445204
1,0.587105077874613,0.5331443841604097,0.3416712652141325,0.9543133755776131,0.0,0.12103529391465057,1,1.6679653607530318,1,0.04783380689207273,1.620131553860959,2.133859073368192,0.963229449797436,44.57256978510924
0,0.8004371952912664,0.3321362474081644,0.034459709813178474,0.756662735849358,0.0,0.11613620463103819,1,0.018563203249840995,0,0.018563203249840995,0.0,1.9476645521705438,0.28636848346621047,6.056307050653137
1,0.14881377436210752,0.5756669893154448,0.970028336090817,0.0,0.7223549701499115,0.09807185201613113,0,0.8919722087237567,1,0.8919722087237567,0.0,0.4226389941923769,0.9999999659662221,0.0
0,0.8695689742917673,0.9020295925022603,0.8880714397627396,0.0,0.9450277840999091,0.24015215226897338,0,2.7981030017628004,0,2.7981030017628004,0.0,1.675436488873911,0.10796800763051495,0.0
1,0.2788672269070671,0.2563157226772129,0.11806096794712717,0.5157991040035401,0.559817276252289,0.014357738436181187,1,1.5396853860106319,2,0.9206544247438213,0.6190309612668106,0.3323193549174321,0.8297196385647423,0.17249920450429918
0,0.6525008140139991,0.2490011283853274,0.36916938756990525,0.0,0.29604953183043825,0.21034719105637964,1,0.09479289453001288,2,0.09479289453001288,0.0,12.127225287063093,0.5117362850392225,0.0
1,0.946318943713351,0.7223610350551811,0.6995123220194133,0.5412559928831383,0.39867282414646665,0.2569652676891557,0,1.877432322109501,3,0.334213077022816,1.543219245086685,119.5349632110163,0.9998865785413052,141.03511804688588
0,0.26300716016357073,0.20387605439855017,0.2864280881096548,0.0,0.262685993178846,0.04192059066628375,0,2.5990571545170673,0,2.5990571545170673,0.0,0.66613547965123,0.7421293687409158,0.0
1,0.011070738484579956,0.7997837752375974,0.37667341767322815,0.0,0.0,0.15184403594994145,0,2.121302962865806,2,2.121302962865806,0.0,0.16460968871316806,0.9297158929902001,0.0
0,0.8647148718860493,0.7127569363517652,0.49783412799866067,0.0,0.5971088348237489,0.20131650046868588,0,1.7577578875082267,3,1.7577578875082267,0.0,4.321216872430717,0.10802730054856591,0.0
1,0.9696154611354186,0.7310146273020087,0.5144952289218653,0.8140546834886401,0.0,0.06849803238586981,1,0.10067306728082415,0,0.10067306728082415,0.0,12.746661395002517,0.9978468882683038,55.803929897915516
0,0.9083147140061445,0.2980372982362739,0.7776276259648944,0.5815796443839166,0.8035665899210079,0.029098016075775113,1,1.3171663108452725,3,0.921121760039698,0.39604455080557444,2.67041728529932,0.17759435114380373,0.6013076479488432
1,0.781440936883333,0.3268675577189454,0.7265697478347716,0.21181441609732565,0.6083407144750407,0.10791087526970451,0,1.6903339664698105,1,1.5991433363049392,0.09119063016487128,89.04376217681319,0.9999687020487515,8.286581782313016
0,0.986584936091538,0.1697507708414412,0.40061091810279637,0.0,0.0,0.09562232630134548,1,0.028576836682301876,3,0.028576836682301876,0.0,25.980187281172693,0.06157295375856431,0.0
1,0.019381774344774394,0.20614186999989093,0.4376287389516318,0.06995328299271586,0.0,0.011780760747716092,1,3.101716658841779,1,3.098474537251344,0.003242121590435243,0.038925356060477465,0.9947991840210303,0.0029277630879153797
0,0.28472779431679185,0.06282158283706873,0.3301677443658062,0.0,0.0,0.06457258104333856,0,0.4975341940121588,3,0.4975341940121588,0.0,1.410110727624841,0.9143138652500308,0.0
1,0.8685222836125943,0.5650876664775326,0.5043897059485388,0.06405051086336555,0.0,0.22309323012615426,0,2.579583352033228,2,2.4999222368811305,0.0796611151520974,213.74611025529816,0.9958986985599332,14.627442736827533
0,0.6880676268865379,0.2746443151406597,0.7906537907196546,0.0,0.9865341678633902,0.015771564316354944,0,3.077478428602255,1,3.077478428602255,0.0,0.9428698054935389,0.4517051380034739,0.0
1,0.19373438827781553,0.2225805675398287,0.3955054100387644,0.7837830705009234,0.0,0.2983997015963958,1,0.022717954044424987,3,0.00022962589998307885,0.022488328144441908,2.611105014304878,0.990383380671009,9.465215837879038
0,0.9820461675466386,0.7565520976764146,0.4574880090381953,0.7378739098725294,0.4618926898874315,0.06375999445127621,0,3.0207414433467017,3,0.05070353257224172,2.97003791077446,0.34687514785985873,0.06801365960521588,0.9764389399944832
1,0.07847252423612272,0.7901930778886085,0.8709644280780713,0.0,0.5418990937217896,0.1717316768787041,1,1.1672046492924564,3,1.1672046492924564,0.0,47.03014184906181,0.9999995537627736,0.0
0,0.13800509017814555,0.19732394428286393,0.6610317614069771,0.0,0.0,0.1390636960874023,1,1.45214132687473,0,1.45214132687473,0.0,1.0394125995556287,0.7780948746166526,0.0
1,0.3837011542000971,0.17005857563420101,0.6708270680641613,0.9640632773176768,0.0,0.11476889030831416,0,2.393644461720492,1,0.02605934023430212,2.36758512148619,0.13147472210449684,0.9999187618585031,3.5270314601848414
0,0.05374800270774316,0.8505317008176607,0.44030969102726814,0.6977764260344425,0.6740807545836363,0.09958991354105809,1,1.5962060206635864,3,0.399549059061175,1.1966569616024114,0.03555632255425889,0.2989206839605836,0.06407339560044777
1,0.9851772198769755,0.3319386887147511,0.5642654435033798,0.5983730622179194,0.0,0.10102693757820738,0,1.7483195406976768,1,0.6431714284073027,1.1051481122903741,42.6760273069124,0.9992279301600867,63.581853557812
0,0.9416627324077113,0.3269339805319047,0.5334554586127862,0.6602936054780674,0.7725214005669079,0.03100388399681043,0,1.7554672503958229,0,1.7554672503958229,0.0,3.2752393376041966,0.10722271916041337,0.6213803227969718
1,0.8957457011589669,0.253229986106294,0.20949197610000603,0.2276560580940229,0.0,0.23818090813718604,1,0.74390677877905,1,0.5813285885379654,0.16257819024108455,96.15107517052047,0.9476706793259277,28.34148566091494
0,0.2112589124294869,0.4975104686845919,0.5984671495981652,0.30229890006331206,0.0,0.17041402937563288,0,2.780013846155129,0,2.780013846155129,0.0,1.9906624258876298,0.44950268215514344,0.8625112699375166
1,0.3576160875803067,0.9194494718699621,0.2545526308393089,0.0,0.0,0.00565854977711659,1,3.133084157969364,3,3.133084157969364,0.0,0.9082509193018198,0.7943339510211208,0.0
0,0.03282548811957364,0.5039621749620212,0.7834378981647865,0.5590970111404756,0.7316261235165802,0.15782772281521523,0,0.19104015655081144,3,0.1172155176963392,0.07382463885447224,0.13629691550747772,0.4988165900086562,0.024385389955494535
1,0.5951096652198135,0.6772836478859016,0.28817732125028817,0.0,0.8809613971354018,0.01002191766597682,0,1.6137956156503714,2,1.6137956156503714,0.0,1.4988467676485484,0.8909197881292831,0.0
0,0.07858858493339571,0.4334707171820139,0.09695600319651843,0.3833847853968727,0.267703012350182,0.09002284373476792,1,1.1549213556112656,3,0.42445020904242947,0.7304711465688362,0.17537391631644314,0.5463306842494415,0.08129284466875361
1,0.1838598913094176,0.568375275688534,0.8549829549940667,0.0,0.0,0.08205599720857307,0,1.1531271906487217,0,1.1531271906487217,0.0,1.6410705955032696,0.9999971271360388,0.0
0,0.8288165409121616,0.5623556193733978,0.029570269390166604,0.8092981902574541,0.0,0.2585195771266926,0,2.301462186398743,0,2.301462186398743,0.0,2.451990276141466,0.1404119964633218,10.405728690719615
1,0.45520694665230543,0.7989078179734721,0.9612673339705604,0.0,0.0,0.20727682166101577,0,1.6305225954059652,3,1.6305225954059652,0.0,94.87586217538703,0.9999999426806379,0.0
0,0.973764247328796,0.09629801447155417,0.9421261053611939,0.0,0.030156985856772067,0.28972394980439387,1,1.1410665164923408,3,1.1410665164923408,0.0,127.46970639600545,0.19756546951640674,0.0
1,0.6897863017496552,0.03134824777770473,0.7731039535960417,0.2827043430432796,0.0,0.0337364089806823,1,0.896949691661747,2,0.47380547325936295,0.42314421840238403,23.846944485121316,0.9999997549701388,9.398683386511223
0,0.22813356733027113,0.31480481763453094,0.3649594581805409,0.0,0.0,0.08742871000904813,0,2.6376481017437348,3,2.6376481017437348,0.0,0.9719166255127143,0.6268687973563125,0.0
1,0.5211305571038606,0.3662068540635234,0.09009041114709848,0.0,0.5614202964176218,0.04102738963109106,1,0.2501560297797387,0,0.2501560297797387,0.0,3.554833126564612,0.7396546943196635,0.0
0,0.7235305674778542,0.6563127429548099,0.8820824356993151,0.0,0.8291077602128184,0.21993859377095507,1,2.759271251670002,0,2.759271251670002,0.0,4.552816879863669,0.16383053860737617,0.0
1,0.3904421891268379,0.8094472864076265,0.4589998932717885,0.029042445353309687,0.0,0.0955788474275612,1,1.8470980691672831,1,1.8180928288894347,0.029005240277848454,54.57064080818954,0.988882964655832,1.6322699648221317
0,0.910299338380802,0.05582568374090857,0.8729257885270062,0.0,0.5176844129723508,0.009372527008812314,0,1.46279214748165,1,1.46279214748165,0.0,3.439617100133605,0.602717175544643,0.0
1,0.2888214306954032,0.8618101757760529,0.9552542543319364,0.8763622905598433,0.0,0.024980522417157352,1,0.8329351290132434,1,0.09505131494390118,0.7378838140693422,3.0900462705576843,0.9999999888811373,21.902702984905773
0,0.19582222576915898,0.09548959824574077,0.4197923971001447,0.4446370061062348,0.0,0.1415531348169998,1,1.6114089131058895,1,0.9205140463200996,0.6908948667857899,1.1315061762061323,0.8839563797406567,0.9059111321977058
1,0.6725515012510569,0.7713448672193457,0.4690838006065051,0.7703482791136803,0.29516635771654887,0.009704990145327726,0,1.5198489643847048,2,0.12488807473551772,1.3949608896491872,1.2023996307466038,0.988174394809593,3.640942459234551
0,0.5951987754374876,0.5813755321761984,0.38380548763664757,0.0,0.008469095777173474,0.2898369475177944,1,2.4956988813254597,1,2.4956988813254597,0.0,5.884549179239988,0.24925335571494733,0.0
1,0.5307883645204327,0.1259008206356852,0.15337334385513712,0.0,0.0,0.04036108522701403,0,1.3243617776465004,3,1.3243617776465004,0.0,2.2516508153865824,0.9359153807845366,0.0
0,0.7306570989361061,0.09479994817074577,0.8520490215730949,0.0,0.0,0.2853501078929914,1,1.6135686395898723,0,1.6135686395898723,0.0,33.44173278324253,0.7200313504749516,0.0
1,0.8192230097056608,0.27797360214114253,0.9900316475623939,0.0,0.660100174256375,0.18870357031635587,1,2.2776020174615494,2,2.2776020174615494,0.0,188.70357031635587,0.9999999998253362,0.0
0,0.5201100953966673,0.27793288180071907,0.12882627042337813,0.7462135567798548,0.8567197374696054,0.19460937543866486,1,0.14879517708580275,0,0.14879517708580275,0.0,6.277757762452392,0.5549125803911268,0.7521925596350343
1,0.950138426640882,0.15466538047527523,0.10647057730731946,0.0,0.11012231361724922,0.21843082903400074,1,0.20724486763469746,2,0.20724486763469746,0.0,129.31214685649107,0.9400731659397723,0.0
0,0.38636055379765977,0.8578292354454495,0.6369906598161957,0.0,0.0,0.16961990025082133,1,2.6952168482303454,3,2.6952168482303454,0.0,0.7669521101604412,0.19313544211433264,0.0
1,0.6791330351138661,0.7825926553832133,0.26485860593303534,0.320331885743675,0.4887169932576144,0.21565053169035775,0,2.8702722956152593,3,2.6249822823348152,0.24529001328044409,58.71464094142377,0.8533613623954615,12.413148531581356
0,0.7914565632459353,0.012242621159884948,0.7341919622464746,0.4379392094441652,0.20637229471631935,0.1819139642170033,1,0.31924937399581027,0,0.31924937399581027,0.0,25.78597323590692,0.943901130686007,13.770010636892424
1,0.7911662702614957,0.06270192167555022,0.8002258774321849,0.0,0.4774871613723688,0.10724668143432343,0,1.8827184908521826,3,1.8827184908521826,0.0,45.95432808774158,0.9999990861988427,0.0
0,0.5835510099148794,0.9594403633089693,0.4693880379225682,0.6554234158188486,0.4397077616308396,0.20230676867719805,1,1.6360882873953797,3,0.1582408113020915,1.4778474760932883,0.13489048881016552,0.12395106167146097,0.25657688013690905
1,0.17180904860678103,0.5877839459551375,0.34799590660205193,0.6180705750573383,0.0,0.03271682004897607,0,2.900515344982434,0,2.900515344982434,0.0,0.7701416116440127,0.9337837259743046,1.2463084478391828
0,0.3316804203703593,0.5416570593396899,0.0034650515222154343,0.3041395750216158,0.08379164382455895,0.06923709512627932,0,1.0065208807953856,2,0.5390215010102123,0.4674993797851733,0.5612823565099028,0.3823582361009482,0.22193943193335372
1,0.8431196781722482,0.8592065426382091,0.9707643234477146,0.6991446108697464,0.0,0.28195255491129606,1,2.8231162750209684,2,0.06724613212406619,2.755870142896902,84.86730174677909,0.9999999971256861,197.2193911062989
0,0.04164080214474919,0.42146294590711064,0.3733842174369265,0.20904946621575626,0.16775361551475432,0.08789065309851644,0,0.623238552026355,1,0.5185223407709506,0.10471621125540442,0.10953943717760663,0.5681330568259733,0.02317647456534271
1,0.6241404632147382,0.7033137045210673,0.257017999370719,0.0,0.0,0.08576414803973065,1,0.5228363403789005,1,0.5228363403789005,0.0,30.965285830400834,0.872544131481831,0.0
0,0.7269441080660148,0.40333599800594466,0.03530094701815201,0.8635482396758255,0.0,0.08417993444611824,1,1.1758203994970082,2,0.01860708190799279,1.1572133175890154,0.5279148359236504,0.2877176888956531,3.3409603963889247
1,0.5696831243367454,0.5132966522868659,0.4425662947564767,0.8742520885357741,0.20998328321313542,0.18073198300045773,1,0.6591272710152681,1,0.18633999125795636,0.4727872797573118,29.387161062363926,0.9919690969903258,76.9116313235275
0,0.18984858229460355,0.5145439501210356,0.8624706650878077,0.0,0.0,0.19096287225353165,1,1.1065447339985794,1,1.1065447339985794,0.0,1.1755953468932108,0.44405275259332266,0.0
1,0.5045862358992139,0.6527365844828311,0.41570801550736824,0.0,0.7830128544236281,0.26899676132343986,0,2.95468578997529,3,2.95468578997529,0.0,38.285557811546006,0.9749228315815701,0.0
0,0.7494680369343515,0.7243583385367177,0.7326582621470406,0.8782258662894349,0.0,0.24250067829199798,0,2.148225911536906,2,0.015199806148084721,2.1330261053888213,0.5087718939763493,0.14887695845721416,3.669224520152181
1,0.5511717441713443,0.17382657361616471,0.3958897592396683,0.0,0.0,0.16165067387027476,1,0.6475885104175044,3,0.6475885104175044,0.0,35.54865335258022,0.9942328962846432,0.0
0,0.6024626358706019,0.23532721950883495,0.7065192925643947,0.19377735585749356,0.0,0.0939030402268544,1,2.7347889292141607,0,2.7347889292141607,0.0,6.13057565267548,0.5636539022080376,1.473497114588361
1,0.26835040850017444,0.2615083815427688,0.6260712142940574,0.0,0.0,0.07953691169506442,1,2.9617593170854257,3,2.9617593170854257,0.0,11.369328822169633,0.9998611873608523,0.0
0,0.2532799830865696,0.7820056567905681,0.9248843630718891,0.9472242359579599,0.0,0.08165191070135575,1,3.0555523431097615,1,0.005069284854475331,3.050483058255286,0.019249099084851094,0.26380774520737793,0.34548458946047544
1,0.26353654998674536,0.5966388395162184,0.34686315407503676,0.4415211906591604,0.7337017473628572,0.008212969426455202,1,0.04710431526666656,0,0.04710431526666656,0.0,0.7536914464037265,0.9515087230442316,0.10042852626976595
0,0.3408767065372803,0.2890399970375094,0.3740463751664407,0.0,0.0,0.031455832473776986,0,1.421089297893203,1,1.421089297893203,0.0,0.6037068875730878,0.6185047393580294,0.0
1,0.14073325333376963,0.445886480865192,0.8448049620301122,0.6941824716557915,0.0,0.2530078864256439,0,0.29477832528990133,2,0.027450631365582144,0.2673276939243192,0.5660048289929732,0.9999967954371939,1.2847878056133555
0,0.2486482997202334,0.6867386310016411,0.9388035843148921,0.9154169140776567,0.3899810343179041,0.24837155222673019,0,0.9048564347792057,2,0.11456383923275174,0.790292595546454,0.4739842342196599,0.33115715370034227,1.0301685784959793
1,0.7283937531401887,0.07422738623683678,0.38245114030008076,0.012445646026755797,0.0,0.06611344550753358,0,2.944707703079777,2,2.939684320103657,0.005023382976119706,7.862175697017717,0.9963914815061331,0.09908300776718118
0,0.9580258557914422,0.20210908790589366,0.7196219134829709,0.9364267933999266,0.7965250109800198,0.1232851131614204,1,2.11017931113553,3,0.004229998604819922,2.10594931253071,1.5257449051797138,0.14215112825822074,22.474065498877412
1,0.030831078083333963,0.35734089708133243,0.5757661237544607,0.0,0.5778374946981097,0.27872860102414754,1,0.6928978174556152,3,0.6928978174556152,0.0,2.792816183028949,0.9992995197981359,0.0
0,0.7620205168014103,0.34743438990174547,0.5200685038229186,0.07870653913846204,0.32294201568933034,0.2835459186429916,1,3.0970438935010973,1,3.0943877839073703,0.002656109593726974,17.83034083436846,0.3089068233092005,1.0036496226406901
1,0.04480886947517271,0.5973409245160313,0.004907145629397647,0.0,0.0,0.24994926228130065,1,1.7864033096323109,0,1.7864033096323109,0.0,0.7177438585529613,0.4060095074383928,0.0
0,0.15324210913145808,0.2603923602224929,0.40777776800848753,0.8831643988814044,0.0,0.10343584213847139,1,2.065007424469895,3,0.0016846162339427088,2.0633228082359523,0.09268714092550626,0.7063225174015819,0.7006253429245397
1,0.2806606712009052,0.6469320709555277,0.32379192880545116,0.5358860955254077,0.1761703639034503,0.2685563737733205,0,0.2981015565426375,3,0.05146773826552985,0.24663381827710762,5.364477653360342,0.9104975987904284,4.299285923213879
0,0.9280665467592945,0.2990633927783112,0.3313415149289515,0.3979122157584257,0.0,0.017178536566473977,1,2.410743953782272,2,1.0751666734062117,1.3355772803760602,1.334955525853329,0.14427202445669396,0.8822552543569334
1,0.15529711827904247,0.4919393514955215,0.492292889882175,0.42446104129740714,0.7917895035396032,0.1765092104579651,0,1.7326969075400942,3,1.4114792772742024,0.3212176302658918,2.190146923616102,0.9920278461161134,0.306120332712815
0,0.6694111470005714,0.9965060039222106,0.5623406788242473,0.0,0.5471601857652849,0.23388924122628885,0,0.35651168757535845,0,0.35651168757535845,0.0,0.04814804033564028,0.1330638614007218,0.0
1,0.26600910318935467,0.18055812031773866,0.6516652028355154,0.0,0.6263068463138809,0.06995991523010367,1,2.0120358191805776,0,2.0120358191805776,0.0,8.150469860341266,0.9999475912078811,0.0
0,0.5327159797317409,0.7983296300459695,0.05835045549920992,0.0,0.9127955976199573,0.20978720173680235,1,2.4800864910454923,0,2.4800864910454923,0.0,1.7625143010116677,0.179240224505674,0.0
1,0.3885342612871219,0.706192967095725,0.7239679140536917,0.03718467330361108,0.0,0.07992454112259709,1,2.6301963972536235,2,2.5904124951725365,0.039783902081087064,82.62555750311756,0.9999712781356773,3.1910629973290816
0,0.9504142790270776,0.9456578791231554,0.6324726341864857,0.0,0.0,0.12663210796471122,1,2.150258165627038,1,2.150258165627038,0.0,0.4958991173601802,0.08077452179663436,0.0
1,0.9103979491110513,0.4476993245851414,0.35758241844971417,0.9995389549644235,0.0,0.11438145642415634,0,2.5846723388987707,2,1.1245096198474322e-07,2.584672226447809,0.024597797435892167,0.9761902473489816,53.3276683323419
0,0.9950215106494774,0.5640305431822557,0.39866853618303766,0.0,0.9064449545337552,0.06066823185705759,0,1.5053336543141311,0,1.5053336543141311,0.0,2.824332166140251,0.027047891875319863,0.0
1,0.4255324940030738,0.5786963077429654,0.5967748587703282,0.15319000022751217,0.0,0.05221179076451313,0,1.0606217517363958,0,1.0606217517363958,0.0,6.274486826278418,0.9987811653671639,1.1350700140567012
0,0.8235369463120764,0.5651922488877602,0.38414458373673166,0.12069141462103627,0.0,0.2847630297540258,1,0.499974765681342,1,0.4413146709754009,0.058660094705941135,8.561262397614549,0.13849258109004625,1.1750947129268234
1,0.5506395622907709,0.6774803767900515,0.972290315222693,0.0,0.3180502607618281,0.2953389750142982,0,1.0883769884363086,0,1.0883769884363086,0.0,150.36801706364906,0.9999999760726892,0.0
0,0.23687115717066687,0.1597376083244756,0.8493740852679205,0.0,0.6086171905544479,0.2600808695977159,1,1.846377609971192,2,1.846377609971192,0.0,3.8776860536170976,0.800568821428441,0.0
1,0.06917321312569147,0.3779975699841598,0.437935087128032,0.0,0.4890497488519041,0.04175437935897623,0,0.5516818757114016,2,0.5516818757114016,0.0,0.1446785428862934,0.9854739409776933,0.0
0,0.5246063937896381,0.7462851659021337,0.6128270705222298,0.0,0.8449897332151047,0.18964023648009193,0,1.9762650105675268,0,1.9762650105675268,0.0,2.036045988940734,0.2161161357670376,0.0
1,0.33700054045447336,0.9140133595945404,0.09370155687747783,0.9990277591040226,0.0,0.2963920959548369,0,1.134210041636764,3,8.332772257404914e-10,1.1342100408034868,0.010943502766080184,0.30910461567007685,11.245014574454125
0,0.6450217773486252,0.7616977584475088,0.9996516488359771,0.0,0.8595207062844087,0.027569162430432954,0,1.4996702507709938,3,1.4996702507709938,0.0,0.3463704405430673,0.17486008652757412,0.0
1,0.37379588676839326,0.7021601325067233,0.11649244371597012,0.0,0.2863951408486952,0.013558584588925136,0,0.5017500011641858,3,0.5017500011641858,0.0,0.5708909712829441,0.5275598864146726,0.0
0,0.3994950218883693,0.4506598080996571,0.6235856176364508,0.0,0.2904676782561332,0.2720445677081712,1,2.1038202014140253,2,2.1038202014140253,0.0,4.589318008513226,0.4226317147778553,0.0
1,0.8591221564181356,0.3850671525047936,0.2199657368430693,0.9521421594052847,0.0,0.21133799869785472,1,1.6071508611174614,2,0.0024054023095420526,1.6047454588079193,5.199024450809791,0.9230555838126808,103.43572350695517
0,0.6589337253336063,0.3821116825670655,0.7621704975358167,0.5749370918509586,0.0,0.14027170347360488,1,0.48663865374432647,0,0.48663865374432647,0.0,2.5296715869474222,0.3554692762771017,3.421615948262388
1,0.8232784878107064,0.9437410740564086,0.8702960178192036,0.9250516531880449,0.6857953433677949,0.07062484658058264,0,0.6466130974010913,2,0.3075710731160753,0.339042024285016,46.18703584186167,0.9999982762443095,25.207229914713594
0,0.3950264465897638,0.21401873265387228,0.09433437771197895,0.5001799689964395,0.31314270346568585,0.02955629237924667,0,2.7615131197662732,1,2.363299458654695,0.3982136611115781,1.0519914129178245,0.689610476879202,1.052748988953605
1,0.12781326633876755,0.3199376104049596,0.08624330540911507,0.0,0.0,0.10202336747912044,0,0.6210332452139186,2,0.6210332452139186,0.0,0.8371451775333304,0.7405584676490675,0.0
0,0.3112676176889875,0.9157932099483332,0.46786168482591206,0.7578912003201383,0.0,0.15894242049175444,0,2.1538910428364466,3,0.01821949288865817,2.1356715499477885,0.10226659979135934,0.21945727405229054,0.3201327509409791
1,0.08601799199346993,0.2154421974414681,0.8853314148407049,0.5336150688794319,0.6701159226272052,0.10549822738083672,1,0.6698453274346037,1,0.5551608978945989,0.1146844295400048,2.201079288776028,0.9999999287657554,0.4969949765685082
0,0.30150504123393607,0.8649364679966616,0.47004247366865903,0.687200825512704,0.6548406598924077,0.17543266072465813,1,2.4983896264854346,1,2.224907253881776,0.2734823726036586,0.3463412928861115,0.2115591661068017,0.7608908264242857
1,0.047714646517540205,0.8573007503810555,0.5798266580521604,0.0,0.0,0.12557280841957238,1,0.38321676622314493,2,0.38321676622314493,0.0,8.594156601927315,0.998477914234773,0.0
0,0.7311731281322391,0.7159767830318376,0.9655366282738156,0.25458121409244305,0.0,0.10839554604361516,0,0.9587812600665031,0,0.9587812600665031,0.0,1.5245365572169685,0.15680001835974866,0.520671567449256
1,0.3431209303094741,0.8997045554831913,0.748128253893368,0.2679851069385806,0.7612938165915463,0.1782783710604934,0,2.662213156187486,0,2.662213156187486,0.0,61.45670233983544,0.9999263769710547,4.208126312006966
0,0.9636960564817839,0.8562695401496523,0.2889162095335802,0.0,0.43290020613602564,0.2365351594759591,0,0.027719197938314177,0,0.027719197938314177,0.0,2.697109891536991,0.08674615046459799,0.0
1,0.36360896778620266,0.9801206574483876,0.2998106993104551,0.1322874796716239,0.0,0.043946901566851486,1,0.8698665762057933,0,0.8698665762057933,0.0,9.63530325237655,0.8661441922192521,1.468954236878275
0,0.27994507291252435,0.7975785865356513,0.33090952221774594,0.2120705189262343,0.0,0.03769296670510121,0,3.1024582331742785,2,3.0683611549147782,0.03409707825950026,0.25749793124854126,0.27100042560639903,0.0693053391375739
1,0.5790743804605942,0.3547672077142451,0.5477166118724831,0.0,0.3034420609402021,0.05710596636693763,1,0.8811080136055056,0,0.8811080136055056,0.0,39.851485713921974,0.9992054232943319,0.0
0,0.6882559206582055,0.36656558456855903,0.7437854068190891,0.0,0.08578305204948389,0.09022732495564029,1,2.1146477096731355,2,2.1146477096731355,0.0,4.184416244503817,0.350101366103197,0.0
1,0.7285174493912648,0.7232132190381536,0.9460479230658082,0.09512723786192345,0.0,0.1437813707714012,1,1.4770649634358015,3,1.1759226042712758,0.3011423591645257,137.59547495351828,0.9999999895972074,14.46510274405892
0,0.3158175330365298,0.5196762315584014,0.4857288870132326,0.5855679414654681,0.0,0.06904295968342672,0,1.8284217425652876,2,0.28587234847195614,1.5425493940933315,0.31377296479828953,0.4012549720908818,0.44334260658829255
1,0.04582841468372689,0.4040769263854763,0.2219794979497156,0.5552496630858482,0.15283778029063932,0.12281968858049234,1,1.6441186675464599,1,0.8283127117407437,0.8158059558057161,0.36982723056438466,0.8601510014822312,0.41524287742018434
0,0.2921464982573224,0.9678217130228312,0.5771098826949224,0.032716326742729174,0.33132751725013143,0.07859285894496319,1,2.4207071120397194,3,2.374898584149021,0.045808527890698336,0.07299519578319416,0.17301251876558943,0.00163416374926385
1,0.6922828789501738,0.7664488128961849,0.3973861723038379,0.27679923734701717,0.0,0.1834323690434612,0,1.6521059764555688,0,1.6521059764555688,0.0,68.1556323824043,0.9681416548173735,26.086016551126725
0,0.3886858943554744,0.5020632939132287,0.12078740327652193,0.17662377603380186,0.0,0.14023561352086542,1,1.4037780326853466,1,1.2023058749710385,0.20147215771430815,1.8498317390447134,0.38313516740852815,0.3968104218548149
1,0.8437449788074485,0.4448748387556669,0.9320825532695173,0.0,0.07368102895736939,0.025784776358896987,1,1.5780531728501936,2,1.5780531728501936,0.0,25.784776358896984,0.9999999886169226,0.0
0,0.6291828874609205,0.6742746088564908,0.8412641698450323,0.7033502652645407,0.0,0.03432241173104224,1,0.33952375687530956,0,0.33952375687530956,0.0,0.16848878205891368,0.19461994530466453,0.3994833491454692
1,0.34709665738012696,0.6880689093929248,0.3587887804192863,0.8728197996617993,0.10560515359661948,0.09077442622839647,1,2.703488644129535,0,2.703488644129535,0.0,3.0445123389957187,0.9547603864760903,20.89405931680981
0,0.021151531608002205,0.9886498701388325,0.48887853233325873,0.6649507183512235,0.7535728969255773,0.10499628979729415,0,2.3997656451050275,0,2.3997656451050275,0.0,0.007858694194269503,0.3196528830646529,0.0016145779567888047
1,0.7034115191903779,0.38029992570177074,0.04180695793108269,0.3404479472706009,0.0,0.023993344798552637,1,0.18446630713941764,2,0.08031564443882142,0.10415066270059622,2.4841007499150285,0.684807754166611,1.2822445137152931
0,0.31240958350478454,0.8111797820586929,0.15249624762728886,0.8509159549624002,0.0,0.22646932927424507,0,0.06953753877610987,3,0.00023030267137343985,0.06930723610473642,0.17570521364422909,0.25552654767745864,1.0028596260736315
1,0.7742277045774018,0.31680679324941363,0.23491480966041356,0.0,0.0,0.11619791979469332,1,2.5290972289951994,3,2.5290972289951994,0.0,41.58392444472739,0.9383585962894657,0.0
0,0.3889059547960493,0.6624019169421506,0.9059352321490366,0.3535751564417474,0.45110835395752946,0.2250499906122725,0,1.0616701937369486,2,0.7056494851019207,0.3560207086350279,1.853670936443854,0.29587523405081895,0.503724743319453
1,0.5133003558898261,0.03700686227111083,0.04801514763483139,0.12490354258211023,0.9190059085082626,0.03320152784510444,0,2.6015312697134205,0,2.6015312697134205,0.0,1.9215414682035652,0.9679904998474131,0.019641005550474506
0,0.46641077176120527,0.3839396129864654,0.44204437707207356,0.23321252886929567,0.0,0.1490755717009775,1,1.5380385449920497,1,1.2456819788285078,0.2923565661635419,3.179143452837293,0.46126048211391724,0.9669121004039852
1,0.10049449327576421,0.5801707083562732,0.8388019726944971,0.8417932312626168,0.8961698739491981,0.05550729031859084,0,3.095831370164907,3,3.0796941704035334,0.016137199761373733,0.4417559914755661,0.9999948030611098,0.04241213387873623
0,0.2845214118713949,0.2960016590674335,0.28229653772274466,0.4935050241337071,0.7575907028527136,0.006184008435220273,1,0.9373573370358508,1,0.8345916520611643,0.10276568497468652,0.08424944033429184,0.6298579190365134,0.012271718316829144
1,0.006925146819342642,0.09771541713357668,0.6845836337110579,0.42652419476260617,0.0,0.13361634898922384,1,2.3455577912331695,2,0.8917784273909968,1.4537793638421728,0.09394238614969483,0.9999841661537662,0.06986990600238088
0,0.0034223688964349908,0.03597261290147413,0.4857314373553937,0.9467477146740413,0.49150158941712474,0.17824582466496508,0,1.7115792053087362,0,1.7115792053087362,0.0,0.002003937364522687,0.9639083113295895,0.03562707419219324
1,0.7338129693375814,0.28667703184392346,0.22427410229794398,0.5054392296968757,0.9206888290850438,0.07870013446047736,0,2.5135136680306385,3,2.433072582230092,0.08044108580054665,11.605821878498237,0.9270366440979441,0.5206233414506812
0,0.26728618450838426,0.850668454646079,0.1734279339262641,0.6605761430520249,0.3019993282174336,0.2673754525534959,1,2.0185168063345102,1,0.6356686258822317,1.3828481804522785,0.3283426944016352,0.22710277615978014,0.6390103294960388
1,0.38839071555718707,0.30456157610781465,0.08264300491114407,0.0,0.5201251330483048,0.24435684782096825,1,0.9474525651264938,3,0.9474525651264938,0.0,11.853395877194652,0.7658273596033616,0.0
0,0.4484500864322647,0.5338223395274566,0.4348899204431035,0.0,0.0,0.020435438858195463,1,2.36193015269516,3,2.36193015269516,0.0,0.32720102602465406,0.3389199936744718,0.0
1,0.66320421326428,0.728282086650416,0.3669391359708605,0.11560893015014206,0.04876428639546959,0.28504836383117443,1,1.2490034746311638,0,1.2490034746311638,0.0,228.14763067585918,0.9667422091880097,28.200009298258706
0,0.4194922971225479,0.6503839354619058,0.5746879873046489,0.6340732946754182,0.0,0.0632181786978018,0,0.6158038068272692,1,0.22283288826879577,0.39297091855847344,0.26144473187347295,0.2910930733070707,0.45302821603987486
1,0.5286297709579928,0.48434297714564944,0.12303917283269661,0.0,0.0,0.1993842780233952,0,3.0694956499694492,3,3.0694956499694492,0.0,14.015538655572358,0.7044067076387293,0.0
0,0.5194344224025246,0.9074746178181767,0.5497877356045336,0.6431609664260916,0.29153823056881156,0.04562749175882229,0,1.8196220176478042,1,0.7910405160995435,1.0285815015482607,0.07586999309477711,0.17186267856310677,0.13314779479170044
1,0.3202080553291008,0.7916138994152514,0.5660409051925572,0.8233762866881648,0.5190984872750695,0.15904680931660137,1,0.4762373611565776,0,0.4762373611565776,0.0,70.06109055088949,0.9984905765371339,47.44594251067264
0,0.22939904994565707,0.30199646153413473,0.29479017461911217,0.5924308252532702,0.0,0.17077015083591277,1,1.0364713269573547,1,0.4132114370163782,0.6232598899409765,0.8128442154651452,0.6404284582962771,1.1815269632930616
1,0.45438669566555057,0.7060360325456821,0.6925818108711036,0.7081891710666534,0.0,0.2558749471918008,0,0.045271874321447775,1,0.013209492293228105,0.03206238202821967,23.714570325478366,0.9998042433625882,57.55236007652902
0,0.4996195300382825,0.028023478978812966,0.9556942589753046,0.4933152965234333,0.900420546473668,0.2211097424085431,1,2.2058280003691593,0,2.2058280003691593,0.0,12.912254484887207,0.9455200538925116,0.6730125393640493
1,0.6796389273129428,0.6018803422823769,0.3980610120388761,0.36650327239663716,0.0,0.20294195357526812,1,2.320459317393439,3,0.7485126230962613,1.5719466942971778,116.2640674168615,0.9827825737065079,67.26342743967913
0,0.7015402681350414,0.5951770899392475,0.9327449048797775,0.029506038823893577,0.5063840231783864,0.07608167052980913,0,1.779112664282287,1,1.7646073698837577,0.014505294398529323,1.8686028353287862,0.20046939094001737,0.027629929027624976
1,0.29421190147929144,0.10852481918234924,0.7259436158693064,0.5108642301874418,0.7895087467361598,0.19456316298788132,1,3.1161614547515204,3,3.104212868826339,0.011948585925181554,28.198297542892007,0.9999954551251252,3.399663204226312
0,0.5141785404499191,0.6953443918494646,0.7327694085686629,0.23156646777908896,0.26314514342816575,0.14292554386417083,1,1.323646293233104,2,0.9603940529321351,0.3632522403009688,1.5136872006611373,0.22603849412524313,0.32934964909840786
1,0.23143063545100806,0.26780231847491565,0.42602275101546516,0.5095909445624593,0.0,0.2945456641757598,1,1.2483394361560485,2,0.29913510529560094,0.9492043308604475,9.132379059872157,0.9929054093214947,9.489583480612115
0,0.0154116555311542,0.6648841470983224,0.7107776219945647,0.03482892481821931,0.12890388539257824,0.060200540984963795,1,0.3470389477496699,3,0.31690986086064266,0.030129086889027268,0.025588357368006985,0.40710537894928467,0.0008007200996153266
1,0.22963205029790412,0.43275527419389503,0.6647812380579237,0.23152245648595793,0.0,0.1799182886269115,1,2.5234483205529186,3,1.7188200197470918,0.8046283008058268,38.19231617168088,0.9999059013248806,11.506359468257331
0,0.03847878418212125,0.4977841078062889,0.1775072853891545,0.7764520727691212,0.32177208371128263,0.045574004743898555,1,2.7355132984438244,1,0.15341000357172074,2.5821032948721037,0.012220866575384683,0.4986030127624904,0.04244690300211202
1,0.2973843233441329,0.7633999074695329,0.07564861461976846,0.6915057949861598,0.8888308086981843,0.2806490781051124,1,2.8392359432228504,1,2.8122112056633486,0.027024737559501855,11.440735487491448,0.3829416642808491,0.9660120682971904
0,0.0025414909555193654,0.5965095557895614,0.3601001108548493,0.362633789987,0.0,0.17616507925158717,1,2.0538393864539164,0,2.0538393864539164,0.0,0.01475514179246177,0.45032673704570547,0.008395037116710115
1,0.7158269977079936,0.5851654729188503,0.9172998890483522,0.44240118784776494,0.0,0.20791002050775553,0,2.8414824141042336,2,1.2279512392536938,1.6135311748505399,141.36919201221235,0.9999997700136827,112.16289760353074
0,0.3014686979928106,0.7749831126881119,0.17970387318992953,0.5390745557552108,0.8037386637717286,0.1632430706211101,0,0.4403666951883527,1,0.39464244645677227,0.04572424873158043,0.8448696822059593,0.27347264398138293,0.10171174324947896
1,0.9584198272650281,0.15014458959310895,0.67154801972605,0.5636110007200958,0.03967669856743061,0.12028076301523555,0,0.4857611253054019,1,0.2220599277002398,0.2637011976051621,55.3208932960158,0.9999566897692196,65.69955530447228
0,0.21072082610568554,0.21636461934573714,0.8942565651052548,0.9299230804145977,0.0,0.16643143350363557,1,2.4656895412535964,3,0.000245686371340753,2.4654438548822557,0.1384086911117723,0.7408408765177004,1.8366879873758502
1,0.3316930652145098,0.060152810955841685,0.010911728298881762,0.0,0.0,0.09372505424527473,0,2.852053423156703,0,2.852053423156703,0.0,2.7322295848282807,0.9410373953307207,0.0
0,0.1772633158407938,0.7648126426053906,0.334606620297615,0.8278874771748063,0.5178260508519624,0.08226299720541537,1,1.929599405291028,1,0.20697674489071494,1.722622660400313,0.04891730315466822,0.2963904935070325,0.23529968670580306
1,0.8761272873160519,0.4564415919684064,0.26362538747825837,0.6737429483425174,0.9050868084101169,0.08318984460342797,0,0.26682819329657703,0,0.26682819329657703,0.0,25.53048107705452,0.9318467548418338,1.746676065684407
0,0.9984392424125234,0.48076013059856737,0.879353345278747,0.0,0.0,0.11156336606460836,0,0.9576174881304081,3,0.9576174881304081,0.0,7.210665136448806,0.0016828429101530817,0.0
1,0.12633216362296906,0.41595192306020545,0.3950348490961396,0.0,0.0,0.1001115158348877,1,0.9596325879559108,2,0.9596325879559108,0.0,3.371667413004058,0.9811484590671131,0.0
0,0.80938560755025,0.48897856765298753,0.562928531714423,0.0,0.0,0.12036930461346092,1,1.2212572890548878,0,1.2212572890548878,0.0,5.099264389543948,0.16725917759325715,0.0
1,0.1277799716562893,0.584674033321899,0.7066557072203782,0.0,0.4455382585172787,0.23929337765135963,0,2.505712803835136,0,2.505712803835136,0.0,3.0948551351131894,0.9998430011693202,0.0
0,0.9814370097250287,0.253913056568964,0.9490599013881631,0.854886342347522,0.1003000028299047,0.2617531861864111,0,2.2302980342917276,0,2.2302980342917276,0.0,8.046862651120962,0.051723435264802275,47.40527590906751
1,0.10902060716956974,0.812641423374838,0.9650664163767769,0.8574569835251765,0.8361859256061314,0.07053767727808342,1,1.5622414742691104,1,1.385674269852655,0.17656720441645546,18.20560987646853,0.9999999927019109,4.511249457609641
0,0.997365867009875,0.4249790817981143,0.5214542137483807,0.0,0.0,0.20052853412645238,1,2.0791735842443706,0,2.0791735842443706,0.0,16.179045250601277,0.0035514741380590076,0.0
1,0.14708737805613648,0.5133213365842773,0.5209751758688721,0.07637996099488309,0.4042905406343592,0.17588904390195623,0,1.7543816416151432,1,1.707099395576102,0.04728224603904119,2.2256381729654136,0.9947358594658791,0.1064341798379563
0,0.6345598806649295,0.9465110410893192,0.2586599147711066,0.0,0.0,0.046082184526100106,1,1.7178019001831581,0,1.7178019001831581,0.0,0.12509418696722907,0.11936196614010808,0.0
1,0.19763810602755338,0.511633084508728,0.6973618421883665,0.0,0.0,0.19149648871572184,1,2.4215934034270563,2,2.4215934034270563,0.0,46.121611462751574,0.999949890360683,0.0
0,0.31140688630600655,0.4192560969150566,0.800194530641564,0.563325356347674,0.3663502133867791,0.1334406843882259,0,1.1899011893457374,0,1.1899011893457374,0.0,1.314231589435931,0.4881830013396202,0.7904775853651342
1,0.7101910356350475,0.7405770632919156,0.32893657675749033,0.9066696481954277,0.0407036911770271,0.00881213956347593,1,3.1387311466519434,3,2.8601640133827733e-06,3.1387282864879302,0.6606880895116324,0.9463112789964488,6.418339008715432
0,0.5845814037842851,0.27931022055768406,0.5556162529064276,0.0,0.0,0.10070381169359108,1,0.7268505039309099,3,0.7268505039309099,0.0,4.398842568620679,0.517347312827062,0.0
1,0.27807693882910134,0.09374135550860418,0.8300152145821695,0.3254545499232052,0.0,0.1643945058492061,1,2.4198806821858065,3,1.03006732877136,1.3898133534144466,14.448190245471288,0.9999998236058656,6.970959856017662
0,0.43730680759579243,0.7870927535074808,0.6535294095525824,0.6518651084672198,0.0,0.18899498950492086,0,2.461051515889794,3,0.0625528643430107,2.398498651546783,0.5076825941929655,0.2277370637843965,0.9506101726070619
1,0.17267083423188212,0.2866653366795051,0.7185030910406495,0.3227105231714671,0.0,0.07738828761956472,1,2.6486274651713377,3,1.3156689230393113,1.3329585421320265,5.977284641142112,0.999983590330921,2.84801804794036
0,0.6442620605506808,0.8063978195133562,0.4829161343363576,0.3347207767336573,0.8659489509039192,0.008131677283159913,0,2.4379273262553802,2,2.3731848927851704,0.0647424334702098,0.08648737155346288,0.1650284980718537,0.004199618405388821
1,0.9172773040795613,0.0010444324883441825,0.4171186129554014,0.826657282575877,0.0,0.18000169252032103,1,1.4147955212568573,3,0.005927234379180562,1.4088682868776767,20.835905241900203,0.9999827798072135,99.36473284386574
0,0.5411048033467377,0.5183341032842103,0.34755689583160354,0.8605613561982334,0.3238420974331647,0.07707707169898777,0,3.128506588395869,0,3.128506588395869,0.0,0.31750310527357306,0.3107945959675109,1.9595063134708626
1,0.9208532899864765,0.9539320073478625,0.4698327566278103,0.0,0.0,0.005361337312395692,0,1.9553365536747096,2,1.9553365536747096,0.0,5.361337312395691,0.9887971887879007,0.0
0,0.3541919759475425,0.12200385279108183,0.971667829352466,0.0,0.9449178337138076,0.267480286598758,1,1.3294918075665796,1,1.3294918075665796,0.0,7.243392515197275,0.8229315413040971,0.0
1,0.350331829076174,0.9627919498794432,0.6827833430758992,0.7393777533576685,0.8288104225443199,0.15765760333555806,1,2.621304500738845,3,2.2897275131674655,0.33157698757137943,191.5944828992321,0.9998800297590447,62.3919037420098
0,0.9714110169106933,0.43659093327131426,0.17290900679337606,0.9538488721470401,0.0,0.20136214207626937,0,1.8670603878062197,2,0.002164023232673888,1.864896364573546,0.674108030172318,0.03558063931311928,13.932426230920145
1,0.9314465631684257,0.44894216435171064,0.02694738482810277,0.7847065341008684,0.7440643523527827,0.2995945287117725,0,0.6562378237983316,2,0.41358064424752133,0.2426571795508103,146.75690728828556,0.6839026026349472,44.81217494417783
0,0.10723322026442905,0.015587360514285442,0.9793749362453555,0.0,0.0,0.055595320858308754,0,2.7600340399444643,0,2.7600340399444643,0.0,0.3936820844931093,0.9825730168687175,0.0
1,0.8583472217356877,0.6515287257290732,0.09530422092783353,0.0,0.0,0.1683700021856865,1,1.3447176482146563,0,1.3447176482146563,0.0,71.5685379625561,0.6613275484163745,0.0
0,0.535384673780032,0.7965248291337149,0.2930867946547835,0.6985930328512822,0.0,0.08395156033028439,0,2.1703937776199576,2,0.13142304197853405,2.0389707356414233,0.22757689765939698,0.19691459666108335,0.5274716661221689
1,0.11707519362944241,0.3885963084945777,0.40374207958962494,0.4163773716047525,0.0,0.11219374349924563,1,0.6523965901191802,2,0.2237457830608694,0.42865080705831077,1.9710115588784476,0.9844214962977409,1.4061905285355056
0,0.23326926743710075,0.7764615110016413,0.275303629691386,0.4402648876070566,0.0,0.2745625934365616,1,0.18271582643784937,2,0.05726755682336404,0.12544826961448532,0.6504948397723516,0.272692057803158,0.5116528000128283
1,0.16027563450063964,0.2327193524796235,0.6860743306297346,0.16420645544212265,0.40238915732291836,0.28845502909464865,1,2.594025334429987,0,2.594025334429987,0.0,20.673476559407945,0.9999684660236794,2.2527400326538567
0,0.4511655433854147,0.7671976250558139,0.07588369813807128,0.8384340815729047,0.0,0.18861126722145674,0,1.5220252179419602,2,0.03033948912091422,1.491685728821046,0.26110492922190365,0.23090105393260152,1.354984229703802
1,0.988945062997123,0.047660652633311096,0.9075711000154472,0.9773334993392908,0.3872731421934835,0.12241457048638453,0,1.1796636233719007,1,0.2746968710543486,0.9049667523175521,22.69909817617505,0.9999999777845789,100.41157129222016
0,0.7709586140633425,0.4259099939089812,0.3927628573679437,0.0,0.0,0.06250763398909254,0,2.848392654126834,1,2.848392654126834,0.0,2.978023457665945,0.23589932660360502,0.0
1,0.2701944476523588,0.9334754959502587,0.5476198495295309,0.07766149884156137,0.3515747771040707,0.2334560945622604,0,2.044650745869208,3,1.896240653035236,0.148410092833972,25.869914854176432,0.994478293872562,1.3874632668910072
0,0.0007426255973059792,0.9953261600870675,0.28239318908406985,0.4592638816860305,0.3374490372356632,0.03810217663286262,0,2.7906665708854823,3,1.1509932860523948,1.6396732848330875,2.811550938959887e-05,0.3328307670818281,2.387937025199752e-05
1,0.6148978919894956,0.21585217390115086,0.25523172758830626,0.0,0.0,0.1025755503401473,0,0.5827352839595868,1,0.5827352839595868,0.0,8.569199582021692,0.953094148467403,0.0
0,0.4736040698641498,0.9514895261505205,0.03454966038488316,0.6831831322048061,0.10732054997368223,0.2893071280730932,1,2.805578222803561,1,0.2655562989785878,2.5400219238249733,0.1797839758566691,0.14291904245639386,0.38768573340417234
1,0.1374689097069065,0.16410398385264224,0.6043037171240383,0.0,0.03557481404484508,0.23686574459985882,1,1.929538474658665,0,1.929538474658665,0.0,8.516639653401102,0.9998407260249231,0.0
0,0.6519119966426119,0.9354321901646637,0.9684706205523338,0.20813846266974112,0.14919006623840936,0.18365837369428573,0,0.5773158149977835,3,0.3255354705957386,0.2517803444020449,0.5504835786542381,0.14200979100250222,0.11966134375741382
1,0.11294013605743214,0.032715292537968566,0.9063209815466954,0.6134825554323007,0.8762553784398355,0.24171098975285482,0,1.0841594753565,3,0.8672492245771409,0.2169102507793591,0.12986643064632092,0.9999999670900072,0.014293931608951564
0,0.21121038449920626,0.2249680313228829,0.65884155339293,0.0,0.0,0.2334080286685637,0,1.123156600902194,2,1.123156600902194,0.0,2.7411773070529426,0.7309976891800783,0.0
1,0.6968081428847546,0.7002850228835048,0.9041015582600118,0.0,0.4341364993412845,0.15922301790258978,0,1.4895728385748057,1,1.4895728385748057,0.0,159.22301790258976,0.9999995483996466,0.0
0,0.9653587921553661,0.2269963445057026,0.82664840849375,0.1751271090844002,0.2190263548781417,0.061185250364182917,1,2.830177084668839,0,2.830177084668839,0.0,12.692639192322092,0.10551816626579735,2.0120800049993868
1,0.6960245447168881,0.40729700457436313,0.2714826073750266,0.6875688113902337,0.0,0.16570425109018017,0,1.8327691492401808,2,0.1428729945812019,1.6898961546589788,7.769213255250527,0.9295436494949985,17.097744777401115
0,0.6012721381446283,0.3709207908535689,0.5580964703683392,0.21091860126701922,0.4358488266645645,0.062077124846274964,1,1.2210970332485158,2,0.9841731925008441,0.2369238407476717,2.088098214015846,0.403426652069544,0.2967867981503351
1,0.7437636302118457,0.08751797773898773,0.6708313614884321,0.0,0.20418582545572062,0.2579425654211637,0,1.8811736828891958,1,1.8811736828891958,0.0,61.93562268587006,0.9999692178507771,0.0
0,0.16514251339552855,0.14070606297065458,0.05315448953986257,0.0,0.0,0.1723875299302779,0,1.7575232148512658,1,1.7575232148512658,0.0,1.7104990983425306,0.8360248918012312,0.0
1,0.7246841962251415,0.38135662961358885,0.05166724572278503,0.6338374458441748,0.0,0.08259566859022445,0,0.03593876365842706,1,0.013158948823647248,0.022779814834779814,4.481582012845752,0.7006393755466274,7.7577416481383175
0,0.27400368958370547,0.9936436782226057,0.5319022884488559,0.0,0.0,0.24376254710106232,0,2.1676726954779584,1,2.1676726954779584,0.0,0.05045477149002009,0.20749311932066106,0.0
1,0.739464075315471,0.12031033890361742,0.10607641368842957,0.1996274182961596,0.0,0.2266177956474335,1,0.7826853672027765,0,0.7826853672027765,0.0,36.25925752796328,0.9319550802186657,9.043715558363896
0,0.046334867659462486,0.8616497818641572,0.4235028628923526,0.26251947193262637,0.04951345058776724,0.17468924363711835,0,0.9432258735550941,1,0.7214439804940135,0.22178189306108065,0.13806333806678428,0.3370183756252172,0.04615116381442736
1,0.14494281546128485,0.7591980338406541,0.4742743611280874,0.0,0.19590833162825694,0.080324618868191,0,1.7682395470817023,1,1.7682395470817023,0.0,1.7055002169461664,0.9836348659822229,0.0
0,0.40013695703046726,0.729748524338036,0.8996185360925388,0.23540930040002683,0.8716953901422473,0.11900376108659186,1,2.608133929911663,3,2.5577436205188704,0.05039030939279243,1.0076744764198702,0.24592910806402546,0.0318968453629947
1,0.9504982469328429,0.28916978310438723,0.9949895588944464,0.5397154151030115,0.400476873309633,0.12006407886008691,1,1.4683068206481318,0,1.4683068206481318,0.0,101.86174872222833,0.9999999999282433,53.98483179718906
0,0.38458036536651374,0.9476306890517849,0.3820391889632324,0.0,0.0,0.18248810565413934,1,1.922072954414442,2,1.922072954414442,0.0,0.3254384788649769,0.1604775917396143,0.0
1,0.8281200376845037,0.42146019693450454,0.8752395710508801,0.3389654620279786,0.270421764853337,0.1371630835299057,1,1.373045577696697,3,0.5995789789297941,0.7734665987669029,101.75701015767469,0.9999998941824674,40.55755376400529
0,0.2250281592401805,0.35848975864733224,0.2959359604166901,0.5988142867580347,0.9152207020439157,0.030611451005491706,0,2.0363328666234652,1,1.9867041324342571,0.0496287341892081,0.31669123400478366,0.5810283931184469,0.0179544867847524
1,0.271170779368772,0.3753967224848168,0.6327369608224199,0.0,0.0,0.2589675477001832,1,1.1587696151774582,2,1.1587696151774582,0.0,54.842895319157094,0.9998297940403422,0.0
0,0.9387874532267197,0.360442329580706,0.018285736897778015,0.12785180699374554,0.0,0.2892900504264936,0,2.5759542530951935,1,2.4865284809919483,0.0894257721032452,29.361637190887926,0.09797249199754743,4.304243706806446
1,0.9972533333525907,0.2074363249181922,0.8864320573476661,0.6163320635549069,0.0,0.2274401656912806,1,0.30507962612403233,3,0.017184687597443498,0.2878949385265888,87.26454593607735,0.9999999692880928,140.1835612595205
0,0.4745644939886082,0.8909421903584738,0.4688418726319925,0.6622448000447246,0.5212104456806076,0.0298010048941697,1,1.9082501767466118,1,1.2653308174972044,0.6429193592494074,0.058319592729941576,0.1613185714410187,0.09560521858678493
1,0.9819265026336781,0.6859320481777885,0.6792049119823522,0.0,0.0,0.23914522623290918,1,1.0940785994565403,2,1.0940785994565403,0.0,239.14522623290915,0.999945208188323,0.0
0,0.7193085461724612,0.5490972814877155,0.07977311870192305,0.0,0.0,0.14916478801904964,0,2.521324290274441,1,2.521324290274441,0.0,4.350688857304622,0.2071185436779851,0.0
1,0.23074745941068953,0.23478441578686982,0.21632458170794655,0.0,0.0,0.02599956549187107,1,1.4246074423967385,0,1.4246074423967385,0.0,0.8259404670049887,0.9202517204556858,0.0
0,0.6769682681838585,0.8046564832738609,0.9959087428407168,0.19687534408352803,0.0,0.16663238365906557,1,0.859855836770171,0,0.859855836770171,0.0,1.4746327795754328,0.14032054342140798,0.3614866431220074
1,0.6824416298560921,0.12219033477048324,0.7559489332145022,0.14064795048843703,0.0,0.1651705152512281,0,3.1088306171613316,2,3.0947586273998873,0.014071989761444303,45.22049043090979,0.9999938280847963,7.40112192995225
0,0.32715395833612015,0.6669254829233727,0.5570957329076175,0.6650909469940897,0.0,0.09844325688753047,0,1.635247344397923,2,0.15905090385869464,1.4761964405392283,0.27410640054443003,0.31466235532003906,0.544343856575352
1,0.37618056805766,0.6876845863594679,0.056020042428001626,0.5172064860662962,0.9675974383139527,0.062170596136787944,0,2.3282015611204505,1,2.31564022497536,0.012561336145090696,2.4324475014133995,0.4050043940567093,0.04186480987448802
0,0.7751092966701847,0.221822278396829,0.42077517030387135,0.0,0.9486561519403519,0.2375096484525861,0,2.6208149336453865,3,2.6208149336453865,0.0,21.660715534101538,0.441010417538948,0.0
1,0.8552653583943413,0.9328219579262551,0.8980647390845389,0.012003576836522867,0.012600652869200868,0.03999356932846052,1,2.996747042821648,2,2.9932218590107915,0.003525183810856536,40.47363181721517,0.9999999025580697,0.48546051795659856
0,0.4030366487742958,0.8315163946135911,0.9944781246139859,0.12762728171648852,0.05692232030130773,0.230206666058633,1,1.3255475212655623,2,1.076693633152606,0.24885388811295628,1.1732299091769716,0.19960629333294688,0.16124938514489612
1,0.025601042658854767,0.8356790313940401,0.040159293579426825,0.20847063152332945,0.0,0.23166273327319695,1,2.2810753540611,1,2.0444994732208315,0.23657588084026848,0.4951133979447012,0.21963279884542986,0.13040148206229898
0,0.5536039680877742,0.5698308465656495,0.8407602856815988,0.05595159806752403,0.2663075124442239,0.2814709190959009,1,3.083180887856338,0,3.083180887856338,0.0,5.6098937583455095,0.27345775898701574,0.24015209221045655
1,0.22280234351312966,0.5549408158241341,0.8554788532446292,0.18720641064317511,0.8544195877841381,0.1899695172487508,0,0.7054290427991016,0,0.7054290427991016,0.0,5.4326148441136715,0.9999973429752643,0.1523519007940266
0,0.26609571585905534,0.3051951714200899,0.8652466050264789,0.0,0.7917465907811063,0.2102811211833615,1,2.02282418301441,2,2.02282418301441,0.0,2.8617595455498197,0.6255804184068281,0.0
1,0.26779705283111,0.4678831406206033,0.946205732431739,0.4795775178918483,0.0,0.12017502835659694,0,0.8175725525708925,1,0.426478017937612,0.3910945346332805,1.1777617925844688,0.9999999175157873,1.0853260506108067
0,0.4542668725021365,0.19006881901437533,0.6100694425170405,0.0,0.3654064820062449,0.1786064106817145,0,2.7517891961197383,0,2.7517891961197383,0.0,6.237905628840406,0.6992939282435535,0.0
1,0.9258727787440817,0.9951988227440365,0.9225143924862096,0.6573930610910638,0.0,0.08705673145183836,1,2.107207125863551,3,0.06358326728321799,2.043623858580333,29.839824214285226,0.9999999633259042,57.25655599713995
0,0.9750950894048819,0.8248782140839662,0.6188073389293595,0.1049467114704179,0.0,0.19778194698307655,1,1.7175032069804734,2,1.4829642558808782,0.23453895109959522,2.666730981158194,0.0653888834225318,0.3126793124335677
1,0.6020465758303076,0.24625409314970326,0.7187105407562654,0.7185443471381027,0.8481973593160045,0.1644663151417919,1,0.8541621529797576,3,0.5990822839162008,0.25507986906355684,143.97462318460023,0.9999903656007053,24.130042698845198
0,0.12530715768404999,0.48396803229391827,0.28370823430329506,0.3891929198443086,0.0,0.20967073702745626,1,0.5969167725467157,1,0.3665321751787611,0.23038459736795464,0.5414929125505539,0.4825739031603691,0.34502744738458363
1,0.7401155561400993,0.8803841792813507,0.8086643757253567,0.0,0.0,0.27785513962729574,1,1.3437762522552477,2,1.3437762522552477,0.0,277.8551396272957,0.9999977667991224,0.0
0,0.9984025953434279,0.2707359651653115,0.9117156799557145,0.0,0.0,0.06387292414327901,0,2.7411165980865952,0,2.7411165980865952,0.0,10.262375690701107,0.004284391066140425,0.0
1,0.9198470479312436,0.10563038205750075,0.4240558368530386,0.5911818627145329,0.0,0.21887226853934383,1,0.8457357527078179,0,0.8457357527078179,0.0,83.86180460011768,0.9984412289795936,121.27049495233382
0,0.8372251186637216,0.859757198854827,0.3260027266676788,0.040915851948092885,0.0,0.16105670037711978,0,2.2672228057111083,3,2.1636776452740967,0.10354516043701167,1.593578500236596,0.1133901309676214,0.06798425572540648
1,0.16108144504042765,0.6436150120097868,0.41250326263610415,0.0,0.0,0.029478788694632448,1,0.36925255884987657,1,0.36925255884987657,0.0,2.292933320115705,0.9779878327149859,0.0
0,0.9098620223432075,0.10911349630839329,0.3018104668753576,0.29146619619775826,0.0,0.015921686570643485,0,2.043203832513721,3,0.8957949614886233,1.1474088710250978,3.150900036617075,0.42394845867353803,1.2961708295974042
1,0.875490923688842,0.9179839118662518,0.12873087072132516,0.0,0.630379026363144,0.17377044381659998,1,2.7881177924634133,2,2.7881177924634133,0.0,105.9010666585996,0.6297011792541776,0.0
0,0.07899362215549444,0.249852782447877,0.05265253625525468,0.0,0.0,0.09570858883184107,1,0.08169885282940058,2,0.08169885282940058,0.0,0.3617175892080398,0.7344091409547069,0.0
1,0.5398066300718074,0.6178390223651903,0.3609362445624926,0.3357733145099152,0.0,0.2309622347919462,1,1.8982730818389641,3,0.6451233720999616,1.2531497097390025,66.20339049149851,0.9657985117455872,33.466484172829105
0,0.103557970651036,0.9565074012907095,0.14724528275913462,0.03615850749614746,0.09166449226001283,0.01024954076369034,0,0.5536533693608989,3,0.5030659974764735,0.050587371884425414,0.007165736464917698,0.2810148079019589,0.0002434003679291514
1,0.5347010100421777,0.6833633691267549,0.544004774916014,0.0,0.6826715196824347,0.24344412167877605,1,0.5946332960327423,1,0.5946332960327423,0.0,243.444121678776,0.998285855313147,0.0
0,0.7639915046736253,0.5572283303538451,0.3161048936892574,0.0,0.011693352052418504,0.04404551179233563,0,0.17215204304110834,0,0.17215204304110834,0.0,1.3701653351953902,0.17966459628893983,0.0
1,0.3823916573196955,0.03552009898619479,0.9597007869473371,0.0,0.18153292364814488,0.19946510102669351,1,0.24718870829991288,1,0.24718870829991288,0.0,19.011975479902098,0.9999999996707539,0.0
0,0.8921431261065919,0.9487256543104183,0.6489745178040205,0.0,0.06946417908670777,0.22121775145654884,0,1.7272804766759429,1,1.7272804766759429,0.0,0.8248650155667536,0.10709046433614644,0.0
1,0.22911928056396647,0.9888680421327964,0.5109256601130043,0.48146993526294146,0.0,0.18575775159299432,1,1.0823609321604384,2,0.292451279524415,0.7899096526360234,47.874682403548405,0.9939517381478709,44.453006305929186
0,0.6536046730635433,0.8486728985969076,0.7049708943858245,0.9109868454915211,0.9277514128101132,0.13196750890360462,0,1.552935785946624,0,1.552935785946624,0.0,1.081770690434778,0.1546348996938448,0.07899662208629851
1,0.7807805725825034,0.3311834351339207,0.9029591494620424,0.5548583523701971,0.12359141348276215,0.0950986743004679,1,2.844227399106574,1,0.7899201134368052,2.054307285669769,45.815412855055904,0.9999999699283255,57.107809671985144
0,0.08644415467554867,0.8085222576109335,0.7743255311877338,0.8970539406976559,0.9680888933967899,0.05590403633226598,0,2.1625658748639642,1,2.1374548950929255,0.02511097977103871,0.1093042948740342,0.336656425572355,0.0033543251393915847
1,0.8357102899641705,0.3272422664117848,0.6673420945987552,0.8360127253304193,0.0,0.2558464826057828,1,2.5637517008294433,1,0.12751251920529239,2.436239181624151,42.00234368588275,0.9999602134245033,214.12938220878564
0,0.8109352647330946,0.6888982056505407,0.11612569388732852,0.0,0.0,0.27695789623676903,1,2.456664474125144,1,2.456664474125144,0.0,5.896944365942297,0.12074318826952413,0.0
1,0.6648187058602094,0.7114318297967274,0.6943466725369877,0.41353104893959547,0.7859086291196398,0.1081998649856721,0,0.06924952377383634,2,0.057534859048829906,0.01171466472500643,98.628768669428,0.9998413562419409,9.58555328928351
0,0.9626910955655649,0.5723023703341626,0.09427776351851158,0.7748406106923995,0.0,0.026516545369839658,0,2.445473002728932,2,0.0527858531059916,2.3926871496229403,0.2546091771079942,0.05224078955758271,0.8761861136900324
1,0.4942340500439266,0.19448676703020162,0.5654555364645197,0.0,0.0,0.28989114322961607,0,0.8977189958332928,0,0.8977189958332928,0.0,18.425937804292385,0.9993045480656377,0.0
0,0.9724313413710174,0.11599016281890862,0.5242113594182777,0.0,0.17078071781888726,0.007684698826779022,0,0.4864727899332158,1,0.4864727899332158,0.0,2.823886888843666,0.1736304469097768,0.0
1,0.10313527161337765,0.12834237993924835,0.2598349697784672,0.0,0.0,0.17136788372345949,0,0.4474561338059324,0,0.4474561338059324,0.0,0.7616007530476326,0.963938183541097,0.0
0,0.07780452186752596,0.9935493528902745,0.5150503630134382,0.8044067707493582,0.0,0.10111059012362414,1,3.087742953047112,1,0.017282137255786978,3.070460815791325,0.001549448224551842,0.23017427501002674,0.006372340430853557
1,0.0008000740546788565,0.3110938698022574,0.9880895672057829,0.5442051104438973,0.2739894473214858,0.08505210976265115,1,3.0169794709369637,2,0.9401856400918125,2.0767938308451512,0.0018812928886038334,0.9999999994728562,0.0022462059748345415
0,0.8031666511234524,0.05372442581696091,0.2553693528799339,0.0,0.0,0.015016850352525386,0,2.2998442476471976,1,2.2998442476471976,0.0,2.85346725821244,0.7761323834382274,0.0
1,0.8735184219016515,0.2589152088279515,0.26322861626527705,0.0,0.44522944214184623,0.23527857611009764,1,0.9292299932066542,0,0.9292299932066542,0.0,126.78139754358553,0.9669662996520277,0.0
0,0.0752290257053585,0.9032225303591063,0.07896640443196656,0.0,0.609558604314497,0.11610921425547578,1,0.6937666372770622,2,0.6937666372770622,0.0,0.1086153680716497,0.2669874822871783,0.0
1,0.6863768306904792,0.5083162000546438,0.8015707686610775,0.7932617503562029,0.0,0.118244319876622,0,2.0624275440746356,0,2.0624275440746356,0.0,33.99260411845745,0.9999922547228369,130.43078718443667
0,0.5664318396178999,0.8369138831328515,0.27124829174810217,0.6660445690655655,0.4663025203576887,0.13567238256512892,0,0.7667895111151322,1,0.4900522903283849,0.2767372207867473,0.6604046035923992,0.17786725624038335,0.41974255198053995
1,0.01767460241483032,0.3619358815635251,0.7986876514064114,0.8073153871190563,0.7514489990397681,0.20218676024103957,1,1.8947301712730829,0,1.8947301712730829,0.0,1.739207888604964,0.999997596430455,0.5123885388491899
0,0.5160957590913319,0.16701608810104518,0.03887317234151899,0.29386299009287287,0.8594136175983887,0.1992429261818608,1,0.32264152036857835,3,0.2847147304614438,0.03792678990713455,8.653345437828065,0.7070409907569655,0.3758322667180412
1,0.5061155759351573,0.8905972448903595,0.7040593967114999,0.0,0.7953326363252273,0.24072044938495368,0,2.6431541687541342,1,2.6431541687541342,0.0,212.41172332207972,0.9998182273361478,0.0
0,0.6731882675018731,0.4790855780857557,0.38471019954792507,0.282143847152877,0.0,0.15814393281896252,0,1.053046817579432,1,0.7745684726312608,0.27847834494817125,3.91457635218067,0.26218079615215617,1.538572355474596
1,0.6748527083882089,0.5245814869158283,0.5527976977800144,0.0,0.9576978020403262,0.12311823436685095,0,2.0825511987929617,1,2.0825511987929617,0.0,48.96693619529082,0.9979857851945787,0.0
0,0.49631196794801047,0.3297132456381111,0.14963384504267685,0.9008489143157135,0.8363794553114062,0.019026998644714375,0,2.222533898062252,2,1.771091655181813,0.451442242880439,0.06365517675613581,0.505920748672026,0.5783466361017126
1,0.7454463571833698,0.14078983271966883,0.3134309221114018,0.0,0.0,0.03342952734571397,0,0.5250552394713004,0,0.5250552394713004,0.0,4.4103397397216835,0.9849200325436729,0.0
0,0.4242820458291868,0.8179131788820015,0.3105003391438049,0.0,0.0,0.08191090809683088,1,1.7807249641804728,2,1.7807249641804728,0.0,0.5029172615771064,0.1997335190072259,0.0
1,0.40453965057340213,0.562699783361432,0.4900238530225013,0.0,0.32554837599535336,0.19789580152186512,0,1.2976444762819648,1,1.2976444762819648,0.0,16.91573510236876,0.9921662099332592,0.0
0,0.2934020400189765,0.9679901499965565,0.5683145610350859,0.7147177431622671,0.5366755245416664,0.22280098407523352,1,2.0938538882265805,0,2.0938538882265805,0.0,0.09301017008024004,0.17266199622771683,0.2330184133698122
1,0.06829884567063371,0.4310035412429022,0.25983726637866233,0.2486574498228531,0.0,0.23221651717928615,0,1.7730389249181917,1,1.4387781070448036,0.3342608178733881,0.8585695886478825,0.8772239871060794,0.2841443285200647
0,0.9357717209388007,0.44359580156963097,0.6856302961412841,0.0,0.768865713973204,0.16292486647826093,1,1.5605746410155996,1,1.5605746410155996,0.0,10.61846878298879,0.07455549182010324,0.0
1,0.8111045031585333,0.09961126310799817,0.413458502932727,0.9953246958220593,0.14753488700173678,0.16920848875390146,0,1.750163585234228,2,2.162671023028112e-05,1.750141958523998,0.14495874013573143,0.9970448407385872,30.86024105406892
0,0.6752166544964714,0.32179534926275455,0.4506615528044581,0.0,0.8268624942727512,0.19745906357368012,1,1.0168475589253594,1,1.0168475589253594,0.0,10.00877500520624,0.4063527547710667,0.0
1,0.1839986317528045,0.5653590514817828,0.35560754431349606,0.36897827974942365,0.0,0.06218738548508462,0,0.9620046094183293,2,0.39175909913036977,0.5702455102879596,0.692530130610454,0.9420308903198212,0.40494418506833574
0,0.8324622825700501,0.9806722303502838,0.08954869579281655,0.9021827091526439,0.0,0.20488376615271928,0,0.8693425630795415,2,0.007551378470536149,0.8617911846090054,0.026708502476911627,0.11530630323415081,0.24633629610159574
1,0.5666319066417562,0.7885782428226045,0.7278560567899662,0.0,0.07231987702255538,0.2573752004646463,0,1.814748666764448,0,1.814748666764448,0.0,257.37520046464624,0.9999126320546046,0.0
0,0.4154618240089014,0.11204546614245037,0.11765223103276479,0.6633263398824077,0.08104750723324894,0.04542412595731666,1,2.856365094727759,2,0.09117459613024184,2.765190498597517,0.5368853775126685,0.8224568904305902,1.0577905389969477
1,0.18549742069616715,0.47415108836429043,0.4825575236909555,0.926082930551123,0.0,0.20109090594116874,0,2.1891040216148903,3,0.0003717939808568953,2.1887322276340333,0.23790636000583598,0.9912486238643933,2.9806514342852153
0,0.2887991706635886,0.5652857800601864,0.5893098356417683,0.387050554400874,0.0,0.08357531574384056,1,2.0491750352399865,2,0.8745846969977199,1.1745903382422664,0.49773533807924203,0.37765331742035546,0.31429792445635224
1,0.24923249344043508,0.5532615324918359,0.4390015985984125,0.0,0.5627372957392315,0.06197893721421652,1,0.20803359257827084,3,0.20803359257827084,0.0,8.372275936731048,0.988238326748166,0.0
0,0.23713970591265832,0.17737598880868077,0.6323293906140888,0.8560944741739642,0.687994652221217,0.2957050654293617,0,1.0371387865234154,3,0.2832925515301635,0.7538462349932519,2.232180495603266,0.779636128820156,2.1112135228452167
1,0.6790899778627918,0.6586632774442018,0.9139787244327051,0.0,0.0,0.08459267988476585,0,0.8853273913663161,1,0.8853273913663161,0.0,84.59267988476584,0.9999996990301491,0.0
0,0.31176244418160304,0.9432570537792001,0.5926045443706601,0.0,0.0,0.2654740477541151,1,0.12407390064640243,2,0.12407390064640243,0.0,0.4361618131101664,0.17759683782373814,0.0
1,0.8521583843409212,0.6748976975534815,0.3788112050687371,0.9690259704395299,0.0,0.13331910405797773,1,2.252374856938321,3,2.4296483055013672e-05,2.252350560455266,4.1294298701037775,0.9787264763591882,129.18967418905504
0,0.3452669434693917,0.9166849671665416,0.6308053119110395,0.0,0.0,0.08067357300705476,1,1.448046828155967,1,1.448046828155967,0.0,0.20474309397462967,0.1799465749988719,0.0
1,0.6886352895030976,0.2426850980947619,0.011957131171087099,0.5667205185009765,0.0,0.15245240897849655,0,0.6145167358027087,3,0.049685269516746566,0.5648314662859621,8.574524488882865,0.7688701318156366,11.215299066152452
0,0.9910697944248111,0.20044765807990295,0.7985703029111592,0.7770543309965745,0.8267558530189818,0.10265616466843107,0,1.651067848428837,1,1.4831719276806277,0.16789592074820936,22.55159036184964,0.034395884181735226,4.963642946952468
1,0.161235531205716,0.6651184723519291,0.45691561068135633,0.3725185584955245,0.6129510738101799,0.05209435060242048,0,1.638732656133788,1,1.465676713976052,0.173055942157736,0.9815335849248547,0.9816427649569781,0.18471795742589672
0,0.4819886164542685,0.8911859660699716,0.5641923467190866,0.0,0.7904105512259646,0.05726720186437567,1,1.8891305665834048,0,1.8891305665834048,0.0,0.24501618051645316,0.1597145705714813,0.0
1,0.4540842454070221,0.5064788222214452,0.8641723837407586,0.05187620773370627,0.9637691075802138,0.27189329982737404,1,0.3423504586950563,3,0.3404606797338821,0.0018897789611742044,271.411457119666,0.9999997467759425,0.5111273714752698
0,0.6703725301514578,0.9225662648722501,0.1918332618638412,0.11791653229968169,0.28400799545907385,0.22096114250563034,0,1.8351318408191977,3,1.5574167844749665,0.2777150563442312,0.9705060769952537,0.1404739137997003,0.09215507780705923
1,0.07748842248671584,0.41406693984182286,0.07252540932775109,0.082058523301478,0.28603507816009177,0.012878182907780176,1,0.1848247857430658,3,0.15432437854067546,0.030500407202390334,0.07733806822113377,0.6501464253818312,0.004814574462907128
0,0.2918838806030072,0.5869964301703605,0.15882323494605877,0.7653436156373514,0.0,0.22881356022263086,0,0.9572639300748047,1,0.20993164104133588,0.7473322890334688,0.4675522695554138,0.3698169429065553,1.5249452745678154
1,0.12503430102082447,0.944213852795706,0.05070069370485353,0.0,0.0,0.23133930949852016,0,0.10117339522282387,1,0.10117339522282387,0.0,2.216470707759753,0.14329229484079353,0.0
0,0.3456430802312631,0.4447119866346527,0.5387539257733208,0.0,0.6765001417258248,0.10918272448683665,0,1.7312375029267904,3,1.7312375029267904,0.0,1.5559768950094157,0.44966056186306,0.0
1,0.4145627070034692,0.9214698291174471,0.7641117539478058,0.0,0.0,0.1570053756974535,0,2.735365574405027,1,2.735365574405027,0.0,101.88562609675792,0.9999526614934371,0.0
0,0.9214699968564236,0.6211354037093415,0.15061630959161154,0.0,0.0,0.2809532664028901,0,1.8138927095265345,0,1.8138927095265345,0.0,9.331618239849739,0.08185986339300999,0.0
1,0.40849957558265215,0.35270604492306246,0.5816861066316831,0.0,0.8548608714723344,0.12518236313646364,0,1.4744143056231498,2,1.4744143056231498,0.0,7.573487510079069,0.998996218238854,0.0
0,0.25073627362756323,0.47838385036589826,0.5476178138914015,0.12849697989202646,0.8236291418855918,0.09239099027707669,1,1.0887603425782542,3,1.0282077295077539,0.060552613070500305,0.8249192197321847,0.4496349570744752,0.019424657233292005
1,0.41957360328509874,0.5440490928239307,0.8657265820871957,0.0,0.8247386391340609,0.2269390137473397,1,1.5308786864506676,0,1.5308786864506676,0.0,226.93901374733971,0.9999997348276171,0.0
0,0.948778455407427,0.04512898611010341,0.5551171132460303,0.0,0.3123662667048611,0.03607155813206905,0,1.3326781035226072,1,1.3326781035226072,0.0,20.850567782972178,0.5201032760042013,0.0
1,0.9288084740427583,0.14609167205318774,0.28081354919850143,0.0,0.0,0.2173372583382639,0,1.0978629811470377,1,1.0978629811470377,0.0,60.3512295498664,0.9829374942524661,0.0
0,0.28635082383035304,0.005641887593812234,0.2914614650226913,0.28224351171935225,0.0,0.11602842904043094,1,0.13696509036819787,1,0.0983454146713198,0.038619675696878075,1.9910986271227673,0.9921121686626861,0.782960067759046
1,0.20937418544882613,0.8801699771157139,0.12502608970981455,0.2243773132218574,0.0,0.007482946153947466,0,0.3686509548536858,0,0.3686509548536858,0.0,0.12090505903170971,0.40518177222791185,0.034976223314397224
0,0.33824764271691765,0.5875568298516483,0.19426220208471567,0.7127902190240545,0.0,0.04272973644142021,0,1.195199623320848,2,0.09019995270480702,1.104999670616041,0.12532393966441888,0.3532164075058748,0.3110258922896504
1,0.0327732222003565,0.3372202367564391,0.6160624412183696,0.26607961984842377,0.15382982436101722,0.11143636383576751,0,2.5436122138406945,1,2.330118920091314,0.21349329374938053,0.14623830065113363,0.9993225560241593,0.04362268537137272
0,0.18539516861850003,0.4201471419676579,0.5282937777610657,0.30484843786214044,0.0,0.22031992974394565,1,1.7718057753396326,0,1.7718057753396326,0.0,1.5787417662877972,0.5292458878912201,0.6923338555989701
1,0.7998736025896628,0.1996571412337962,0.3341109003086419,0.98958262371596,0.0,0.06701416090541555,0,0.20618286138159841,2,2.222197605058346e-05,0.20616063940554782,0.12900777419314627,0.983988221250025,12.254894916428942
0,0.20501053284384008,0.0481314894538617,0.45124987939216676,0.016000792832585375,0.5580204117031063,0.10482676517178924,1,2.1458275337658557,2,2.1338036190995466,0.012023914666309032,1.530750387709721,0.9401987015426285,0.010904870269586574
1,0.9487432967959932,0.29828695907030756,0.35551286343922306,0.7536483786646789,0.0,0.27972288779650406,0,2.5557919871307857,3,0.014715126033982583,2.541076861096803,29.07278911914228,0.9846126044622173,88.94059744416312
0,0.08923353298223713,0.303721081994749,0.6736497712551697,0.06981356461318344,0.6455230336694399,0.20206152160094012,0,0.5178476321953593,2,0.49352837801914007,0.024319254176219274,0.7855325584531949,0.6761581622459456,0.019957339955757866
1,0.20970808981391698,0.32290162646055065,0.18253622889187482,0.21025169677916788,0.8896300181531139,0.13409156044381218,1,0.8085496836805299,1,0.7916260403624865,0.016923643318043413,3.638193835000774,0.8550720356233605,0.08683488488287028
0,0.7651228614055733,0.4732461150610202,0.49682466779539447,0.18661781392637133,0.0,0.04741907020080126,0,1.2979338956876016,1,1.0927808857655634,0.20515300992203822,1.7093398832072533,0.20725119121181235,0.3921812866361702
1,0.3736225522405703,0.1497360241423945,0.7080819104761733,0.013781716807254152,0.09703329976877151,0.18774279704582056,1,2.1551259159909426,3,2.123157907045225,0.031968008945717497,44.30619249773714,0.999990536190716,0.5583688132851358
0,0.9734537037091124,0.044583614283355444,0.4115906331284356,0.0,0.0,0.06190739539715486,0,1.6934122473707705,0,1.6934122473707705,0.0,49.3897152697461,0.3626029851461131,0.0
1,0.38731779510803077,0.1877429541368436,0.14990518722176027,0.0,0.0,0.03586161498607712,0,2.5998224618783157,0,2.5998224618783157,0.0,1.1680129911143728,0.8953195056419113,0.0
0,0.0789065819355903,0.7453526626537904,0.04050246916276756,0.8855058738251642,0.44392236617821523,0.23992385492604357,1,0.899705726444907,0,0.899705726444907,0.0,0.22079923298374196,0.340408020041885,0.25715323477002944
1,0.4136508688495867,0.08787262869733636,0.14429289621859465,0.3559366795644756,0.0,0.042578270543487916,1,2.7247267230435552,2,1.7219425035499116,1.0027842194936436,2.234312136664939,0.9523274044588613,1.2347755535858684
0,0.0006115016014552888,0.8010342094775524,0.2850339694419942,0.5219109176382303,0.37977479234403044,0.22457717009933026,1,0.7235833646701019,1,0.4904582887409131,0.2331250759291888,0.002588331099531428,0.3446675066402429,0.0013286218917305385
1,0.21861239469062066,0.8403239474873192,0.1473558705205149,0.08066675557191683,0.0,0.20375711779179898,0,1.0173884042122296,3,0.8146751441257367,0.20271326008649293,4.272484955720162,0.49605936711140686,0.37488854199129423
0,0.19681315542080713,0.8811605292583679,0.9209555727388473,0.616838481102733,0.0,0.04071144558048004,1,2.3635263362768724,1,0.6636585122326946,1.6998678240441778,0.03694217819182376,0.23392516624585658,0.05947193536045253
1,0.281304474820116,0.7477356864000603,0.4592703270756666,0.22612815076156834,0.0,0.2385925289375122,0,2.440464422590268,1,2.2023873645809418,0.23807705800932633,16.115374280344195,0.9816766541258205,4.708970598208186
0,0.9005387162447285,0.03847196219531368,0.5386333921714134,0.9052653559381687,0.0,0.10104095355189056,1,0.514078603701871,1,0.047126693504105255,0.4669519101977657,3.708621330984317,0.7131243955620511,35.43884544541248
1,0.4200097549135978,0.25879079627219215,0.6914084951572368,0.0,0.578891965413532,0.2213124490302084,0,1.0776116916724505,0,1.0776116916724505,0.0,12.35330693918411,0.9999241137641344,0.0
0,0.29430201153108226,0.5556073870033128,0.7070036726457204,0.6771763633750659,0.0,0.2114634390932723,1,1.6932787658979382,0,1.6932787658979382,0.0,0.8829002897607433,0.38212880864387855,1.8520304575392836
1,0.8669424627226328,0.5337533967051766,0.4359374290348015,0.0,0.0,0.25379730344967144,0,2.0875778728316536,0,2.0875778728316536,0.0,154.52301358871074,0.9890893232705369,0.0
0,0.22452048753942666,0.1292753102643598,0.30883383126301023,0.0,0.636592047063618,0.28038151123460336,1,2.691165634550906,0,2.691165634550906,0.0,4.087982217412436,0.8393106373144621,0.0
1,0.25832882805876023,0.79955461718937,0.508030373048701,0.0,0.0,0.12146494965581914,1,0.3502134792627651,2,0.3502134792627651,0.0,44.04527812609098,0.9949494411374179,0.0
0,0.8520757095314604,0.889612645631764,0.7155473090653591,0.0,0.0,0.19207307542659496,0,2.6052836997467637,2,2.6052836997467637,0.0,1.4828878813480109,0.11066935301889302,0.0
1,0.5047609318496687,0.3704271805626923,0.4521815067029531,0.0,0.6224791182727346,0.030701998259318193,0,2.9933049475659916,3,2.9933049475659916,0.0,2.6499031883832758,0.9915196261984678,0.0
0,0.8395636931544632,0.7135625147964327,0.11282482306924557,0.8897150696227821,0.2100137209532683,0.21129604055974335,0,1.8782239255353994,1,0.12213699760525043,1.756086927930149,0.4808337380796028,0.11756007071057872,3.8790886596130116
1,0.13311941408427275,0.6005285236329287,0.5212132775459097,0.33304793550968304,0.0,0.1047489246553975,0,1.4039278189234088,2,0.6642465040493541,0.7396813148740546,0.9953549539110478,0.9938018731738453,0.49703858815212204
0,0.7706100213781842,0.975688314226985,0.5885671063261859,0.0,0.7651484721630988,0.15989124027151222,0,2.820325372895573,1,2.820325372895573,0.0,0.25224687611344143,0.1221871540085181,0.0
1,0.4010748453742694,0.20894146423007387,0.8757270970654263,0.7037763528430906,0.2302133172363362,0.17706030696896008,0,2.56196101816585,3,0.029815819561138185,2.5321451986047117,1.9034703183227053,0.9999995526349142,4.52231755037651
0,0.8620377035005007,0.4128357674663309,0.16920753456593918,0.4617949313894739,0.0,0.18004567740819535,1,1.3394560083675118,0,1.3394560083675118,0.0,7.587086866342545,0.16403318837581737,6.509931740208272
1,0.20428331047735793,0.18672071922100464,0.304047252125929,0.0,0.0,0.25458240031635027,0,1.6004859735429042,0,1.6004859735429042,0.0,2.792825954020919,0.9668986365760421,0.0
0,0.5018458954701965,0.0620840410964133,0.8055290452749237,0.5915967736380696,0.07100439891304666,0.16920341308078463,0,1.2539409550711,3,0.09845624170790593,1.155484713363194,3.8245855930851675,0.88270775920704,5.213947911635834
1,0.835378865565838,0.04813599504835875,0.9413446100315354,0.8405525952475091,0.15711110685242968,0.1142061794217981,0,0.8537547184990202,2,0.05436910480509016,0.79938561369393,15.50863461043891,0.9999999933490801,47.136470069759135
0,0.1271429505907672,0.6840741989946675,0.1281315372876899,0.0,0.8104035272334525,0.21619294494106683,0,1.4249333066702254,1,1.4249333066702254,0.0,0.7067172966774101,0.37445135370231974,0.0
1,0.6925418768246416,0.585775891403059,0.6093535954099476,0.4452557509289913,0.8192778644663802,0.2888522950744797,1,2.456369171034338,0,2.456369171034338,0.0,309.48974543358906,0.9996825620991422,27.322824514526342
0,0.6241209498013278,0.80612287010116,0.5205436198395983,0.0,0.0,0.1221412980701107,0,1.7274179241944154,2,1.7274179241944154,0.0,1.2173496091431402,0.17041360517477133,0.0
1,0.34283531129391975,0.48740911750972327,0.9278216290551354,0.26692921270281467,0.17365262731790765,0.04495996024849914,1,0.19922585560087425,1,0.15539938370625841,0.04382647189461583,29.433388207815923,0.9999999776754159,8.336464672036225
0,0.21116273654341566,0.7138514665900509,0.39638344333424635,0.0,0.0,0.06795040892889397,0,2.1304381950660916,0,2.1304381950660916,0.0,0.3337814449389236,0.3306784419802067,0.0
1,0.10867690148290199,0.25274927810491854,0.5413649342632512,0.0,0.921697345265853,0.013707125882490144,0,3.033859106289309,1,3.033859106289309,0.0,0.05694178841861471,0.9981104267692703,0.0
0,0.6239715233587022,0.7050522187198848,0.8189458488791926,0.0,0.6227337704626489,0.0238757023428159,1,1.3610582037606767,2,1.3610582037606767,0.0,0.3473491844335714,0.18517177563063536,0.0
1,0.6238804739642312,0.1691954660417888,0.8036166815770233,0.0,0.9053806183342477,0.05310145118257456,1,0.48960807206326373,1,0.48960807206326373,0.0,53.10145118257456,0.9999994489563526,0.0
0,0.950087768325729,0.6299996264649016,0.23881015925936577,0.4906207530732921,0.0,0.2443536337617014,1,1.089382920596129,0,1.089382920596129,0.0,4.850981605267292,0.05897532449397047,4.672338464278604
1,0.44273561108384707,0.13340004891220203,0.6001470158060461,0.0,0.6415768319866965,0.24647259303116303,1,0.14122409875944772,1,0.14122409875944772,0.0,59.575562718027626,0.9998898790392264,0.0
0,0.8202702643339878,0.6542646993246044,0.8678227963136366,0.9462100613258967,0.8235654689273955,0.16060947615396823,0,2.8169634696409496,1,2.7364511679141836,0.08051230172676593,5.002904739950051,0.1311419986924136,1.104596268285401
1,0.1411643662490223,0.7145046754541603,0.13494148360082936,0.0,0.0,0.21757787385393237,1,2.479295146369025,2,2.479295146369025,0.0,4.118876059921911,0.5527037225285354,0.0
0,0.20638023075247602,0.1390344895345691,0.4803373882715787,0.3777180430887055,0.0,0.036768357001159914,0,1.4233666186743963,3,0.36303956966352513,1.0603270490108712,0.3012911813224283,0.8309228182709592,0.18288030714220826
1,0.15705063553102117,0.6600878331073006,0.22289682470370376,0.2697844938898398,0.0,0.12026863718357048,1,1.3328870564574622,1,1.0138750952754354,0.3190119611820268,3.0550295572768436,0.7819737292935282,1.1287073419173546
0,0.61077936446944,0.6065672434043424,0.3459870523453912,0.946170248810539,0.30006772238622126,0.08459494496561583,1,1.501299207194805,0,1.501299207194805,0.0,0.19397493327561752,0.23036438539327997,1.6252949257240021
1,0.04360863607805732,0.8306721047645999,0.6047784130090048,0.0,0.0,0.18901517580564384,0,1.5622716872530213,2,1.5622716872530213,0.0,1.2227800139672131,0.9979410518115805,0.0
0,0.49699060024118547,0.38804662585824823,0.3311999453657358,0.0,0.0,0.017711492508871954,1,1.240091663202396,0,1.240091663202396,0.0,0.4644596302179502,0.44235352039032994,0.0
1,0.4448931152914628,0.1718763879817583,0.5485832855045465,0.0,0.0,0.13783176961734295,1,0.28673949510456803,0,0.28673949510456803,0.0,31.914246224945725,0.9995761065088413,0.0
0,0.768066538794349,0.8424071877656196,0.1358283893421508,0.0,0.0,0.24055124617516987,1,2.847378583424705,2,2.847378583424705,0.0,2.2860050383619543,0.1121485422333306,0.0
1,0.6161464647895352,0.6489636809602422,0.5537469657042955,0.9246535569235319,0.0,0.1422442445115357,0,0.9479001006751572,3,0.00035800881516190666,0.9475420918599953,4.397158672844981,0.9974188518849523,53.96204838862656
0,0.5159594191076934,0.6695076287726716,0.36217151299406625,0.28601756407643264,0.47605731339147694,0.19312167050606582,1,1.5643795092680532,1,1.387237542185634,0.17714196708241925,2.414705924839517,0.23738006391218036,0.4541449432276396
1,0.6310256469974497,0.010936317685924513,0.5573790221412466,0.5608320847157556,0.0,0.03649272451716293,0,0.26009565456971706,3,0.02200957229373998,0.23808608227597708,1.2938453297784969,0.9999597740900076,1.6522836672386831
0,0.21445047710410692,0.3074414917795829,0.950046879386909,0.0,0.9646680879966331,0.1560059259655592,1,2.7672594252643283,0,2.7672594252643283,0.0,1.6326802021692521,0.6389330199740368,0.0
1,0.1772135227096766,0.7662439209683628,0.8868504541363598,0.0,0.04726133595844506,0.008064828038111645,1,2.8790207213260395,2,2.8790207213260395,0.0,6.724755108100541,0.9999997831311734,0.0
0,0.10225206188465696,0.1471086849624903,0.2956847953058538,0.7698668201411857,0.9412888734148969,0.19638778017520922,0,1.840472171973124,1,1.7934250768497533,0.0470470951233708,1.1372058187684564,0.838836240400219,0.058137790832299335
1,0.9278082598834749,0.4143365018349059,0.7602635107788442,0.0,0.8773521632764661,0.06669092577697774,1,0.6354954892818026,1,0.6354954892818026,0.0,66.69092577697774,0.9999960882053117,0.0
0,0.3047734229465926,0.41545653361299373,0.6740337704079157,0.9611342807163101,0.7729711587065167,0.26487658769855726,0,1.1996597741593096,2,0.6357336018644552,0.5639261722948544,1.8782688497700157,0.4944841413353197,1.7482325200450923
1,0.6524647735032856,0.05595038454904322,0.5389364029922504,0.0,0.5700190410838739,0.14075634603928266,0,0.4237086307696781,2,0.4237086307696781,0.0,13.926101198039465,0.9997202522657618,0.0
0,0.37797181407681013,0.802522145484552,0.6873114590155442,0.0,0.38629262093794403,0.1844591016353523,1,1.3201196624356641,2,1.3201196624356641,0.0,1.0931258837719309,0.21849625942278905,0.0
1,0.5467721095843978,0.4638630758486607,0.33133208551554005,0.0,0.0,0.24818299716914216,0,0.9400729716786811,0,0.9400729716786811,0.0,24.482227617086807,0.9508580203083228,0.0
0,0.9775744692007968,0.07186270820433871,0.44939148069658097,0.0,0.0,0.03312153504169804,1,0.5240802426174032,2,0.5240802426174032,0.0,19.45598910364226,0.22458693499525095,0.0
1,0.8845045881392626,0.8086698938608363,0.5565668128577843,0.0,0.0,0.2795094887003162,1,1.1590230919713544,2,1.1590230919713544,0.0,279.50948870031624,0.9988584851842837,0.0
0,0.20163422157779187,0.27317443182602485,0.999709608499136,0.6175979760925894,0.0,0.14632923614600932,1,1.4673075521588859,0,1.4673075521588859,0.0,0.7593434883323937,0.6799163834778088,1.226376881485132
1,0.35481126974328725,0.1546082485797171,0.3506915574857118,0.0,0.713362568244256,0.05261118712816112,0,0.12207835411584658,0,0.12207835411584658,0.0,1.2955479257794635,0.9848914200663803,0.0
0,0.29988696218933597,0.9134958113242136,0.46424294451997283,0.0,0.0,0.19406661552771987,0,1.2831393830710358,3,1.2831393830710358,0.0,0.5142948603696555,0.22338803978245525,0.0
1,0.8402606926552486,0.17957398970383953,0.149292259869657,0.16796066898099693,0.0,0.27314967453790057,0,2.8590654546519696,3,2.5992813683117943,0.25978408634017525,67.42577341595276,0.9299429297668614,13.610988792602992
0,0.491106837090727,0.6038160120372946,0.42125589273373254,0.0,0.0,0.01861427339541814,0,0.3296987453910335,0,0.3296987453910335,0.0,0.2819847740889831,0.2875308335107948,0.0
1,0.5319691473766165,0.47981697175875426,0.7485633439791202,0.5771111860058303,0.0,0.10994258589297314,1,2.6412534609101135,1,0.7775960982380696,1.8636573626720438,50.14341609267226,0.9999913011909705,68.4301059143761
0,0.6055921096183944,0.1026746366730904,0.22295519659839635,0.2994843672232288,0.0,0.28327418666067855,0,1.6761787257165826,1,1.2573509889730388,0.4188277367435438,16.819715148399176,0.7751257206052092,7.190762793010314
1,0.7164629874569106,0.709497810287871,0.4652445255975608,0.12280327673119795,0.0,0.03481205601737683,0,0.16537419505801684,2,0.1273463270102544,0.03802786804776245,15.931052109925648,0.9889400639281256,2.230269845952028
0,0.5166569244994652,0.05979529911189074,0.3424262506638296,0.04452707148609014,0.3152109978859847,0.09794613222639054,0,0.4321336443283478,2,0.40687913830073325,0.02525450602761453,5.395084982186683,0.8837202877081385,0.16973502418661093
1,0.4030650782480857,0.8048165110219073,0.7862713458181856,0.11283441439055752,0.5751320877742766,0.25426666325946323,0,0.7808949495356962,2,0.7135888078063379,0.06730614172935823,100.0487088143785,0.999976562607937,5.073088234489672
0,0.718335164965668,0.9184583990031701,0.8123638012214031,0.0,0.0,0.16058505558968916,1,0.22703247437578145,1,0.22703247437578145,0.0,0.736588575696911,0.11158313588484259,0.0
1,0.7932638318641868,0.31767259390572056,0.9391850039689462,0.0,0.107561259787184,0.22539493727917584,0,2.7758352396259833,3,2.7758352396259833,0.0,225.39493727917582,0.9999999504689854,0.0
0,0.4634107253954809,0.6702453458446234,0.9156512929957522,0.0,0.03640371807246001,0.26572426083534867,1,2.4646777410701532,0,2.4646777410701532,0.0,3.0827859263822806,0.25516960482559403,0.0
1,0.722287395995516,0.793029969444299,0.9353558553422678,0.0,0.0,0.26631819190790446,1,2.8787128557134327,2,2.8787128557134327,0.0,266.3181919079044,0.9999999809722669,0.0
0,0.45312366631931467,0.06072563823138022,0.7229469473087289,0.0,0.0,0.14833960308649816,0,1.738793392969988,2,1.738793392969988,0.0,6.594908474634586,0.8942785079005421,0.0
1,0.7223356360880148,0.329668430212274,0.20260043204494682,0.24145429384685013,0.5840334463857121,0.05382393072260927,1,1.9640036907796161,2,1.7411080604818143,0.2228956302978018,14.51833027568938,0.9080947152947729,1.7715213678744772
0,0.6151157550051082,0.4542079389372754,0.5043645957762523,0.0,0.0,0.2996840640768401,1,0.8031574086626326,3,0.8031574086626326,0.0,9.08764284277775,0.3162347805685011,0.0
1,0.43794972224206996,0.08876833889746438,0.6133953272573959,0.0,0.0,0.21670437254341304,1,3.1199136873838857,2,3.1199136873838857,0.0,46.470322331150946,0.9999453766180755,0.0
0,0.6207142395289333,0.2909977051805679,0.8942994869851885,0.0,0.0,0.07905628902821356,1,2.0026887799543682,1,2.0026887799543682,0.0,3.728267879236462,0.4802797372400158,0.0
1,0.4666384254255016,0.4286448407969915,0.006597956516892323,0.0,0.0,0.2579456633989928,1,1.9271035391605724,0,1.9271035391605724,0.0,13.843907546556489,0.5778121884572175,0.0
0,0.9433278689249865,0.8886180331894201,0.6236757436369029,0.8246823591100048,0.0,0.24753187658354764,1,2.9183291293833284,2,0.010394886480213146,2.9079342429031154,0.3533640099894712,0.07734690598668259,1.6622004716886327
1,0.27963087280815413,0.7042987984298451,0.6413199082033489,0.0,0.20429160965820048,0.20721262603356289,1,3.1013113965873966,2,3.1013113965873966,0.0,135.2019228900139,0.9997410817912676,0.0
0,0.28678719601574476,0.48940189091514175,0.6511470222374365,0.5257279840105992,0.0,0.1533893029340616,1,3.1010820402834556,3,0.07975183014808719,3.0213302101353685,0.7512713609481698,0.42817739860470927,0.8327802710691817
1,0.49650477585579555,0.5460155814405141,0.09896303847208665,0.0,0.0,0.017670714192340443,0,0.7307060601629605,3,0.7307060601629605,0.0,1.1094140914098485,0.6168813277129926,0.0
0,0.6193451547440435,0.2688113856725426,0.6857434447297396,0.7715861516157722,0.0,0.17600383133671998,1,1.5943101274178466,0,1.5943101274178466,0.0,2.4970613850362064,0.508698934966071,8.43511896523642
1,0.7045836815741185,0.645075799400771,0.6207812735794871,0.22570748087644743,0.5744670499410813,0.027429598108945272,1,1.87538796077676,0,1.87538796077676,0.0,28.183442191306355,0.9997333110472416,3.0192608351027412
0,0.1930983141554078,0.3783279284224118,0.2661126413777224,0.0,0.5703289081867108,0.022620731013492518,1,2.939491256413463,3,2.939491256413463,0.0,0.18515552850885708,0.5700604860995515,0.0
1,0.3567328982147189,0.22440423505902818,0.8707386262385168,0.7377451424535821,0.5744596185475016,0.20287783965137565,1,3.022116185157032,2,2.7072308978829818,0.3148852872740502,35.322258058172814,0.9999999033622233,99.36450575866493
0,0.387555911251121,0.10694097594938434,0.2808323494351682,0.0,0.5346050480818904,0.28651771327861153,0,2.0749506406548432,2,2.0749506406548432,0.0,9.099400103037201,0.8364541044432847,0.0
1,0.6615281570460292,0.883875025560309,0.2755231867350669,0.0,0.0,0.13250656881032155,1,1.736523611238298,2,1.736523611238298,0.0,78.1097277656784,0.8730779000134168,0.0
0,0.6082537662553135,0.416630306493437,0.30286853325657437,0.8178042319833873,0.0,0.07126701724798143,0,0.123523154802072,0,0.123523154802072,0.0,0.428973846609854,0.35422492322227217,1.9254927322776416
1,0.23762800523425676,0.1753811751602019,0.8205611213942376,0.17399877605635872,0.0,0.27310913774249435,1,2.2219372235510866,3,1.614926517868343,0.6070107056827436,31.91094636839952,0.9999995332356735,6.722103369765068
0,0.9554721367875889,0.2864775116505406,0.16426515396784458,0.0,0.0,0.20923481528560423,0,0.006538777308500762,2,0.006538777308500762,0.0,26.893272299900758,0.09983257588598826,0.0
1,0.5908326470729898,0.5719678894136784,0.38838450039523875,0.0,0.0,0.07741198905665397,1,0.8257591208720128,1,0.8257591208720128,0.0,41.62036617032848,0.9794978287830809,0.0
0,0.9945944375687126,0.6595051519667091,0.7860646275929164,0.18778424404099492,0.8878657547090703,0.12096342080623541,1,0.03898647309724083,2,0.03736224317033464,0.0016242299269061886,3.7572232466263538,0.03791315003461615,0.08081970062836347
1,0.7975901822521938,0.6655510025665539,0.5843024542225895,0.0,0.8716835561685935,0.03454050880744244,0,1.0933486315463243,1,1.0933486315463243,0.0,34.540508807442436,0.9987151980074088,0.0
0,0.6408164141647398,0.6607503165948571,0.27416269824954076,0.8221910833304172,0.0,0.1972394895970992,1,1.81049343509734,0,1.81049343509734,0.0,0.767870786556311,0.19536116902780143,3.5506459725510147
1,0.8047708081086946,0.87166151600056,0.26486124935795974,0.8937952422172302,0.3943674148362287,0.25842029609645484,1,0.8633778661629965,1,0.3522959234739401,0.5110819426890564,89.09792182335993,0.8797831915935312,153.10185624411764
0,0.2756450924311651,0.47526546542717973,0.7294596182570815,0.0,0.0,0.18548881214432322,0,1.7889451221627952,0,1.7889451221627952,0.0,1.8841003364172697,0.44436758458936865,0.0
1,0.5442745030454447,0.06878264562305059,0.4037954269719285,0.0,0.5792713630268569,0.1598760700724588,0,0.45463062581793,3,0.45463062581793,0.0,8.433517138239521,0.9969973970055503,0.0
0,0.7987806441483213,0.44674546237384694,0.6740880320755244,0.0,0.0,0.24458194393300364,1,1.3703467889885423,3,1.3703467889885423,0.0,11.620871991656736,0.19948272686361768,0.0
1,0.3909926599616833,0.6480141668357648,0.6642564169444743,0.0,0.9010041263509082,0.14955476082458333,1,2.27163444948996,3,2.27163444948996,0.0,149.55476082458333,0.999875844199959,0.0
0,0.30523303845364524,0.08722444254068884,0.1933400812004431,0.15320688832411156,0.0,0.10486102098913552,1,1.7986593169996423,2,1.4366516553056607,0.3620076616939816,2.3369611531054515,0.8790884921016009,0.42281702751811445
1,0.6140182368114092,0.5005500884727347,0.4848900907620223,0.3135249209277411,0.7832404088418919,0.2212556532396041,1,2.22180531813893,0,2.22180531813893,0.0,197.4767031403903,0.9963783073257957,14.503075148776432
0,0.34999395964160085,0.47187247406238064,0.08718244385710827,0.7495370032729498,0.0,0.2140645352133352,0,1.7556404379628,1,0.3366369357360095,1.4190035022267904,0.7377221853711939,0.4211279872015631,2.207711651209263
1,0.03754903499989626,0.9427668689441648,0.6682529123977821,0.0,0.0,0.23206521792853355,1,1.0535686633585857,1,1.0535686633585857,0.0,24.60091461797069,0.9997767466715693,0.0
0,0.6303312179475231,0.5270028478875672,0.9942631792404858,0.0,0.0,0.0591933927067702,0,1.9515661471684695,1,1.9515661471684695,0.0,1.521157421142841,0.2631923126970095,0.0
1,0.8494934719387177,0.003021987865735598,0.018639268039481238,0.0,0.0,0.03054555769904192,1,0.9405201783547493,2,0.9405201783547493,0.0,9.89965719581896,0.9973920336501481,0.0
0,0.949017049903055,0.6045232066347422,0.41773554156351467,0.0,0.0,0.014940557828918035,1,0.022162508151012273,3,0.022162508151012273,0.0,0.548344255743528,0.058352959648053315,0.0
1,0.32712794673071377,0.1858478277810428,0.9298664922656669,0.8636528754448949,0.9118839176137389,0.05656900178005621,1,2.2115763268612385,1,2.140154022746245,0.07142230411499328,10.96577547069677,0.9999999921098935,1.024338680660303
0,0.26698986810236747,0.131381173550302,0.6852592058206505,0.0,0.0,0.08490508553778987,1,0.015225753490489735,1,0.015225753490489735,0.0,1.538148384859239,0.8289502681968153,0.0
1,0.09009213414707606,0.478065742833358,0.3865444320273319,0.0,0.16299771416626863,0.05295167831341808,0,0.773060965088211,1,0.773060965088211,0.0,0.3127835190604656,0.9643191038744304,0.0
0,0.814134772882182,0.5938354076692982,0.9916641636843231,0.0,0.0332939761676907,0.0706743922596024,0,2.0481624993269385,3,2.0481624993269385,0.0,2.147299567205208,0.14331743512993478,0.0
1,0.39265724650249456,0.5798067954194727,0.22834194048952283,0.012534068804529896,0.2819206476336028,0.20517481618646163,1,0.5698649589490639,3,0.5553873314687149,0.014477627480348976,21.96839777019625,0.8361723298288192,0.19953599580182302
0,0.17967295259845428,0.3404762353522224,0.6856019483456508,0.0,0.2307481657628031,0.13230802787174015,1,2.8866748365992096,3,2.8866748365992096,0.0,1.0671552003444094,0.6137541829886769,0.0
1,0.9671736061861026,0.595399223338367,0.1477830541427071,0.0,0.0,0.21751382958844914,0,1.272581385546246,1,1.272581385546246,0.0,119.27023499102263,0.822590282633166,0.0
0,0.8618960561999721,0.3549683833719002,0.7843267364258147,0.8038797952179992,0.0,0.01360530340345132,0,0.9930689177568814,2,0.034902193974645584,0.9581667237822359,0.20046000939139155,0.20061130854068532,0.8216682798086669
1,0.2355982423699421,0.25043754297886267,0.241854085982807,0.4302001043454077,0.22446744911394012,0.2588819376788036,0,2.7889344658336435,3,1.1095230094059496,1.6794114564276938,2.6380925028741626,0.922522699781716,1.9917653173760381
0,0.1684950186100782,0.9501697988008236,0.07283656638466474,0.0,0.0,0.27040999138093286,0,1.8204150602907792,3,1.8204150602907792,0.0,0.2997807712586743,0.2551493321280751,0.0
1,0.15905677482347846,0.3615520072679399,0.160696136582549,0.18795835355318136,0.773063593688786,0.19448714880828216,0,0.7100887681612605,0,0.7100887681612605,0.0,1.9719333948417948,0.7956213389244498,0.08798329925843928
0,0.8886495643979101,0.7242452923523828,0.01746284602597037,0.19624603336909707,0.4057221284999354,0.03856315893188019,1,1.4701226063080108,0,1.4701226063080108,0.0,0.781335084295126,0.08748661580441908,0.10382359231908443
1,0.17381903654371056,0.4142565363058768,0.31478191245716236,0.4676956113066528,0.0,0.1393387842364124,0,1.7753918959362482,3,0.2757787797654285,1.4996131161708197,0.9187143363544543,0.93315398589642,0.8072048104134907
0,0.5241769043327678,0.24743184697625475,0.307945987766579,0.12785748992567325,0.4494290197659514,0.28510113785820906,0,1.7571206696611983,3,1.5275998119442487,0.22952085771694963,11.072187778268816,0.5913737367694832,0.8731651333690317
1,0.6692296644564377,0.3163255807994132,0.3850179663128175,0.0,0.0,0.1076368807956754,1,1.5391718783588109,1,1.5391718783588109,0.0,47.22187875192783,0.9889108293977247,0.0
0,0.32315258085216925,0.3430549228571661,0.2256670473267287,0.0,0.0,0.2282828000087083,0,1.856397944589687,2,1.856397944589687,0.0,3.6914475464919674,0.5644889033936678,0.0
1,0.9480283980899924,0.43113737371597716,0.38075704908541697,0.0,0.6995460889311665,0.08278346679871966,0,0.24417751382990105,1,0.24417751382990105,0.0,47.29973344943203,0.9835177651946664,0.0
0,0.550243358801482,0.697786764070234,0.2692419858949079,0.4507004904212224,0.08433785431617224,0.07162538205923864,0,1.2688425051341032,0,1.2688425051341032,0.0,0.6829794923182985,0.22503813513186655,0.4897105361587077
1,0.21137020196938516,0.0308169643575259,0.8043824694521015,0.681053378979567,0.6184130780456838,0.22142618896411576,0,0.525711679341872,2,0.28426587140419696,0.24144580793767506,0.5889083962265678,0.9999993441283924,0.23062219819663446
0,0.6790401344278281,0.8897274712973113,0.5898781674075771,0.6822323506716474,0.7882069028417596,0.22537010424740092,0,1.554655980351374,2,1.167051563288698,0.387604417062676,1.1997990246950487,0.14298906029318526,0.4172845097934441
1,0.1211523942038335,0.3659960029472681,0.07076332354877102,0.0,0.170192115244725,0.12555685295168414,1,0.02912129473262434,3,0.02912129473262434,0.0,1.2889809379453685,0.6904303120724757,0.0
0,0.5790932364704875,0.2704407112085818,0.3976310836449437,0.0,0.0,0.1830343575149463,1,0.30220265614466507,0,0.30220265614466507,0.0,8.033930448245838,0.5317183029311118,0.0
1,0.5634859530656866,0.14232262828155162,0.7393316097910086,0.8808975782252993,0.6266048904574794,0.007477481837978148,0,3.011584112025811,1,2.8836111452271314,0.12797296679867953,0.12370173582260875,0.9999880285068401,0.9149147253657991
0,0.11028373397635527,0.6838774314367261,0.25774161628858805,0.0,0.0,0.13910358829573405,0,2.709614233339551,0,2.709614233339551,0.0,0.40058312048603945,0.380630893938789,0.0
1,0.028666499177755878,0.2886495352515034,0.0556742360179836,0.0,0.0,0.09108622070752116,0,0.8373605880489489,2,0.8373605880489489,0.0,0.1514785539118463,0.7393954537068091,0.0
0,0.7549611689357245,0.8146599709789794,0.07209146164193547,0.0,0.0,0.09043531332300159,0,1.0789323539237574,1,1.0789323539237574,0.0,1.0440861251592157,0.13500866988590998,0.0
1,0.438566542336151,0.813670137508032,0.3310731624083888,0.2199437287795415,0.22267807806873285,0.09152060492342709,0,2.962983292128289,3,2.78753963987285,0.175443652255439,12.09709185287849,0.9061441084565135,2.5249143654563397
0,0.08646019480783285,0.8284017243318288,0.7427529115666458,0.8798103692556446,0.0,0.021818075439591904,1,0.7344741287155713,1,0.08293587959949889,0.6515382491160724,0.004091158198161331,0.29609766824652417,0.029948036138522063
1,0.08963326087239543,0.9826348996415951,0.7950720883525926,0.0,0.0,0.2481050635288589,1,2.153701389898617,1,2.153701389898617,0.0,152.20595952627338,0.9999932417470594,0.0
0,0.18509356556458745,0.9377427648395004,0.27318889401717017,0.0,0.0,0.21205193188770985,0,0.5465883071426314,2,0.5465883071426314,0.0,0.30433185394515416,0.25266232488332296,0.0
1,0.32623150357696906,0.35541062965714554,0.8843805898076476,0.0,0.0,0.20638921080525707,1,0.005011248125900321,3,0.005011248125900321,0.0,98.00270004470103,0.9999999046583771,0.0
0,0.46236786367166194,0.9499466954571502,0.34809570673718293,0.0,0.0,0.19429693505912254,0,2.1874950994421463,2,2.1874950994421463,0.0,0.4241905598437008,0.17387359700781269,0.0
1,0.3214800891950482,0.0025518561275312823,0.2948379357950899,0.0628248665333343,0.0,0.24670303343362254,1,1.5461652749686996,3,1.3476845902975048,0.19848068467119484,11.216381013287597,0.9996216005794394,0.7519060365379214
0,0.9343704583380086,0.7777651831046805,0.7838640102510414,0.0,0.0,0.22039438098908254,1,0.347672024839175,3,0.347672024839175,0.0,3.766592715861648,0.07271669905694222,0.0
1,0.8009065672872135,0.8109273001054683,0.41116478854588323,0.48701937304393605,0.0,0.007611180533904339,1,2.6435132294505004,0,2.6435132294505004,0.0,15.759114709801068,0.9832190958846454,14.961567284201044
0,0.00927263893261876,0.6293413755255781,0.8998228858489661,0.9159083564794351,0.16942415781500864,0.261940277599322,1,0.26604706322125143,2,0.014646582125925449,0.251400481095326,0.016468863764940427,0.4291750352996955,0.053926513497929825
1,0.4447379970863701,0.40843763593694693,0.7813635266142888,0.7456697056551105,0.0,0.02029507346317906,0,2.384734243013222,3,0.019411654380392634,2.365322588632829,0.6467431653123391,0.99998693668819,1.8961830204109809
0,0.4779667459912129,0.8300761087379717,0.8827173575532741,0.19641655982628214,0.0,0.12208142011684742,1,1.7267607321838874,0,1.7267607321838874,0.0,0.7927844618939011,0.1815938780533043,0.19377701045614848
1,0.005850677905000601,0.5822562913142982,0.6508638470191195,0.0,0.0,0.23756544213036854,1,3.1144716092960603,0,3.1144716092960603,0.0,1.0304892837227193,0.9997836380202705,0.0
0,0.9352492889851605,0.1315946345926522,0.9958094811932126,0.5883426582942645,0.0,0.14357959794360306,0,0.5469198181342664,0,0.5469198181342664,0.0,15.907051683922958,0.29937449599663846,22.734434990432955
1,0.8635506372864583,0.3499609187379087,0.4311052685670106,0.13882958121029487,0.4840855420803306,0.17654200506216597,0,1.609255479950716,1,1.53185338089461,0.07740209905610596,70.31145092882873,0.9923156429250879,5.490342999593448
0,0.3405002879198594,0.2942048821119235,0.39170512856870265,0.0,0.49513430554080395,0.2398595252000491,0,1.196410328955677,2,1.196410328955677,0.0,4.552769127082393,0.6127234958488192,0.0
1,0.42063755021230154,0.30698239789042614,0.8865959257730753,0.0,0.0,0.05273500322465472,0,1.6360618420544482,1,1.6360618420544482,0.0,3.3423971655273084,0.9999995482763661,0.0
0,0.10595783934368364,0.19326584023900883,0.1996343980406745,0.7846767375291669,0.0,0.02396777050111406,1,2.2487841034888234,3,0.011654919317157182,2.2371291841716663,0.028943101321125767,0.7886696848972382,0.105473872437324
1,0.027013242866969378,0.1813184806957524,0.06608287563658943,0.5729721540171242,0.0,0.12283791656153718,0,0.9734135297358976,0,0.9734135297358976,0.0,0.0883948391004774,0.8409445461944058,0.1186053364899971
0,0.13073465547684215,0.5614779758392012,0.42395624529699416,0.9478260026606761,0.0,0.2571634084117297,1,1.130580912204477,0,1.130580912204477,0.0,0.05268837710273498,0.431595870251266,0.9571705524338631
1,0.5194056758314707,0.7663765355821758,0.7526907013658507,0.5471444537714121,0.01650907442021554,0.15962253387624345,1,1.5121780282923023,0,1.5121780282923023,0.0,100.39052059438602,0.9999875182212306,118.35908826941073
0,0.7038534029706774,0.915344738260436,0.7782584413390247,0.0,0.0,0.20275230335462666,1,2.709043188514977,2,2.709043188514977,0.0,0.9479306324481068,0.11424182229870927,0.0
1,0.8388006356781618,0.5304077963081749,0.5877303401355459,0.0,0.0,0.04815497850143584,0,2.94404113315297,0,2.94404113315297,0.0,48.154978501435835,0.9990757475080144,0.0
0,0.13660522320332602,0.9434818241329164,0.07690597568613244,0.15064016798538193,0.954132943836142,0.11137013880473978,0,2.2543939699682825,3,2.238045353880268,0.016348616088014634,0.1213134724901622,0.2699800797474662,0.0008482638733829744
1,0.13858384611237895,0.5578948173213994,0.40394482430402434,0.0,0.5766041579632427,0.02704290406409926,1,1.6479676301653454,0,1.6479676301653454,0.0,1.4012179925125754,0.9779895926542044,0.0
0,0.3180062513298897,0.1596692032472743,0.5056002470882158,0.5512613157864485,0.0,0.07003915147993152,0,2.088218028043586,1,0.8695881325921186,1.2186298954514674,0.7574008578136531,0.7821017501395262,0.9304430577182906
1,0.20181250829251318,0.7567692514492437,0.32987669991204593,0.0,0.32763963713265365,0.25688532078172305,0,1.9042159385409991,0,1.9042159385409991,0.0,6.728044859591035,0.8974790631763226,0.0
0,0.2614065026062372,0.40850888635822014,0.5336245790025177,0.7987880294279766,0.0,0.055993596573466996,1,0.4862890204122248,3,0.0038831517190808084,0.482405868693144,0.12363926178230088,0.5167750545948577,0.4908334330121892
1,0.9273349116491264,0.9971993971818506,0.5212709601842769,0.1744249337013427,0.5774160433821254,0.24315572778016792,0,0.3296071993566866,2,0.28336475716470017,0.04624244219198642,225.79540105726977,0.9948372199700163,18.02699964287884
0,0.49461511126618796,0.06151033246931792,0.23213464978028353,0.8395892633998295,0.8183679981329145,0.10349914424244323,0,1.0931830358575043,0,1.0931830358575043,0.0,4.885260887319109,0.8852009724778994,0.9356650184819084
1,0.6287138440824807,0.5086726650854193,0.19580325048424208,0.4221612412244027,0.49325117478292324,0.1912967068811327,1,2.171647072586492,3,1.1194478394131424,1.0521992331733496,28.87898499837718,0.835884595847713,19.774587665186253
0,0.2893659185337554,0.2590245947797507,0.7276236802785574,0.0,0.0,0.17335478195969378,0,1.3177108903543755,2,1.3177108903543755,0.0,2.8388600020291515,0.6702789070379827,0.0
1,0.07439470318557218,0.531946346442629,0.2303304285375215,0.7889750224237059,0.0011700899462976366,0.2348455679398907,0,1.1544934780237044,1,0.21788706572194483,0.9366064123017596,0.2503701645476107,0.8075778130235196,0.9337678476580318
0,0.5485061230317486,0.9352179828724476,0.44825916717275915,0.32754792252664,0.586475503076591,0.1491416151263222,0,0.6895375129434305,2,0.5205083052361039,0.16902920770732655,0.41300298246811484,0.1602469804167469,0.06777588142981011
1,0.380078736038474,0.7925183108935114,0.9958670049957412,0.5768543086518372,0.33002975641581933,0.23877499403251512,0,3.0190086447217372,2,0.665620704361729,2.353387940360008,3.168775178467284,0.999999997468417,4.319839838198516
0,0.6233554594584378,0.2990761772205013,0.9057666080492166,0.0,0.0,0.13152002472144145,1,2.319211758995255,3,2.319211758995255,0.0,6.123267568156487,0.4688522605134422,0.0
1,0.5232010202685936,0.9912808447346259,0.03749985897651409,0.8165096697183758,0.0,0.16705574282756935,1,0.3302515568589679,0,0.3302515568589679,0.0,2.558426663815361,0.11535578578764905,11.384687722041608
0,0.5750976578420104,0.2338705871028678,0.9338140487710157,0.0,0.8622867184245917,0.2720870006318255,0,0.7818313977365724,3,0.7818313977365724,0.0,12.858186459645394,0.5819265899390116,0.0
1,0.7526946603840801,0.5634533993426515,0.5098280130721137,0.0,0.0,0.0598909529107192,1,0.9695000379846291,1,0.9695000379846291,0.0,59.8909529107192,0.9977368144703911,0.0
0,0.7322503937943065,0.9749513489691389,0.6425640322186571,0.2939433384987208,0.7399737856185115,0.019370384057727816,1,2.203455644487051,3,1.97486066799028,0.22859497649677074,0.028835154704674733,0.10341418827366611,0.0027639684728468002
1,0.41260751820444286,0.27235384768963,0.13739018125057256,0.0,0.6003954585387629,0.04429264903131328,1,1.2833898831201764,2,1.2833898831201764,0.0,2.7579067110065725,0.8454759920296644,0.0
0,0.0029996312529038116,0.1744135753953081,0.7832877915869423,0.0,0.9401798763118958,0.09431027177333648,0,2.9912713319519204,0,2.9912713319519204,0.0,0.014048097224958544,0.8251534249574575,0.0
1,0.3792923535802334,0.9435587597769133,0.8910662398884391,0.7651135486817702,0.11742020488253502,0.016811027609824055,1,1.3684122525562807,2,0.08843080401731779,1.279981448538963,4.288701045397925,0.9999998127216868,12.534817136292489
0,0.6991328741265327,0.9899327254861959,0.6519803609762959,0.06719596374027259,0.19286452007934352,0.12455744563348276,0,1.2751264839254322,0,1.2751264839254322,0.0,0.07465351755117336,0.12998757040986975,0.0042826905823383455
1,0.5580623004951737,0.185618271880305,0.3800128627214425,0.0,0.0,0.11687793175965015,1,2.606476402385152,3,2.606476402385152,0.0,25.577844492878206,0.9922679413608073,0.0
0,0.2648753749799897,0.22506302038688275,0.09279865526228881,0.8300824820650515,0.0,0.21685460117931257,1,2.941377280421534,1,0.05088331416714409,2.89049396625439,0.5711118650205206,0.7168086313223783,2.7900004673710463
1,0.7899017197160202,0.5187478979380843,0.579190057292634,0.10051466900758932,0.7959650623020569,0.07618793942486246,1,1.9328561627664524,3,1.8730614951449345,0.05979466762151797,76.65603290271855,0.9995005826556216,1.625551756712138
0,0.9094012141877301,0.3616768309779005,0.7286328660818256,0.0,0.0,0.2636434964956332,1,1.036593434058878,0,1.036593434058878,0.0,21.88890638980009,0.1378550241051789,0.0
1,0.4650958706663092,0.42269315971141896,0.8437477599230625,0.15431050006755476,0.4467579238836257,0.07141006785859756,0,2.613809453047601,0,2.613809453047601,0.0,12.534144192754978,0.9999976868145118,1.1712825849011181
0,0.9969239340019738,0.5031217091661014,0.7642539489008671,0.0,0.0,0.18870303574157876,0,1.4981412476059282,0,1.4981412476059282,0.0,11.139766687854419,0.009922403494229126,0.0
1,0.20521602167616182,0.5172526691187558,0.10731247145516243,0.012921632589813603,0.8656401296324667,0.09228455692426227,1,0.3324529607930302,2,0.3313205522450608,0.0011324085479694213,2.171652128701949,0.6303036729702061,0.003776903724103181
0,0.457164092519045,0.8337874365542384,0.2522262334090921,0.39181177132448775,0.887729838383993,0.14110877048784243,1,1.9339929560144444,3,1.7957110692345515,0.13828188677989295,0.8635006516872051,0.18528383281587324,0.04571366137371693
1,0.3420787400853259,0.3661064186863868,0.5774547285194392,0.47624409117635647,0.0,0.053848226559440326,1,2.939977462797883,2,1.021541237939457,1.918436224858426,8.36056960952846,0.9994611602675045,7.602151705265507
0,0.36641521489092566,0.7371907649150187,0.18238036198017937,0.2857486054241829,0.16666628047105014,0.08507128259845215,0,2.091199332391093,3,1.1231110107368771,0.9680883216542158,0.5451936553383135,0.2690271086124919,0.20233714462789987
1,0.36719434597856404,0.5030244725718598,0.1546425979691266,0.7177820538997526,0.05862793517823972,0.0685514247758146,0,0.47538771617091885,3,0.015541293843697554,0.4598464223272213,0.8245124197732262,0.7251518321351578,1.7542727227683779
0,0.32185774393120503,0.07792124078971607,0.16729389597450695,0.5244814627872204,0.10139886555172428,0.19906966409679205,1,2.3766011693599673,1,1.1577428577912101,1.2188583115687572,2.8620282163961295,0.88919393626694,3.156723929780375
1,0.4683570861176499,0.4319870574229945,0.3414704490645032,0.0,0.0,0.2934703857293216,0,2.1914725283447627,3,2.1914725283447627,0.0,19.795999605301773,0.9566450712383869,0.0
0,0.8788931825102568,0.09039791205529746,0.0044057528962789805,0.0,0.0,0.1967340273310357,1,2.905714307559802,2,2.905714307559802,0.0,47.05227346684056,0.5492655685873433,0.0
1,0.8378426353750202,0.39101003710726134,0.6682325037299546,0.0,0.0,0.1891006090577726,0,0.2829624864528384,1,0.2829624864528384,0.0,189.1006090577726,0.9998656816909162,0.0
0,0.39864621979668324,0.6409572895873351,0.06925727173208518,0.0,0.0,0.19866684496473916,0,0.5872630842805425,2,0.5872630842805425,0.0,2.1597742761278766,0.3031051125197425,0.0
1,0.9452049203971211,0.22147156814529678,0.33888177988696866,0.0,0.35022574080452784,0.29081719054982774,1,2.827948491780968,3,2.827948491780968,0.0,251.4305151693534,0.9894524318090534,0.0
0,0.8531419662774758,0.2765021555411449,0.9725308669404978,0.0,0.0,0.09462300828541038,0,1.2340729122254412,2,1.2340729122254412,0.0,9.155608939990143,0.2775975549712679,0.0
1,0.7285596477601693,0.8661712861289663,0.7771259231300153,0.7359029298957876,0.0,0.06706977425264926,0,1.4012478443781284,2,0.08450711286777218,1.3167407315103563,17.72522859556649,0.9999754834311897,49.39111081922573
0,0.203717058478192,0.3696345118548253,0.2726593282214651,0.42434547439428005,0.0,0.020006778656122326,0,2.0083315742136247,1,1.2376514848849258,0.7706800893286989,0.12427138482741973,0.5759047917918847,0.09160702713617576
1,0.06903641301177132,0.9560733553746004,0.7784061225109655,0.0815466165336518,0.0,0.21708984508236015,0,0.28855868220764697,3,0.2241079934624709,0.06445068874517607,3.9061686553316113,0.9999530310687624,0.34681655398765077
0,0.8852808964910559,0.9850000962577575,0.29366708168602096,0.6385063029480913,0.06775948043184798,0.16791767973502508,0,2.840999077493945,3,0.04554860850605755,2.7954504689878874,0.06590021659830632,0.11021677655137951,0.11639954999719085
1,0.05666027559106812,0.6464268587030562,0.37929736152983007,0.0,0.0,0.08237588467575865,1,0.09635861173423625,0,0.09635861173423625,0.0,1.5907232688902004,0.9618546516402077,0.0
0,0.05524783105352116,0.7555513959641501,0.12811487949909783,0.16992717729152618,0.44294303045222594,0.08106535493201575,0,1.5369651836904046,1,1.4327212671389697,0.10424391655143483,0.11804568288421725,0.3705970317249312,0.012576199489103532
1,0.3577387925185771,0.1364630170563903,0.6317612128455379,0.0,0.1671149091631312,0.17376208665973572,1,2.7427747113025833,1,2.7427747113025833,0.0,29.45356804851266,0.9999411810948421,0.0
0,0.44152989623350203,0.8770712503617734,0.018702374278979472,0.07581223863091158,0.0,0.16372537353547012,1,2.5959361170927737,2,2.501147722920887,0.09478839417188656,0.778018123993612,0.17309749569823862,0.06382176668083142
1,0.5729381970876742,0.6335052382430558,0.8024915824129236,0.0,0.0,0.20280320200886778,0,1.1633414863103253,3,1.1633414863103253,0.0,166.22584305172754,0.9999896903471566,0.0
0,0.5662255329106316,0.6912489758130741,0.34574270429072795,0.24457023500812525,0.0,0.005330745043177909,0,1.994155352327377,3,1.0588645679863098,0.9352907843410672,0.06259097657029249,0.22189244271159514,0.02026381611975422
1,0.8000139052465693,0.6285864927177904,0.6316043208343175,0.8733108589520483,0.0,0.09427835440815975,1,2.808219612928455,0,2.808219612928455,0.0,15.82545565140684,0.9998139625141234,109.09018842433065
0,0.7623195234846047,0.8702568863205388,0.9270388619404739,0.0,0.0,0.22586511601926343,1,2.185441072423801,2,2.185441072423801,0.0,1.7460095653251562,0.11001567511519073,0.0
1,0.008740017069565398,0.2710609469533354,0.34799966495895507,0.3338685921057396,0.7690056382893329,0.1632039901821838,1,2.9932900884977194,2,2.9651347937497854,0.02815529474793399,0.22251927955932918,0.9750972484368715,0.01866070200203726
0,0.7135166307989999,0.05649487070886472,0.8113122336210149,0.3787268564388381,0.0,0.15582614564815164,1,0.64083832607582,1,0.4007361297879689,0.24010219628785112,12.19550628392982,0.8271235867046346,7.434356056529164
1,0.2423217718310593,0.33899523243403196,0.9038398156009895,0.3215602816255788,0.8567457664640438,0.13336101415053733,1,2.2544148436311744,1,2.215630329267163,0.038784514364011535,30.076430656797594,0.9999999534552189,1.4810231603962587
0,0.9111625459334683,0.9855619569972469,0.9290957096659402,0.15157685445278724,0.47269572085775813,0.04038156388317741,1,1.1383094098441013,3,0.9180300807434214,0.22027932910067993,0.03792219624504018,0.08703720048753438,0.0034271504534179086
1,0.3250665471146539,0.5408345003553804,0.5519071105196659,0.624091694112858,0.598946900068221,0.11895889824918766,0,2.066207158686044,1,1.6706257865510885,0.3955813721349557,5.044973800084003,0.9971614744598498,4.996930573252144
0,0.9327268493451079,0.6323108474349872,0.025416965184914653,0.42255438619377406,0.8617914593647354,0.20640018358238013,0,1.8185730794132964,0,1.8185730794132964,0.0,6.789690522210611,0.07613915428259521,0.4264366832099099
1,0.729906487664131,0.2793846735237211,0.5229781151134769,0.17459213374193583,0.0,0.019832452333854587,0,1.2121559030248568,0,1.2121559030248568,0.0,4.518273484210246,0.9982898890931985,0.9557153992414724
0,0.49295747493621067,0.4151806615267508,0.4707770071912206,0.0,0.9476300050286999,0.16339950858913047,0,1.352201094773937,1,1.352201094773937,0.0,3.9712822948650794,0.4166426178568,0.0
1,0.7032398134103092,0.7226142083177944,0.31521425722933993,0.0,0.0,0.12019768467189718,0,2.910250708063166,0,2.910250708063166,0.0,32.495816037222276,0.9206285145727445,0.0
0,0.918208757727193,0.1485328349752567,0.5786922821750965,0.0,0.7415144307594121,0.18178677809240743,0,2.027999289103806,0,2.027999289103806,0.0,39.08562970953712,0.319204455155605,0.0
1,0.9957836845945796,0.6035873644910381,0.369785479395376,0.9770357503947534,0.0,0.08631576558509824,0,0.6636214407477935,2,0.0003263966272942318,0.6632950441204992,1.8286008945968133,0.9754522315824332,77.79955704787037
0,0.9665724397603294,0.4846511457408642,0.3625260224657164,0.0,0.07664851609754497,0.12261371076999988,1,0.12224183472720887,3,0.12224183472720887,0.0,7.306361119086067,0.03432478580296028,0.0
1,0.9554848346430297,0.05644653803141486,0.5442958268423077,0.0,0.0,0.06791719068972538,0,2.7818191187258945,1,2.7818191187258945,0.0,30.272661476673672,0.999807793991595,0.0
0,0.5157034365675486,0.7379226829592708,0.24305930818577615,0.0,0.0,0.13312833811642447,1,0.23970059882387246,2,0.23970059882387246,0.0,1.3903804703997238,0.20715776453085322,0.0
1,0.34818609235571774,0.6945673391185343,0.19279192222945374,0.2709151414410489,0.8185522339924421,0.1150062716839814,0,0.8521076419249851,3,0.7416735046727287,0.11043413725225637,4.711365116394359,0.7021186626760566,0.25584233336592055
0,0.26894620352923837,0.9056874097011786,0.475861035813815,0.48962818181037304,0.0,0.0836896054975019,1,1.1377394695253282,1,0.582131921361143,0.5556075481641852,0.10431510185479752,0.20293320395845937,0.10007530164518488
1,0.2736317489527743,0.46075953107406087,0.14065279423502175,0.611978128556933,0.0753543557178673,0.2816336058701711,1,0.8893920860509165,2,0.15862455856286145,0.730767527488055,4.5187837198879155,0.7309242574450773,6.256003546076702
0,0.7410564643544689,0.6511586037171111,0.6357081411638332,0.762120257019449,0.0,0.10306205844654592,1,1.6484882760471256,1,0.30871676564963413,1.3397715103974914,0.5376657076423306,0.15794496905398803,1.7225759628150397
1,0.3838059708368783,0.426508890219495,0.9715300439273787,0.7854692296779464,0.5935939724568484,0.12052384015724128,1,3.023083100304172,3,0.1604160876566847,2.862667012647487,12.361282547811639,0.999999998076101,45.25880863656663
0,0.3834788373617254,0.39297559054719355,0.8218187961420376,0.7808012939953423,0.0,0.2772712251713955,1,0.89914606372244,3,0.00886266818711632,0.8902833955353237,1.10643313418095,0.4877921452397711,3.94119307834532
1,0.6656740459957429,0.471387710162807,0.4450233105853685,0.34337412053081184,0.5309853014159763,0.18621076746132115,1,1.3268670200455783,2,0.9740675459426797,0.3527994741028986,129.20550211696568,0.9935053805494111,29.31809554864234
0,0.6738295615367655,0.3252537402842899,0.9100465606935049,0.5415678082952837,0.709041155918138,0.2821692689478102,1,0.20017789073479586,0,0.20017789073479586,0.0,11.92000815928929,0.40357187831261476,2.232803322891371
1,0.04331975823787859,0.08206982025943876,0.34293707617899083,0.0,0.0,0.2233128842371458,1,2.0290264199647985,2,2.0290264199647985,0.0,1.0547558709772282,0.992092418811616,0.0
0,0.8556041718373882,0.23228714583223764,0.20917899433721854,0.8540356924037242,0.05997569656000934,0.18719059700498583,0,0.4142295825994391,1,0.07935916846087188,0.3348704141385672,4.155018935038774,0.3230576175613531,17.355289792097892
1,0.2463396588259784,0.7002693196966204,0.47737354707673696,0.7428845878502727,0.0,0.22643781860190057,1,0.29444640335076583,1,0.07530971520290378,0.21913668814786205,13.003086600170692,0.9922102772559235,37.56987007890437
0,0.3816201560277195,0.4600165163507509,0.649018466713946,0.0,0.0,0.07624971300408194,0,0.8235240157009154,3,0.8235240157009154,0.0,1.1874877388244183,0.42058406367905155,0.0
1,0.03478707467855624,0.543656873266199,0.3977727352870086,0.27274754812566815,0.04033679507137189,0.18790309767346536,1,1.0653347615080284,3,0.4470453804616281,0.6182893810464003,1.4205996374672851,0.9750432777204996,0.5111048667100072
0,0.4369996434337875,0.7066404671807867,0.9473218323316551,0.0,0.0,0.07766199314507977,1,1.1467738523899123,3,1.1467738523899123,0.0,0.7562698470751079,0.24576105232821432,0.0
1,0.8641301085919029,0.5779904840017701,0.08732872939115821,0.0,0.8583632143910293,0.07597882220841844,1,0.10685248938863146,0,0.10685248938863146,0.0,31.62721395874198,0.6871168380065575,0.0
0,0.4143566610615471,0.00644403555426265,0.8566734288523495,0.16077519444780808,0.0,0.22971159055004942,0,2.6949437952685638,3,2.338497693224659,0.3564461020439049,10.986896073878366,0.9890465952169514,2.1048238099842465
1,0.46479122858013544,0.7041493925187504,0.6967436051882187,0.0,0.0,0.0733584658187673,0,1.9945554117070174,1,1.9945554117070174,0.0,25.219693427645776,0.9998239457696567,0.0
0,0.026710973728460763,0.629181302044764,0.6986563001785588,0.2428470347051892,0.0,0.22292175981360876,1,0.9396328234290345,2,0.5553276522119264,0.38430517121710817,0.13001162563638355,0.42328140510601464,0.04169954977420371
1,0.29836114760640464,0.01006093846651801,0.6660652906826627,0.8821416478484599,0.6417099579853981,0.22777937383885094,0,1.0577021829591746,0,1.0577021829591746,0.0,1.7059667554078788,0.9999942630891262,0.9260022723324675
0,0.3192576194633828,0.5779082877492797,0.6638059709682068,0.41333687793118845,0.0,0.04356850207077181,0,1.22210921977724,2,0.43225906270314784,0.7898501570740922,0.2551060024974478,0.3654701207222343,0.1797364017734067
1,0.44807399025111205,0.7417695238596438,0.09743635367658887,0.0,0.6128937489776202,0.13162344084076352,0,2.9417656784939097,2,2.9417656784939097,0.0,7.462644625981315,0.46628988426699447,0.0
0,0.238176027252185,0.04945266113406743,0.6894511754805038,0.8617621103436328,0.0,0.16629384893585697,0,2.8255809787586013,2,0.008119068536794602,2.8174619102218066,0.4036548907788976,0.9360748358283046,2.5163469392715037
1,0.023255944893350367,0.01161407854636265,0.23219225268285804,0.0,0.760176881321393,0.2781349241337212,1,1.4975926244505324,2,1.4975926244505324,0.0,0.5271921928651826,0.9962940780650272,0.0
0,0.5450331062307083,0.06091236082748941,0.7746184498480189,0.35927620590316056,0.0,0.24210057777942476,1,2.939746583278551,1,2.69528404419645,0.24446253908210114,27.677475218063353,0.8752220710060397,15.519726872858467
1,0.6651104404876623,0.8780959552844502,0.989645266578572,0.0,0.012073960038677223,0.06614671277755678,1,0.7856747161875031,2,0.7856747161875031,0.0,66.14671277755677,0.9999999993550872,0.0
0,0.37899875078828116,0.4388303470812819,0.436425980799204,0.801589052099768,0.0,0.06395337585797033,0,0.30910499107031025,3,0.002394951721888354,0.3067100393484219,0.20566607464559325,0.4426258766128549,0.8309000867590155
1,0.825184624749444,0.274865371577511,0.3823367806242677,0.8186178564512365,0.003847249445868006,0.2785022484313427,0,2.115242920990515,1,0.21092180387828363,1.9043211171122312,12.965406936675262,0.9879571376914732,58.51575809426723
0,0.8067990924532358,0.30454929980568224,0.5909936301993128,0.0,0.924545894189888,0.07663642718097015,0,1.9028765994755599,3,1.9028765994755599,0.0,5.878165076949333,0.3061251700736447,0.0
1,0.4717614900055652,0.16669842796378997,0.261421518858572,0.0,0.0,0.19174104815390416,1,0.32900140550347917,0,0.32900140550347917,0.0,19.788843130371493,0.9675895965327712,0.0
0,0.45809341189488473,0.4782978101440932,0.5028680426088787,0.6679012297816999,0.5166349407401324,0.15675392780026381,1,0.889685535108264,3,0.23136260934669017,0.6583229257615738,1.735948800762073,0.37149739897458867,1.2391606686300873
1,0.2920603745287196,0.4854714340027543,0.24279026953680005,0.17525278440308112,0.0,0.26703492118931293,0,0.3836715241720521,0,0.3836715241720521,0.0,6.159898442342291,0.8548757727442322,1.3089336141369832
0,0.1520053868483836,0.8347602341371695,0.9549726213676354,0.10607296215772732,0.0,0.007965861122750767,0,2.559041545392193,3,2.320108129647958,0.23893341574423488,0.02326005885221898,0.3002695444755723,0.0027600276509963505
1,0.24969608567761947,0.815363145403889,0.31182477233172834,0.35880608692828153,0.8933152442455972,0.05217498830859422,1,0.9511138870262893,2,0.8878991350239681,0.06321475200232118,5.78913143282218,0.8966232140128031,0.23938167042543734
0,0.6280480030832736,0.007145596743624583,0.6767030783754759,0.0,0.32767259587089437,0.28657726359748076,1,1.8474438581747115,3,1.8474438581747115,0.0,28.48235416310845,0.9810179549978392,0.0
1,0.5632156038414177,0.0855428459092531,0.9032996756903502,0.0,0.0,0.17818554508606396,0,0.4391053497763651,1,0.4391053497763651,0.0,14.163289442817709,0.9999999371093037,0.0
0,0.38591442171457113,0.11882921979113081,0.5799136023006429,0.1879320788023523,0.0,0.24291728878179678,1,2.2985271045570794,3,1.6414312032364267,0.6570959013206528,7.433003249143306,0.8199403100938996,1.7201760048543424
1,0.671029241312374,0.06611884155978287,0.9878258776295173,0.0,0.0,0.2889611967528698,0,2.4467317646103464,2,2.4467317646103464,0.0,12.555339279721643,0.9999999993856136,0.0
0,0.10476256686490049,0.9387040296907475,0.8716789401534124,0.0,0.0,0.1689448316671516,0,0.07518319476969197,2,0.07518319476969197,0.0,0.16551706224853516,0.28543601827685294,0.0
1,0.10874633965963942,0.2670844161947833,0.8171460610453619,0.6971223666865949,0.2851543254999591,0.21309647128595025,0,2.401652145455103,0,2.401652145455103,0.0,0.3146209586538961,0.999995580728223,0.7241515489493294
0,0.7847595095188797,0.8034894933441677,0.16154148967490112,0.3821606285067056,0.0,0.2741238801390069,1,0.9938676529346697,2,0.38790610701108863,0.6059615459235811,2.110676860103641,0.11301272412195029,1.3055457982261687
1,0.5649578819921627,0.8361797141447174,0.2585309378693096,0.11179564489399962,0.0,0.03226563348943812,0,2.2050867698044714,1,2.0959652402598308,0.1091215295446406,5.088812617522462,0.8163785624340538,0.6405137343114594
0,0.400079844557258,0.1777864014504511,0.37564252414235433,0.03373033047551233,0.29164413318178706,0.03398760017283753,0,0.8616234434976606,2,0.8253474153644171,0.03627602813324349,0.9831616646463197,0.7350619329577901,0.02408054703783797
1,0.6389765044773399,0.6100100055602986,0.04875358356209347,0.009418282648604448,0.4807984205068435,0.11738107076368111,0,0.25180212310791567,2,0.2493708413351334,0.002431281772782262,12.650668027241245,0.49367367824567066,0.062165976916617745
0,0.005940732156876849,0.7549972381793468,0.5046386644688832,0.2423196674376672,0.2260719927082553,0.18503935672043303,0,1.0503714323685656,1,0.8717264059662178,0.1786450264023478,0.031834274982741245,0.3931502183239598,0.007494643645755696
1,0.6720105021365997,0.5011709122845988,0.901402443977355,0.8117417664766844,0.0,0.28546534981878147,1,0.17214284398545132,2,0.006085137329304192,0.16605770665614714,53.74135454043523,0.9999999476086625,231.72480295317266
0,0.25295942835695806,0.287520171318291,0.9846769469214426,0.1637932497966974,0.9025785153415234,0.2195149730615974,1,0.6744841760243676,3,0.6448017521468766,0.029682423877490982,2.8582013558605737,0.6492679144446747,0.04668606476074858
1,0.6331435548474141,0.17029710915157092,0.7316204233737503,0.0,0.014221552245582192,0.2399895409099381,0,2.395655223628804,3,2.395655223628804,0.0,44.56904284048924,0.9999836937580693,0.0
0,0.386820696846651,0.043990618212817356,0.6903291145698618,0.0,0.0,0.023049825243214046,1,0.32586136890363454,0,0.32586136890363454,0.0,0.8115499413512015,0.9301953150470416,0.0
1,0.3633201637952377,0.7010719581564798,0.9315698241056612,0.0,0.0,0.27777423825995173,1,2.612415550637677,3,2.612415550637677,0.0,277.7742382599517,0.9999999733263655,0.0
0,0.024642114152501615,0.42489333336562296,0.48566968099596897,0.0,0.2848386610464101,0.12324096991347151,1,3.0559410463690337,3,3.0559410463690337,0.0,0.10629956989122555,0.5689985817150348,0.0
1,0.6913799278255642,0.7067465765953326,0.10065491736558041,0.0,0.5164534833294637,0.16551915061172542,1,0.7772923286210435,0,0.7772923286210435,0.0,34.21484782626046,0.5692228285055949,0.0
0,0.5962660335405159,0.8929800572560802,0.03496476803484094,0.0,0.0,0.08097693567489031,1,2.7449013593000675,0,2.7449013593000675,0.0,0.41106726787607123,0.1369568284327678,0.0
1,0.43034779934202616,0.5436215181360843,0.24535833528795914,0.0,0.3033343600471411,0.25065120824684956,0,2.315330322815858,1,2.315330322815858,0.0,14.402350524018434,0.8525767085619765,0.0
0,0.03603674350042674,0.3796675905466723,0.38051537854799367,0.11704471604226607,0.0,0.0112019528997009,1,2.346631563644175,2,2.130098520248991,0.21653304339518398,0.01641188648194787,0.6116509598948788,0.0021755627129691046
1,0.8654184574487642,0.20228228271252213,0.2309334761513594,0.7106542528335106,0.0,0.24950717181903898,0,1.3670395814789924,2,0.10148543192871662,1.2655541495502758,16.184266393441014,0.9590055934207941,39.74973834632313
0,0.35740783085305816,0.1561806272184313,0.7499017183888819,0.04445467985854468,0.290309971244469,0.05112069059026251,0,1.9826587442741963,3,1.890812756303162,0.09184598797103427,1.337594327592219,0.7763776262130551,0.04371403016409682
1,0.8495458998458414,0.32352351188442474,0.4111186351263487,0.9129843777290022,0.9052566235070583,0.028519807436061573,0,1.6859871859514846,2,1.4678773921835626,0.21810979376792194,9.281283474420617,0.9905152211202145,1.5993372894567912
0,0.2452389156837338,0.06607536224756061,0.571760351664383,0.0,0.0,0.14965652792821355,0,1.0387671365879119,1,1.0387671365879119,0.0,2.66755439800016,0.914295287621732,0.0
1,0.2339237142139876,0.14078248191093412,0.8797016812713382,0.0,0.6833637153891274,0.16287335302532227,0,0.9117172140294567,2,0.9117172140294567,0.0,0.8546757038044404,0.9999996903838211,0.0
0,0.9060131649824881,0.5427267369940885,0.5687870704337008,0.0,0.0,0.2274381667441621,0,1.2315292690544852,1,1.2315292690544852,0.0,9.738529491754171,0.09125804430648532,0.0
1,0.06524277273798418,0.18320312927324967,0.5973917284933811,0.005596184559612416,0.0,0.2413795985734038,0,0.7925644709180979,3,0.7806359078205042,0.011928563097593714,0.3867577225891227,0.9994862406331372,0.0021765479595485925
0,0.33854666132371314,0.07891830604623296,0.9103959173586129,0.0,0.21837569186568462,0.20097934837309905,1,1.0768203211040566,2,1.0768203211040566,0.0,5.464155960676264,0.8853216406713709,0.0
1,0.6108188769259797,0.6579960151741637,0.5492394703124988,0.0,0.6978995508087432,0.17223794419299884,0,0.09363566960795609,0,0.09363566960795609,0.0,69.03790004857953,0.9971510850894051,0.0
0,0.515656916062909,0.5873239311812631,0.015574346779548609,0.6153862347060319,0.0,0.005012160255824999,1,1.31156386992162,2,0.18361027954218107,1.127953590379439,0.03216182274940544,0.2796908087815122,0.051459268463550784
1,0.4767740935890029,0.5403339263127548,0.11079725588278755,0.2970577445697561,0.6109427090615103,0.21285160503816017,1,2.367265483287658,2,2.151827926000813,0.21543755728684522,19.72163431204826,0.6500262556751919,2.8515922210977815
0,0.15272637293136404,0.19600180071003837,0.594557736035286,0.0,0.0,0.03884984049263602,0,1.574637571144886,1,1.574637571144886,0.0,0.32629234597354845,0.7765618415264333,0.0
1,0.9031570279128873,0.4128452164877957,0.09513295278782874,0.0,0.8178340426157236,0.19525822804474102,1,0.10547407250512206,3,0.10547407250512206,0.0,96.35069019575803,0.8038947211351555,0.0
0,0.2715466920788132,0.5713231168238108,0.547144081109333,0.18538369162252955,0.0,0.1089393304432728,1,1.8406326558436312,3,1.174171267246967,0.6664613885966642,0.8021708384317794,0.3795670995052929,0.18255145374712434
1,0.8072455987379624,0.42691175350468835,0.3345924810061317,0.0,0.0,0.04349687976967356,1,1.1902338792741871,3,1.1902338792741871,0.0,30.878870028378167,0.9741387702229695,0.0
0,0.6376047273765403,0.770060029991094,0.5088828951517583,0.833549258853673,0.994588188547389,0.12980258717177673,0,1.1173976087419555,3,1.1051385211115545,0.012259087630400956,1.5529109616534256,0.17505205831354065,0.007211662147160326
1,0.047786593405080735,0.19479093005285542,0.22554997203542604,0.0,0.0,0.08080007912488348,1,0.22466469384733773,0,0.22466469384733773,0.0,0.3963408629019108,0.9346594359670919,0.0
0,0.5144425144493434,0.8211436069886356,0.8302410351029852,0.6588395537051586,0.0,0.17142689233887975,1,2.617746091496185,0,2.617746091496185,0.0,1.0553902196852032,0.17586476680216623,2.0381402031619467
1,0.12666077378744423,0.1841580148744144,0.8117652274585664,0.5974042132676672,0.5034731623729709,0.07710702847692642,0,2.629746177286984,1,2.2670851813723654,0.36266099591461876,0.16190321953694042,0.9999965231846645,0.24024510111744918
0,0.491001728721138,0.06907254719487066,0.8731418261559017,0.0,0.2759936157815469,0.26909821497964914,1,0.05597963180477123,1,0.05597963180477123,0.0,13.59348074115572,0.8727741908008303,0.0
1,0.892603552920769,0.9111667698644442,0.2096103023336956,0.0,0.8165592353786509,0.2746942699113969,0,2.556372593007118,2,2.556372593007118,0.0,142.89439282876052,0.7900012604251473,0.0
0,0.01816544964040201,0.1643929215987684,0.7407530144476074,0.948771091203477,0.0,0.27754213866608796,0,1.7251112458206088,3,0.00014099852411190127,1.724970247296497,0.013148806269755614,0.8330732677693556,0.24351889520289519
1,0.6228051424246371,0.16839997935244067,0.6480043790893989,0.978226594682917,0.0,0.1934077418922278,1,0.8968934656156765,3,8.131211932990614e-06,0.8968853344037435,3.1542410281361737,0.9999606254227834,141.7124429931
0,0.30530490297668667,0.08850252523100177,0.19734299273921196,0.38912065754130143,0.9224780182099982,0.27592589905506976,0,1.2769065348057271,1,1.2472532495592439,0.029653285246483252,6.316959330534216,0.8773719791358959,0.2007455557398958
1,0.49612102296167937,0.7625994753455791,0.738991091920266,0.6912539153215741,0.0,0.06868449203147985,0,0.00551169501737659,2,0.0005253968435314552,0.004986298173845135,12.926016941894165,0.9999315426117659,28.940155888628503
0,0.3079927910143839,0.033505356086293014,0.12185387982616513,0.0,0.11979755899567024,0.0343009367581391,0,0.8105745730255929,1,0.8105745730255929,0.0,0.8722844014589938,0.9522937686404938,0.0
1,0.1632349611543702,0.2891703798295624,0.17488123953500478,0.0,0.258608891310777,0.18414210405824566,1,1.23736912775857,1,1.23736912775857,0.0,3.507083933893512,0.8607016886658561,0.0
0,0.7991223064471763,0.5208826083885587,0.11273289372087725,0.34802302741164226,0.0,0.06637436631210994,0,0.9467442318616245,2,0.41226981794016193,0.5344744139214626,1.6515261102258385,0.16796452321793065,0.8815788607507539
1,0.7869987715987572,0.37751074158972786,0.6283827484055935,0.7404622938515267,0.0,0.15339149184780174,1,1.4543404456969213,1,0.32280930450809464,1.1315311411888267,40.21203690596416,0.999878184675102,114.72513003871144
0,0.4896705347274053,0.9048936471286895,0.7953097154731688,0.0,0.48023148513854697,0.046965007839696975,1,2.319557722429707,1,2.319557722429707,0.0,0.17929579686931074,0.15387209935548563,0.0
1,0.7382498278365186,0.709371578148986,0.7985491794144938,0.41767188345538697,0.0,0.23134768405441636,1,2.4226454849008374,3,0.5800983582423613,1.842547126658476,140.4233803509692,0.9999975285778853,100.71795622780678
0,0.6402758292641009,0.21392819407931318,0.8763560236255086,0.0,0.5338626004276962,0.0801837112677973,1,0.5263142816997445,0,0.5263142816997445,0.0,4.8750042577150445,0.5692985900782852,0.0
1,0.7236497755023558,0.13064340968357546,0.4216674732396465,0.1769101713314999,0.8504634734036,0.11530715801547228,0,2.1941978075371082,0,2.1941978075371082,0.0,15.864077627665926,0.9962035712951087,0.4317152634197979
0,0.0015981668614627464,0.6184100640787645,0.27261572458509165,0.14446470764432795,0.0,0.14458658237949543,0,2.320782678482012,0,2.320782678482012,0.0,0.008299609785192003,0.45182428891889925,0.0014014625835929925
1,0.7212571188699208,0.5909195845094747,0.41781081371457407,0.9781993793716179,0.6884563985801188,0.28126552574487335,1,1.2664248563804201,1,0.8212423523715741,0.44518250400884607,132.57804100686025,0.9880190424592266,173.66600503261702
0,0.2711475764503847,0.5238647639857243,0.3070247321619033,0.8728414981667262,0.0,0.20501665681011746,0,0.9630757569689945,0,0.9630757569689945,0.0,0.24751089254543507,0.4143552188838322,1.6989644824944776
1,0.8470964783099529,0.9792795769130996,0.5184560079624166,0.5971574654839243,0.42794112611736534,0.1754154703675614,1,0.8529294705169463,0,0.8529294705169463,0.0,123.64645807300919,0.9969560919702379,67.31866867819633
0,0.6937843947030072,0.5421888900001687,0.9995299261235846,0.0,0.8501973794487186,0.07191536873893274,0,0.8941050409384652,1,0.8941050409384652,0.0,2.0309545402354687,0.22349487305196003,0.0
1,0.3485304035633585,0.06467925694196164,0.266594724726382,0.29950807814493663,0.2208766210040073,0.12836619035999194,0,3.0873729544471433,3,2.980786466058866,0.10658648838827744,4.023368404791216,0.9847800634637663,1.2317051752542574
0,0.12921931534751874,0.7952399007905547,0.21358673609564105,0.8483169634369452,0.0,0.2489699273619623,0,1.822771865051947,0,1.822771865051947,0.0,0.1243176992274217,0.3244104988206985,0.6952709775574255
1,0.8791961906416597,0.5072365625452219,0.2967957628933626,0.5287412144313978,0.0,0.012968013295204476,0,1.5060265012358973,2,0.32864191398291415,1.1773845872529831,2.3588441276741574,0.945300360121896,2.646567336067721
0,0.5587575035061045,0.9760073083444212,0.9220845765744154,0.8127497452942768,0.0,0.10707799746140009,1,2.602804229999473,2,0.02734482699496915,2.575459403004504,0.022267080375287313,0.12375783348909597,0.09664907496069114
1,0.13465124178533294,0.5870774781063183,0.4911361107038441,0.2910987465259599,0.0,0.19547779869850637,0,2.5589770569561825,0,2.5589770569561825,0.0,3.6712511229064533,0.9901683855736296,1.507539441950256
0,0.729464659162924,0.7958889305727782,0.3625398633994398,0.0,0.0,0.21026925205772812,0,2.1897192510978636,1,2.1897192510978636,0.0,2.580629191683487,0.14405435629935615,0.0
1,0.2884137270768461,0.894285604432912,0.41094151680946156,0.5900052437300932,0.0,0.17389816605913425,1,1.6145223766731562,2,0.2529522938301626,1.3615700828429937,21.397593903804243,0.9711853769287907,30.79232700756914
0,0.6152749633305948,0.460771538399092,0.8087048107278655,0.7068380934140432,0.4154551119841714,0.1859165627380419,1,2.399778553883546,1,0.3836391180884573,2.016139435795089,1.6487154826958172,0.31045577223802834,3.9751921453315795
1,0.36793263563257106,0.19647720864671825,0.7190003017239285,0.712419140482416,0.5869670118725907,0.0488393363739169,1,0.30603418925615383,2,0.1514159487018249,0.15461824055432893,9.360305840505715,0.9999906881530652,4.061809161568889
0,0.9609987434638588,0.2962247175020666,0.2815278363263706,0.8671662987027459,0.2171112622950423,0.21002552239155337,0,0.9600496181254567,1,0.250551336083895,0.7094982820415617,6.627533900584022,0.08480205048959732,19.859479118178267
1,0.9110854751644375,0.43911939253409793,0.16709491766552953,0.0,0.4078184526498956,0.07605597623747311,0,2.629758398477463,0,2.629758398477463,0.0,26.576246914040983,0.8666476511795929,0.0
0,0.875075645411225,0.12514805114360295,0.9712098118574535,0.0,0.4287636755246529,0.26206981550988456,1,3.001241924665585,2,3.001241924665585,0.0,51.34755015565302,0.46617930689418885,0.0
1,0.17236181317774157,0.6303989903553258,0.20310980219033425,0.0,0.0,0.08662545748070556,0,3.097766819252434,0,3.097766819252434,0.0,1.291396437220092,0.7303570689548144,0.0
0,0.9897517139481671,0.34415237362592754,0.16197771449017195,0.0,0.6045892704623989,0.24866068246296474,0,0.5356366140086082,1,0.5356366140086082,0.0,27.6017605436289,0.01915593650072067,0.0
1,0.8899325841959055,0.3118499228305137,0.31136670912912023,0.0,0.5275528856348884,0.14335322150640406,1,2.169286301664943,3,2.169286301664943,0.0,104.79361322039138,0.977371033071031,0.0
0,0.645945875528858,0.831174302696006,0.7140009179016765,0.0,0.8648650354632921,0.26113854466673286,1,1.9610854426407045,0,1.9610854426407045,0.0,2.235149616076307,0.14156961582773153,0.0
1,0.786404462004206,0.7951236371486241,0.583482171309855,0.0,0.0,0.21577754235397412,1,0.5947136036006581,2,0.5947136036006581,0.0,215.7775423539741,0.99929951753916,0.0
0,0.6793489652382605,0.8354656394955158,0.03636692296344135,0.7754781266527286,0.16016962386639233,0.16836689191926027,1,1.1224471011728503,0,1.1224471011728503,0.0,0.52898255873642,0.13297036084861547,1.168602162377158
1,0.9860596129082394,0.36731954388136,0.17203945900176554,0.8559656246536733,0.0,0.18211944900431962,1,1.4383251728931454,3,0.003346438426903218,1.4349787344662421,21.957902236251705,0.9169128525202952,130.4911376783835
0,0.7617418685401942,0.2494090191648991,0.841974956608277,0.15782540752683027,0.6154240591018327,0.09537872234622599,1,1.2438241978288238,1,1.1837658983239716,0.0600582995048522,7.443481475406212,0.4175998851743393,0.48679043581474546
1,0.3256074308201442,0.2724113007824165,0.484203388764781,0.34404342537289856,0.5174850312237813,0.2991992296915414,0,0.6381845596158658,3,0.37177308503061435,0.2664114745852515,6.706518271963569,0.9955802925824783,1.42915438407855
0,0.3865885150299757,0.5389182293129093,0.9787378982071632,0.0,0.0,0.07754030649886298,0,0.21757513958876748,3,0.21757513958876748,0.0,1.026587752100825,0.3636417384138758,0.0
1,0.672544709710203,0.39561613163955667,0.5865098420965704,0.9672045629116215,0.2831883993354204,0.10625147782435432,0,3.109338940900465,2,3.7118121535754814e-05,3.109301822778929,1.0917763715552915,0.9991801441404725,32.198719760974576
0,0.8515874703286921,0.6903241794774416,0.12129994066862271,0.0,0.5894833630661265,0.2841992849108262,0,0.5242824555248429,2,0.5242824555248429,0.0,6.533127339214753,0.11424973630683233,0.0
1,0.1941814495531644,0.6851449034128291,0.3120677276065891,0.8949600715812268,0.0,0.13755961639532796,0,1.3951724293700758,2,0.011826590760918118,1.3833458386091577,0.31089088115675567,0.8874888078324027,2.6488491513887342
0,0.9079501061151132,0.08983257318519922,0.9082966824162402,0.40357187237821945,0.0,0.15072336071105538,1,0.5826899345049416,0,0.5826899345049416,0.0,26.758612955941544,0.4825711651885505,18.106160713670285
1,0.8260906737436831,0.14064931356276733,0.5884820545408114,0.049414044404448854,0.0,0.2067942044594996,1,1.2786478324751578,2,1.181529005331582,0.09711882714357589,202.56832595362897,0.9998927499933474,10.530052747661632
0,0.056553952184757894,0.2874643838459069,0.49291894553883175,0.38171496670372573,0.0,0.2910745590175853,1,2.726748277409483,0,2.726748277409483,0.0,1.4633083561366502,0.7004653569563869,0.9034129412159441
1,0.32852972631190014,0.9526570762140382,0.9303217135749122,0.0,0.0,0.05732669428209864,0,0.9883951753196898,1,0.9883951753196898,0.0,21.183096700451586,0.9999996896468962,0.0
0,0.5968075882634556,0.8488317451985404,0.6863526034855841,0.7124908120243311,0.0,0.15765272086532392,1,1.6352963426055624,2,0.11183083971845614,1.5234655028871062,0.32261383174565783,0.1481130612010617,0.7994853749515546
1,0.15276726752349656,0.1121164087727099,0.9824714158810673,0.5753083872352542,0.0,0.13789229693078126,0,1.734545675816135,2,0.2915724140381922,1.442973261777943,0.01833834304564394,0.9999999972428735,0.02484203182981259
0,0.8035518943065724,0.9294224075830245,0.011867081854380235,0.0,0.3558337442705738,0.12625064470855937,0,2.7659285279548387,3,2.7659285279548387,0.0,0.5925913677200904,0.1186738742954968,0.0
1,0.7567132078806181,0.5132129517914464,0.27287760109824466,0.0,0.0,0.08045990607530014,1,1.3872361697702624,1,1.3872361697702624,0.0,40.29200130486114,0.931240395400107,0.0
0,0.7076166907608882,0.4563274515357013,0.10590485283998352,0.0,0.741005175748537,0.1310797931007036,1,1.158790937902504,0,1.158790937902504,0.0,4.9174942738804015,0.2583517301470064,0.0
1,0.5844413131239207,0.5331737727764975,0.488595594451803,0.627684391624142,0.041993285548157955,0.050480272189804276,1,0.636820345000964,1,0.25043472964818575,0.3863856153527782,16.77011657697867,0.996297033926487,25.691247315174923
0,0.30335093227118815,0.9186197165293982,0.24479906966322096,0.49326385228383973,0.947553974393821,0.2293015398910236,1,0.6970645986094048,1,0.6803151502404039,0.01674944836900094,0.504631475663636,0.18903425261624507,0.013539037389191724
1,0.13011200020654112,0.41613144594256934,0.8482545430780413,0.0,0.0,0.2970696067277042,1,1.251098238991795,1,1.251098238991795,0.0,34.054385975550346,0.999999507789132,0.0
0,0.9512931267678199,0.8036641761494573,0.6303033763162711,0.0,0.44574032759426285,0.1733050289613903,1,0.6822240450943684,0,0.6822240450943684,0.0,2.6265127950201945,0.06950591894675717,0.0
1,0.17121492736113508,0.17518787673320324,0.1753472498043115,0.9222987642735829,0.6680181100044129,0.23286465830810998,1,2.4706272248315613,2,0.004351198724916454,2.466276026106645,0.3316937723947863,0.9160956662236232,3.9371414564639506
0,0.6041457263651328,0.29795312900925075,0.7325556193133661,0.0,0.0,0.20017960579975555,0,0.9819844772549362,2,0.9819844772549362,0.0,8.846285262221741,0.4825957466319555,0.0
1,0.028848969579252426,0.4391789767723252,0.688186787254141,0.0,0.46920710131527954,0.13360621789271254,1,1.917881417874335,3,1.917881417874335,0.0,2.109658019285131,0.99993637578501,0.0
0,0.19072745679383662,0.571142692837188,0.42369938119213757,0.5518327531018733,0.9363147943893985,0.16121489568364472,1,2.597711100451244,2,2.557883184087599,0.039827916363645244,0.9264180498677939,0.4062954042013902,0.03470509889859591
1,0.4026900676957249,0.08830339916862306,0.7003667232027028,0.0,0.0,0.2801329223027828,1,2.5481412673152617,3,2.5481412673152617,0.0,61.68539666341763,0.9999933276261559,0.0
0,0.5337440940991592,0.2831773246367165,0.6851761140534973,0.34932011637204363,0.0,0.046817268144051585,0,2.9134920588294637,2,2.2237906611656975,0.6897013976637663,2.183000897050408,0.5413390593171843,1.1719528243998114
1,0.60561339207944,0.528388311885434,0.6110886983149629,0.7290101922435743,0.8983252696282281,0.2866928979936879,0,1.2885733076156476,3,1.0403831519178672,0.24819015569778036,93.1058135360696,0.9992779388579249,12.02233655161561
0,0.47926517179712425,0.6836478172656154,0.032615211799802424,0.5664213376946653,0.0,0.1884520015537967,1,1.011052033103308,3,0.08100687377932984,0.9300451593239781,0.9460990419528714,0.24316977759957992,1.2359710740497691
1,0.7051251056650905,0.9609159113217631,0.09358153884549847,0.4138185023472557,0.8389443028305945,0.02479933369012647,0,3.0276039972014943,2,3.0094422297871604,0.01816176741433395,4.612521144535975,0.38296653334622643,0.33010279905434564
0,0.524372812367532,0.6038170053335087,0.6872622753871273,0.0,0.7916650187761657,0.13293949492562698,0,2.9676336707853235,1,2.9676336707853235,0.0,2.18082122489921,0.2743795047160652,0.0
1,0.8522037958203014,0.9234493122210234,0.6420980784639905,0.0,0.9003352820371671,0.097686977029064,1,3.1230308487644325,3,3.1230308487644325,0.0,97.68697702906398,0.9997960342660693,0.0
0,0.808686273358725,0.5253511672135358,0.7861312803255804,0.0,0.15519559918795645,0.2191688340489106,1,2.544144645601027,0,2.544144645601027,0.0,8.228998342277496,0.15804259668417875,0.0
1,0.1838553641041608,0.8507039605314551,0.7575969865652515,0.017992286811939318,0.13420028823248398,0.2121614633828771,1,2.3796827175016415,3,2.346154638468408,0.03352807903323329,195.4813255906516,0.9999837748773526,3.093832018172935
0,0.8091794696374521,0.269128429084062,0.9071553532784119,0.0,0.0,0.12081931961692426,1,1.6330358344509865,3,1.6330358344509865,0.0,10.49256970185402,0.34133000727246987,0.0
1,0.9349237759850197,0.9966083578428203,0.1533728271277054,0.0,0.17070317185623618,0.28754925005102244,0,0.195934627789669,0,0.195934627789669,0.0,174.34494581058027,0.6862166500049103,0.0
0,0.4414146999000933,0.2101917501345556,0.014510712297541417,0.44154891410288066,0.0,0.1592454523216504,0,1.731601207466851,2,0.565123167721826,1.166478039745025,2.9721390333993667,0.677306739568017,2.3499726223149335
1,0.8443909260270839,0.9597421515023944,0.700828981984025,0.5385787547855683,0.0,0.08489352444158146,0,1.4034547646393092,3,0.13506144194598027,1.2683933226933288,39.26063044559655,0.9998409059854054,45.825678112543955
0,0.9262164674823604,0.8427981726864343,0.021987588821274717,0.0,0.7269019601710172,0.12650488631038131,0,2.9480414106946493,2,2.9480414106946493,0.0,1.5215151318794617,0.09348355810137143,0.0
1,0.6356560923693301,0.10234251595412658,0.8362833193109256,0.0,0.11241939908369658,0.1446851507924619,0,0.36295745714337213,1,0.36295745714337213,0.0,24.60472175547181,0.9999993924133269,0.0
0,0.25263241757408095,0.8807484578085039,0.48335609424000403,0.013560429167575272,0.6426317899398184,0.2607621943050658,1,2.138654608137729,2,2.130411284052604,0.008243324085124737,0.714567948661365,0.2178885910809778,0.003480188495355754
1,0.36359377204046317,0.16271706802696617,0.9184079394146712,0.38875223687721605,0.29779631626788194,0.11782916869625956,0,1.3908612935048974,1,1.047724572626085,0.3431367208788123,1.5560622315218617,0.9999999183964389,0.6528479428845807
0,0.01697490217390274,0.6292686694303093,0.2922855414524247,0.9310803938254294,0.6572326938835854,0.06753718633232042,1,1.85665267216228,1,0.07240448682154899,1.784248185340731,0.0022529683178465734,0.4265613159803976,0.03043683423470857
1,0.19563566771471652,0.5006424202594384,0.2712451430648811,0.0,0.0,0.1353956585729583,1,1.5187362941433502,0,1.5187362941433502,0.0,5.733450644949212,0.897500427515319,0.0
0,0.14452776640465104,0.0851790198894743,0.8444518191921359,0.0,0.0,0.26301362749060664,0,2.2375778818932,3,2.2375778818932,0.0,2.4043948380305626,0.9018429456207812,0.0
1,0.541822964909378,0.9291166035307683,0.5668278680064008,0.8693515702268778,0.9024577356394505,0.2070405077851084,0,0.3907983280949997,3,0.2992312650960716,0.09156706299892808,117.93657555613468,0.9968885867118799,11.703981785695163
0,0.9109688054999292,0.9624710587111605,0.38927724768347616,0.0,0.0,0.09934202955846073,0,0.713041096041939,0,0.713041096041939,0.0,0.2758124309680186,0.10591020383318017,0.0
1,0.4156029108793732,0.9001435827853224,0.4079126489216165,0.16270405865903215,0.0,0.10633323798097029,0,2.612829506042454,2,2.3579851008467765,0.2548444051956773,17.82112595926544,0.9588005701125845,3.463016336616336
0,0.4884370127917993,0.8450657168855257,0.6584230540847176,0.0,0.0,0.062344960745115294,1,2.8947282205452427,0,2.8947282205452427,0.0,0.37598678577183964,0.1737436681050628,0.0
1,0.6993550015017638,0.7391793847207254,0.8801441223159339,0.34145817011648205,0.16987784885429902,0.2846961443995738,1,0.7452161513331234,0,0.7452161513331234,0.0,215.62029649877974,0.9999998297192734,85.81020839391161
0,0.25083981615264606,0.03555274482589155,0.30436077562778285,0.0,0.0,0.2379944436671369,1,2.9531056975704035,0,2.9531056975704035,0.0,4.556999697420081,0.953101482774436,0.0
1,0.6633675481286656,0.2540640256688619,0.023157902528851526,0.0,0.0,0.15810639069813873,0,0.48942811981127315,2,0.48942811981127315,0.0,18.023084753628428,0.7675823330479812,0.0
0,0.594438638307672,0.9775671088908959,0.6967713332837548,0.0,0.11398939268227182,0.24403151199349107,1,0.10069875039977047,2,0.10069875039977047,0.0,0.266130838930579,0.11880681096141543,0.0
1,0.4516611584856285,0.22902543986167412,0.018162614501740393,0.05706522593354446,0.0,0.23603308563263778,0,2.4391783714685253,3,2.310655319692206,0.12852305177631917,11.89872209367703,0.7805966723345507,0.7200956877090234
0,0.9846549086075381,0.48051449037825256,0.7057431519961123,0.055976582158370314,0.0,0.1421308851246131,1,1.9539640454614058,1,1.897780504213594,0.056183541247811775,9.092432840334487,0.016318895363399144,0.5391426783353714
1,0.12708479876463996,0.3764594915744145,0.7210174021413354,0.5081967304190903,0.0,0.0958658101613314,0,2.8142986505171095,0,2.8142986505171095,0.0,1.7774949982380888,0.999927609816632,1.8367448984441386
0,0.5692948248130172,0.9048904007744479,0.480247405426661,0.3883215631660496,0.0,0.062139462829933156,1,1.5118797231174288,1,0.9634783140796317,0.5484014090377971,0.18513513544654772,0.13894839800422476,0.11753228635240894
1,0.9063370010211366,0.1570536410819836,0.7482098033774157,0.534469981405386,0.006276604151786214,0.26875644335635335,0,0.9222364602252902,1,0.4298135936298719,0.49242286659541823,128.74052641520976,0.9999919457732274,146.3171276490101
0,0.04519557992124601,0.4945994861845181,0.860520766988789,0.043022532589308216,0.8943101159723587,0.1863123665627081,0,0.4734705725218695,2,0.46933002328156875,0.004140549240300773,0.2638815956066332,0.49965032965583434,0.0012055595500757047
1,0.7088918858333146,0.8137403232564168,0.9830975280602372,0.0,0.22199421170904476,0.10140635602575497,1,0.4489023008649137,0,0.4489023008649137,0.0,101.40635602575496,0.9999999988338906,0.0
0,0.11765612277026649,0.6276423923934532,0.30623912488603,0.0,0.0,0.10377833022140678,1,1.8052629325553906,3,1.8052629325553906,0.0,0.3219749850561354,0.39404587633082666,0.0
1,0.823993224876168,0.3330330220198302,0.06599398661989897,0.17730221299896698,0.05904014137540259,0.11942204378093646,1,1.6675613981876656,3,1.092127015640829,0.5754343825468367,31.504769229652084,0.7810706325050429,6.433092429284405
0,0.15667205575126464,0.18419611955417614,0.2889944761648552,0.36711108955090477,0.0,0.20246375454585028,1,2.237527701882389,2,1.081934049247426,1.155593652634963,1.297896204161702,0.788811044798574,0.7528526440693729
1,0.9808973293517402,0.19211067228890633,0.43782042961337797,0.5577829538326685,0.24269717121938372,0.26127399397210943,0,1.2297147385394513,2,0.3712500086157131,0.8584647299237382,66.54080408130075,0.9966682747940951,63.74266305282899
0,0.8260852646339114,0.46694027378953706,0.535830586090875,0.6769524742808783,0.5652126807499827,0.16339562685826958,0,1.4833083803319949,0,1.4833083803319949,0.0,6.68660857448118,0.16565246593236171,3.3082715764675545
1,0.7015550358749741,0.17940800878066765,0.2004180554235313,0.8754877436108168,0.9261084308124665,0.25725355098839897,0,1.2624571516375742,1,1.19614116474876,0.06631598688881413,27.84043419242627,0.9426978037498642,2.1681633310332256
0,0.25590437885263495,0.5058326592182307,0.42663364102893053,0.0,0.0,0.14160832437828916,0,1.9759676463560083,0,1.9759676463560083,0.0,1.2405428519068065,0.43022526297696284,0.0
1,0.11869044274297269,0.824196665312232,0.7608054080918137,0.0,0.0,0.1702614799359624,0,2.3833549728197325,2,2.3833549728197325,0.0,4.566144229846733,0.9999395029451263,0.0
0,0.7965390059639,0.8653739780815487,0.394537272626729,0.6890877468279158,0.0,0.01754251848255983,0,0.07548514100255084,3,0.0022680679183374837,0.07321707308421335,0.04822556373692068,0.1216883539664727,0.1068843209488679
1,0.9360177827315821,0.2477127962052461,0.31177421154748053,0.1503517180837758,0.9130227410802448,0.04757834238596372,0,0.10579779701851925,3,0.1017081024537182,0.004089694564801058,15.978953662617428,0.9789748382250711,0.21176151919986
0,0.6761688390844223,0.8734922295657219,0.7277181925138859,0.0,0.0,0.017424756544904815,0,0.31810050932099976,1,0.31810050932099976,0.0,0.12456985987135623,0.14577704381872636,0.0
1,0.27508177759404817,0.33132863740175234,0.6544720733867092,0.7931054772499131,0.0,0.04474545983387976,1,0.924877292540951,3,0.007605535862680004,0.917271756678271,1.8766636127151983,0.9999108523292946,7.193966135091453
0,0.8888689190358716,0.9570231355552941,0.7902960871386647,0.37752314909847073,0.0,0.29864068602317084,1,2.8272881842126196,0,2.8272881842126196,0.0,1.877297117565555,0.087897034825136,1.1385533752626964
1,0.6755239765915669,0.7123161390303329,0.41324059492045895,0.9334393856972365,0.3413655318263904,0.23967666092396014,0,2.3811293256263326,3,0.00022931809677620906,2.3809000075295566,5.5240299634332946,0.9756518868582614,77.46844270675878
0,0.1916792269902169,0.5439987246773929,0.745512538147481,0.0,0.7578894560038525,0.17713238122228211,1,3.0384070223336517,2,3.0384070223336517,0.0,1.0425408772497866,0.42389355973290543,0.0
1,0.7203298951506845,0.9120635190164557,0.7809061186240212,0.0,0.9544398995083138,0.16796234694532708,0,1.2317308487995862,1,1.2317308487995862,0.0,167.96234694532706,0.9999764644351513,0.0
0,0.731565106404367,0.3338420818332879,0.7896754724706498,0.0915140437339299,0.19024866102854832,0.13392320342758274,0,1.8935324699792162,0,1.8935324699792162,0.0,7.813867255143521,0.3488067984642458,0.6258585103304537
1,0.4081727891199459,0.6165939007294153,0.1262437922676226,0.5166629877053797,0.629740336492362,0.16944476145279688,0,2.8355044969597616,2,2.6181883822783707,0.2173161146813909,10.314532062484721,0.6102778599357966,2.8520979542275025
0,0.5367896068214304,0.3330687733539843,0.008209104737094797,0.6843527340518544,0.5729068600358912,0.06652000660362944,0,1.2603901604164485,0,1.2603901604164485,0.0,1.8135925514551174,0.48119987268569653,0.8500472609323404
1,0.8175490842666214,0.47773923304696864,0.25867682827561245,0.24695824238209685,0.0,0.04243557934502136,1,2.703032559791972,3,1.9382922324856362,0.764740327306336,25.64093231719589,0.9308163481532098,8.408882394681239
0,0.6585762032233003,0.1891146211747765,0.504676470782345,0.7581835737287057,0.36679104688595554,0.2591579133648933,1,1.5553356346979863,2,0.16603391926152056,1.3893017154364657,4.6098716972004565,0.5941486668647327,13.257861287535688
1,0.3214222148163144,0.05529185860664587,0.19116890448498192,0.8146016515102156,0.5441897984018227,0.1648794049189034,0,1.5369249871183737,1,0.7878725261327311,0.7490524609856426,1.0987738972099663,0.9757288470705199,2.5513836837012662
0,0.05420952925275091,0.8283063682459293,0.627625128132596,0.5112484680835135,0.0,0.14936254407302268,1,0.023435851285849223,1,0.011454296157420153,0.01198155512842907,0.07842987381814802,0.30887900666386814,0.08203995327499637
1,0.24016046791771384,0.7003305584608468,0.8471247568243199,0.0,0.4637916025718385,0.08686595479981328,0,2.85576516148391,1,2.85576516148391,0.0,5.633070665903638,0.999995751272125,0.0
0,0.9107486139017947,0.5900341331574122,0.24739833425722124,0.0,0.233318937407772,0.04518142584957524,1,2.1111502093792796,1,2.1111502093792796,0.0,1.640027149621075,0.0819318377049636,0.0
1,0.19319143674017403,0.09771206968240997,0.25379906185264134,0.0,0.15258868678363813,0.14245981626912113,0,2.147188596166533,1,2.147188596166533,0.0,1.3574699089733437,0.9721542877897165,0.0
0,0.9860957113147485,0.8545532953695537,0.6565830139162413,0.7113896896176951,0.30209614135301555,0.14547207463509754,1,0.16226577059979932,1,0.08159138721659903,0.0806743833832003,0.8273761668514881,0.06628038425666738,0.8209839045183527
1,0.23042131864141358,0.6435535726122833,0.5927398602233259,0.47890735654379946,0.0,0.29275482735868896,1,0.25605615204563803,3,0.03624179560015503,0.219814356445483,46.914802197717556,0.9992536525145318,43.116793501945956
0,0.3262114573608035,0.5103182308488547,0.5758901904819594,0.0,0.2188017359945369,0.11311186719672071,1,1.5217003098770063,0,1.5217003098770063,0.0,1.2980127072923928,0.4010656880837985,0.0
1,0.958239452560383,0.23357208791794892,0.49054844789314167,0.0,0.35757873469057955,0.03255301078868852,0,1.6796891691956573,3,1.6796891691956573,0.0,18.88598716463388,0.9980846285003716,0.0
0,0.6160410024949234,0.8227601527722646,0.5121112432515821,0.327081187436545,0.0,0.27626734212483417,0,2.936677975611376,1,2.7501578454226365,0.18652013018873959,4.298857954265309,0.16879973365485623,2.089517395041685
1,0.7410707920450748,0.34668155018032243,0.1646640590477665,0.0,0.0,0.2834558576446241,0,2.768456056001912,2,2.768456056001912,0.0,42.80592316558202,0.8615558011520216,0.0
0,0.48155118114347106,0.022220078163404433,0.456698120157325,0.0,0.0,0.17903998637041987,0,1.7412546753013527,2,1.7412546753013527,0.0,9.558878398146161,0.9580078931157927,0.0
1,0.6373224243455771,0.6757058997803426,0.9913700477043231,0.9661822353352391,0.0,0.08623700578694811,1,2.9556241122173317,3,7.664808660953385e-06,2.9556164474086706,2.916342767099438,0.9999999996007073,83.32066301993144
0,0.8999779624619563,0.6468591572734799,0.4342342365111518,0.0,0.0,0.214422954736457,0,0.5182387282741361,2,0.5182387282741361,0.0,6.256690600692964,0.09363969740555755,0.0
1,0.4588688810411634,0.39783917190886675,0.13744969772166016,0.9789228288674194,0.0,0.017179093151218863,1,0.038190544316348086,3,3.575145935763791e-07,0.03819018680175451,0.02958846719235477,0.7787948586160991,1.3742273962475762
0,0.10111586763188685,0.12085044377996179,0.32370357592814525,0.0,0.5239317457280689,0.01299129511048834,0,2.8597869317649973,0,2.8597869317649973,0.0,0.07605325481560801,0.8673582381140699,0.0
1,0.9514468405542722,0.6188782041124627,0.9449549319044717,0.25780564164601505,0.0,0.05564886936054256,1,2.8613548498465042,3,2.235214530472981,0.6261403193735231,66.88218442053737,0.9999999919052431,23.231926078586543
0,0.6512237523323745,0.9201553451090024,0.7234412927526023,0.16164239176997586,0.4597319786446268,0.14283808949945775,1,2.2956088764852036,1,2.2190502480257637,0.07655862845943995,0.6228059378158323,0.12171247666130158,0.060289856662403336
1,0.09895212861300551,0.49014103925715136,0.692721306367104,0.8307553232052914,0.0,0.12348436882934893,0,1.2475146438363678,3,0.005125265062224344,1.2423893787741433,0.13376155508425086,0.9998144578842375,0.6565826827230142
0,0.4370139619893151,0.9664021007242364,0.8174170717912232,0.06683681492754745,0.8253803504006625,0.28237309720154147,1,0.3529289952294812,2,0.3448986837157795,0.008030311513701704,0.3574665406272852,0.1447632752741348,0.00422271485436119
1,0.8176815755908087,0.7313897720623433,0.39905660058835624,0.6152100378299324,0.7715409599411707,0.10906446681213718,1,1.8567197976215553,3,1.156285031902454,0.7004347657191012,71.71883046992133,0.9821448243597624,58.21207141536767
0,0.18041712505541718,0.5494077927733717,0.021637241748502234,0.0,0.044048512205865364,0.2674284571925684,1,2.2870252519016763,3,2.2870252519016763,0.0,1.460304337871992,0.4238928105532306,0.0
1,0.813385300774295,0.8409013098485317,0.8478951975303174,0.005649880772503502,0.09367011329550012,0.29424847575305485,0,1.1162332890356383,0,1.1162332890356383,0.0,293.58187814890806,0.9999969097166034,1.5110710844335962
0,0.17895812758047858,0.9038249326396122,0.5385853272948881,0.7639939258668856,0.30734426634921463,0.19917060544012033,0,3.091707611988055,1,0.02227287092959207,3.069434741058463,0.09535812888407877,0.2657286878004519,0.30869133990329656
1,0.43725369657947266,0.15528577508592878,0.12805675801927086,0.11699477444878748,0.0868869419539805,0.1554711027455866,1,2.870926052752757,2,2.7940301819221425,0.07689587083061467,10.873913018112663,0.9075891887782656,1.3016398083167673
0,0.3890638134584643,0.09053962431457674,0.9785154459997092,0.0,0.536752405130565,0.08099862490947447,0,0.5025951649738155,3,0.5025951649738155,0.0,2.661289898943256,0.8598808945704058,0.0
1,0.8546472967932308,0.11755994363401301,0.08989419936692855,0.9156706233618606,0.04666006681117463,0.0761993802266649,0,0.4036331384041591,3,0.0007541069778188008,0.4028790314263403,2.271833631355483,0.9351054490861378,16.10530788887843
0,0.8981330938018982,0.15301266856679396,0.8236145058018897,0.0,0.0,0.03262040521393099,1,2.01245657666599,2,2.01245657666599,0.0,6.22198358340884,0.36056259941220536,0.0
1,0.4695489940384855,0.35308517370129444,0.8841265581469498,0.0019287613969518613,0.7291737882422515,0.27305692173536217,1,2.438318677795841,0,2.438318677795841,0.0,273.16579731212545,0.9999999157903459,0.14276524835637575
0,0.049842215942830004,0.5440618971284245,0.47091765117908146,0.0,0.0,0.047711966552151076,1,1.740384705110245,0,1.740384705110245,0.0,0.07000431411209083,0.4673373091121962,0.0
1,0.6173161479116246,0.06760564697283178,0.3424828227251713,0.0,0.14025539432039114,0.1398020627318515,0,0.026162953790821362,1,0.026162953790821362,0.0,9.882100582323007,0.99406129454155,0.0
0,0.01820614227486783,0.32452625571231664,0.8853137831586266,0.48585403260517124,0.0,0.284563480023969,0,0.4346605202305235,1,0.2235775429242509,0.2110829773062726,0.10998522041742342,0.6714331038101156,0.10393305842217766
1,0.4380012039573046,0.08454037888738342,0.12374774432614133,0.6921618542685901,0.20894666401426276,0.14001814096815818,0,2.690639310931489,0,2.690639310931489,0.0,3.813269012603355,0.946471943609886,8.573984047095259
0,0.8423334836944436,0.5637954513047733,0.2338283583797367,0.21157061782000897,0.0,0.24734236481364053,1,0.32689866364241726,0,0.32689866364241726,0.0,6.92997642148879,0.12737530549717058,1.8596204379376657
1,0.46180418698963477,0.4424580380516058,0.43464199878763854,0.013753740997467512,0.0,0.07023829481024606,0,1.7520722053738231,0,1.7520722053738231,0.0,5.533797346100764,0.9864818843746592,0.07717181660868287
0,0.04668650696639187,0.5208637650931547,0.023343628510862025,0.0,0.0,0.15640414857175602,0,2.5115324318773067,3,2.5115324318773067,0.0,0.22324013257946315,0.4863987990547497,0.0
1,0.19693720449343488,0.7938250164405238,0.644020552560988,0.0,0.0,0.21469835524113856,0,2.983816575626516,1,2.983816575626516,0.0,11.012287492504768,0.9992117895286736,0.0
0,0.3456067686232899,0.16830805105123436,0.32671875928933647,0.9047754826564721,0.0,0.20931470300426502,1,1.1376332101047943,2,0.008678584906110856,1.1289546251986835,0.4824179707883273,0.7637986059751154,4.583692987253885
1,0.5907916822807456,0.18874689694371105,0.46507091020425384,0.039167846579323595,0.8547551651847188,0.27437214941291826,1,2.945998601788457,0,2.945998601788457,0.0,94.29972489344985,0.9980205117995191,0.5395356537176733
0,0.34281037130998304,0.44705540188376236,0.6562517242932369,0.33120250492205405,0.0,0.268658842303395,1,0.7958331378898029,0,0.7958331378898029,0.0,2.7080711386614973,0.44838270238971367,1.341093456887536
1,0.16140111445944683,0.033153738220380036,0.5219180999734961,0.24123933265868958,0.7258908075330588,0.12222144647953864,1,1.8595355596816308,0,1.8595355596816308,0.0,3.358761545499287,0.9998268096709989,0.23946353361767236
0,0.08148835815432165,0.816226096313312,0.23802269415402943,0.9953194190736421,0.797064668650326,0.12798347011928937,1,2.2038099205646486,1,1.9065245312231656,0.2972853893414831,0.0009351076109585142,0.3038002597240165,0.19884941180469967
1,0.8535353758240211,0.049791335202160725,0.35736115872682883,0.43261696634329405,0.2694898580203525,0.2548013077995674,0,1.47415181314007,0,1.47415181314007,0.0,40.81199040002542,0.9971399065197449,19.808204070341233
0,0.5695078554588712,0.5058207690962345,0.24426737109529983,0.04961056276050224,0.34511791701794836,0.16858675071765414,1,1.7597658672706262,3,1.659656112557639,0.10010975471298722,3.9840216081629394,0.3023361949250386,0.13443514979157822
1,0.9788924433959652,0.9030868773945148,0.8669196254952872,0.0,0.0,0.08259318199916084,1,0.7140497203799567,3,0.7140497203799567,0.0,82.59318199916083,0.999999724396396,0.0
0,0.10516231777149154,0.5927879398950436,0.29648495319785695,0.0,0.7298990578502305,0.26901516689946936,0,2.0983979606163903,3,2.0983979606163903,0.0,0.8096139615467844,0.4291057418503049,0.0
1,0.893464377742993,0.1715702627076513,0.24139850971028942,0.0,0.0,0.22899650176047634,1,0.43627560170808366,2,0.43627560170808366,0.0,113.10461351982933,0.9735410186090506,0.0
0,0.9032841905386814,0.5888895396311449,0.21589289712664095,0.0,0.0,0.2940192806217241,0,0.5722375712578227,1,0.5722375712578227,0.0,10.640697684034754,0.09225592601915733,0.0
1,0.75289082784183,0.13031881738596662,0.603637141901586,0.8384105812492662,0.0,0.13384316752554717,0,1.530146195436187,1,0.18880142358926544,1.3413447718469216,5.15121691615584,0.9998188774607297,26.72721272348569
0,0.2724792714370645,0.8644769313151992,0.36851146053775996,0.03903193128448712,0.5024455236564581,0.08986455682370639,1,1.1737149947385517,0,1.1737149947385517,0.0,0.28858338008354684,0.2195331911489311,0.005716400618467671
1,0.08702381425153538,0.800113250783187,0.3730816118939394,0.0,0.2924575805481854,0.23590433555296048,1,1.096955314818042,1,1.096955314818042,0.0,9.554662428671186,0.9493866599465719,0.0
0,0.6139752803516346,0.4329684865850546,0.600816847940766,0.77789731238404,0.4021109640785271,0.07243113371888432,0,0.15031021844448975,2,0.04280702464578974,0.1075031937987,1.235919330092495,0.33579188782321256,1.0856495385495342
1,0.6134903788519068,0.9077897213689139,0.372591189933829,0.4925629556103114,0.0,0.09688359375426511,0,2.671513349219908,1,1.3977906473693655,1.2737227018505426,20.579956912416005,0.9442378582774321,19.97671339762847
0,0.32294778605122343,0.4562318502646865,0.22885178833697617,0.0,0.1347789910769316,0.1772404929622574,1,0.7536987430028471,1,0.7536987430028471,0.0,2.26530606575131,0.4465833623201696,0.0
1,0.2449783743645103,0.32916651804539276,0.25979395685408313,0.8875686822369877,0.07131891921072075,0.2955004695264767,1,2.0587838381115255,0,2.0587838381115255,0.0,1.7401660632357274,0.9259725559124362,13.737425926780137
0,0.7990954789900011,0.49667367822817876,0.3331854567816529,0.0,0.0,0.13138277799662212,0,1.3212979398223834,0,1.3212979398223834,0.0,5.315160048831252,0.17366422517240943,0.0
1,0.663285436486702,0.45497935016711355,0.5173200676259724,0.0,0.0,0.07513631618583574,1,0.8800411314074366,0,0.8800411314074366,0.0,75.13631618583574,0.9982774078026073,0.0
0,0.7901624596034413,0.8892319345656124,0.7836584576101076,0.0,0.9249024748692946,0.08094348544582491,0,0.2242129701725386,0,0.2242129701725386,0.0,0.5851099917203183,0.12195339254795301,0.0
1,0.039386607075251434,0.6490374593853572,0.04564778800774316,0.40797274224428504,0.8023285088265113,0.0439173818721068,0,2.560521511361174,1,2.5082706520183002,0.05225085934287366,0.11970639704600962,0.39964748137479655,0.010779498524261794
0,0.895610456193703,0.390819591116211,0.8410283917757132,0.7543135733402723,0.07386832658194398,0.09802774172661184,0,2.8996623375714576,2,0.027893799346332446,2.8717685382251252,1.7351153193711344,0.13994373631510082,5.327201239834819
1,0.2936421855180843,0.04854719717801903,0.9613634013543203,0.8328183558583785,0.31283458791629104,0.2305224061507715,0,2.275262240326105,0,2.275262240326105,0.0,0.14108457550658085,0.9999999959874998,0.7028153408446812
0,0.5098668752416093,0.06851041269469416,0.9939241552106673,0.9021467114378604,0.0,0.09250660797333077,0,1.5281630164063709,0,1.5281630164063709,0.0,0.5389262794537817,0.869519960196269,4.968566492355807
1,0.3131942772853732,0.4131138780451029,0.9975436638270349,0.1875943390203828,0.4958596715663276,0.26235197858232084,1,1.7166501869395192,2,1.5044923118850657,0.2121578750544535,7.149353816828863,0.9999999999253407,0.7884127100744456
0,0.6500410629009888,0.5595428736598803,0.5319569429352693,0.36103240282094295,0.2034551819475695,0.17421620081984762,1,0.13813027434656647,0,0.13813027434656647,0.0,3.030187633297465,0.23443130547139246,1.2235212959426602
1,0.945318663536973,0.6998175940470619,0.6934320548177805,0.0,0.0,0.29115213598216033,1,0.8215305929888792,3,0.8215305929888792,0.0,291.1521359821603,0.9999598312019111,0.0
0,0.21203890079590348,0.8220964634186786,0.37487917945807314,0.3861153979574108,0.028446142498782523,0.0894644791058343,1,0.2973066180697281,3,0.07263334208213004,0.22467327598759804,0.18346834672218834,0.25659954080067593,0.11030599274168836
1,0.6386392514454802,0.5398313787688328,0.2204309040410063,0.0,0.0,0.188506133476319,1,0.08452646677647149,3,0.08452646677647149,0.0,49.03106819316404,0.861370159680099,0.0
0,0.3459531141136132,0.9860146358274825,0.13411549681172286,0.0,0.0,0.1176111790088379,0,2.963454481731936,3,2.963454481731936,0.0,0.06132854631475004,0.19058513209411931,0.0
1,0.1279842268107092,0.6511539800204702,0.9747265462804366,0.27240879244016114,0.6343748388142187,0.08489908430911079,0,0.817430262000347,3,0.6060933960248804,0.21133686597546653,0.29942477426928843,0.9999999707089455,0.03549849162654681
0,0.06690271497648781,0.8266167718343773,0.15307766492459207,0.34898475334501833,0.15225388871706746,0.13157026125000473,0,0.4940046284181512,2,0.2460104340370008,0.2479941943811504,0.13980081185056456,0.3387259595143922,0.059507044829226696
1,0.1498259727445208,0.7537667416786968,0.3517506960176521,0.7410973928659474,0.8889023089892708,0.020910777996300596,1,2.761013840204747,1,2.7244424576015263,0.03657138260322057,1.4689031737525964,0.9386489243546897,0.13522854197411846
0,0.711752079720904,0.07558057979063793,0.7697493434477671,0.368330260994324,0.0,0.11294675883039376,0,1.9586772858295678,0,1.9586772858295678,0.0,13.749358396914614,0.7790316477972755,8.017330028840519
1,0.057001131040039565,0.8645096080584997,0.6258192059793681,0.0,0.8503753332386882,0.226296172520984,0,0.31942383841591854,2,0.31942383841591854,0.0,2.2775609111204473,0.9985974666721368,0.0
0,0.6478312752318179,0.55544702583633,0.4078076665031073,0.0,0.11934460850627471,0.10079198028711592,1,2.802990440435837,0,2.802990440435837,0.0,2.4741162383709243,0.2374634889929098,0.0
1,0.4181650139538571,0.06617258980414631,0.5356471061050155,0.0,0.0,0.1772726555264953,0,0.4550075969635587,1,0.4550075969635587,0.0,5.056595891449274,0.9995719138538518,0.0
0,0.2649291464663508,0.9573335080702574,0.4541410359005834,0.48055636676149194,0.0,0.10717872344768493,1,1.1725822943998812,0,1.1725822943998812,0.0,0.07456143067823676,0.18345824404606692,0.06897951564808213
1,0.5187451228254016,0.36718436182650915,0.6698619164739147,0.4604656913093561,0.0,0.07809851585220323,0,2.933402515650974,3,0.6521280225439153,2.2812744931070585,6.650873951738196,0.9998403832382861,5.676190045134797
0,0.2999389502211002,0.541283543780075,0.9363948123237139,0.0,0.9195166474692297,0.2755481615288674,0,1.1230819501534255,0,1.1230819501534255,0.0,2.696908945481489,0.39388547309010835,0.0
1,0.6610812216805572,0.18264700175110982,0.9946675482648395,0.0,0.18497436101264308,0.07903985959095257,0,3.00613149015326,0,3.00613149015326,0.0,2.536095318174616,0.9999999993794843,0.0
0,0.6574698047167707,0.916342208385083,0.7135779003669729,0.0,0.0,0.0228742971147509,0,0.33144989550679244,3,0.33144989550679244,0.0,0.10715942825990495,0.14351959914848877,0.0
1,0.17418966128083513,0.7666814340532255,0.026213175795228416,0.9420401822436568,0.28049885356221693,0.12495359876447092,1,0.5567491384465743,1,0.1658294960142636,0.39091964243231064,0.5227075054060785,0.26719175862113254,1.2877751262643877
0,0.8396344415818761,0.1312155901075409,0.840361747031791,0.0,0.0,0.1984445890438368,1,1.014950567660776,3,1.014950567660776,0.0,32.104314243686446,0.5149840065673879,0.0
1,0.7681881110366325,0.03542550972939318,0.8379701008149449,0.8443972709672343,0.646156627803349,0.14728666168070942,0,0.9453054459237535,2,0.41087638997666587,0.5344290559470877,30.063170087382563,0.9999998192083729,22.77448631200618
0,0.8632353288975858,0.6088941921157379,0.17061411033049934,0.0,0.7911696848858751,0.06719720803858038,1,1.4736560038207944,0,1.4736560038207944,0.0,2.098119201923539,0.10791234126855664,0.0
1,0.885626454754839,0.14077694308052802,0.6250719236799459,0.0,0.44241794796842826,0.13586958065027036,1,1.0213549578918588,0,1.0213549578918588,0.0,135.86958065027034,0.9999550801592186,0.0
0,0.5926641145360305,0.6602304177790196,0.6101828970293329,0.6985850873336765,0.0,0.2934197094843431,0,1.7108291528110335,3,0.038405194013893515,1.6724239587971401,1.4363684342404115,0.2236750278760533,3.3290508395913387
1,0.2930092327869037,0.6755979059909842,0.4605053634527858,0.0,0.07542717038873903,0.13146337496564928,0,1.8313269192409984,0,1.8313269192409984,0.0,7.03400160684573,0.9838830876666724,0.0
0,0.6287643515240148,0.07597665572319878,0.6685393076542795,0.0,0.05162643208513429,0.2548999973417438,0,2.788607089269316,1,2.788607089269316,0.0,21.2065779750428,0.8186745218183439,0.0
1,0.15930775172354394,0.7455739603247563,0.5391194883526481,0.0,0.24838968864243427,0.05569355338931049,1,2.7283174836942212,0,2.7283174836942212,0.0,10.092064667510307,0.9972085210946946,0.0
0,0.1061499770531189,0.8137939133843749,0.9067103889883833,0.0,0.2532808202366226,0.14521595831579942,0,1.7620256620612094,0,1.7620256620612094,0.0,0.32171874421207264,0.32638801348061175,0.0
1,0.250680369185903,0.9506877408872931,0.6544282575800616,0.43675544422713597,0.0,0.2027009034526621,1,1.7804443625891195,2,0.5953337819117701,1.1851105806773494,119.3321446110689,0.9997384824531618,92.5334533569853
0,0.6472148202838953,0.23367288156054178,0.8612082659880703,0.40133336527858066,0.10492677585363563,0.2142249683776056,1,2.441735995533082,2,1.218930619398439,1.2228053761346431,9.14845257694195,0.5363833207264092,6.132927821347737
1,0.2757830165509034,0.11362028381517941,0.9093552416680362,0.6694226809924118,0.0,0.07542372758832522,0,2.1034840360337697,2,0.16895264870850057,1.934531387325269,0.14915396130498793,0.9999999134863882,0.30203840044794944
0,0.5553570954715996,0.43735366151909605,0.6162917834100706,0.0,0.9320139337614063,0.0348656389029602,1,2.3861016520381693,2,2.3861016520381693,0.0,0.9507466797173921,0.363877314194636,0.0
1,0.5641465465385179,0.45316540996437693,0.3094376205713323,0.0,0.18682008369975456,0.11918791753564478,1,1.8006789381044193,1,1.8006789381044193,0.0,31.6663711586287,0.9521299292661072,0.0
0,0.6240127809953258,0.07571883422994574,0.5293644295780074,0.0,0.0,0.01275269647321434,1,0.6764424610168016,1,0.6764424610168016,0.0,1.0427195160774523,0.8210957906194849,0.0
1,0.6138446119655264,0.9798394921590458,0.8575261348140949,0.4591808985202177,0.0,0.12395268452226557,1,1.0833715826815271,3,0.17329388278114663,0.9100776999003805,67.28671996746893,0.9999994570203359,57.12959554978974
0,0.7668553388125651,0.8478008298900769,0.8969638736334056,0.0,0.009815343130619048,0.09399575235637286,0,1.9120079740853273,2,1.9120079740853273,0.0,0.9055060141489348,0.1291213372016713,0.0
1,0.9123589034930749,0.36168022386633725,0.07615615846271062,0.398352350273386,0.6309094568750565,0.10986403498488305,1,0.8655764191230036,1,0.746571060200626,0.11900535892237762,49.424960352376395,0.8107344756368547,8.961786150791086
0,0.4763490814959763,0.3484411893899235,0.7588726862039505,0.4222425870074078,0.0,0.21193583452007425,1,1.003882409461463,1,0.5870853907014864,0.41679701875997655,3.450407250947552,0.4947422430316767,2.5216619486072993
1,0.4256423300855706,0.40549365521628566,0.6188581518193653,0.5601040913484523,0.0,0.2789334202483162,0,2.8226594049707283,2,0.3361063601464715,2.486553044824257,10.39337605035091,0.9994463783184852,13.233522599856263
0,0.2756869857671399,0.6592523597985981,0.6742529435372363,0.7088196844025716,0.0,0.25890978873025866,1,1.593635670455219,1,0.39301033103674365,1.2006253394184754,0.5238815983188932,0.32354985290598814,1.275283971111927
1,0.49554460172584913,0.49258554411816535,0.6581042966847507,0.8035349066435908,0.43742203142892755,0.16010641459662647,0,1.7063529421574024,1,0.40433926983583013,1.3020136723215723,5.962354781418159,0.9997185252008802,24.385808750114617
0,0.8262916100562863,0.6086148068812931,0.03141511024097432,0.0,0.6702291655417248,0.12988642097042036,0,1.9640744719087646,1,1.9640744719087646,0.0,3.837666858425294,0.13440775083431877,0.0
1,0.655768209361816,0.9364799123400135,0.32971501452134344,0.2479013604587761,0.0,0.11825364550894267,0,2.0410196759411083,1,1.7084256224589631,0.3325940534821452,38.660602875493495,0.9081574885510811,12.743030694534303
0,0.8980732781198443,0.6854387731442232,0.003185929017230138,0.0,0.024570701146269247,0.017372373619317434,0,0.15906531251180883,1,0.15906531251180883,0.0,0.43650253726057314,0.09470532771780782,0.0
1,0.10608454749304408,0.7758206849114169,0.6330063088124331,0.07121311444098166,0.0,0.10486469417556782,0,2.9287971389717447,1,2.911294185198026,0.017502953773718577,1.9951470264895281,0.9989557660758118,0.15297441827946087
0,0.6382492347749934,0.7847365952899544,0.858158084253686,0.9330380610924573,0.327793618720823,0.13320672128006794,0,1.866062297282809,0,1.866062297282809,0.0,0.10969771365258811,0.17141677458005466,1.528512222353785
1,0.8184513450325346,0.763680428672286,0.38201892206539034,0.16646760476702482,0.7128089487815473,0.20345503132956635,0,0.8865624661832952,2,0.812093374840396,0.07446909134289914,120.43581102729362,0.9661440365021422,6.142591177813026
0,0.7865153527255668,0.6158697277720496,0.16133814618619113,0.6344010452254316,0.0,0.2899429947982804,1,1.0399600394742907,3,0.04887610863259219,0.9910839308416985,2.823016513237234,0.146437844743597,4.898604340350632
1,0.752792443622144,0.07445768390413476,0.5852935920069827,0.9261769473097576,0.9159746721876776,0.009805233048670819,1,2.6645434071571135,3,2.5192904759640915,0.14525293119302196,8.345034186277164,0.9999349582401136,0.8979786532844461
0,0.12706414684591072,0.30143240692918505,0.29422895069159516,0.0,0.0,0.08584195979757313,0,2.7871768366894183,0,2.7871768366894183,0.0,0.5017078986633619,0.6692052975558741,0.0
1,0.9799340609602271,0.06085540837694137,0.6280353568537804,0.5421566818588446,0.40664299511338764,0.10721385173476798,0,2.79250143440998,3,0.45382011722413973,2.3386813171858405,35.56812857252693,0.9999574400667821,42.11811727448812
0,0.8463668387158026,0.8361168519305208,0.7490498841108258,0.47551899858429836,0.6449765452367267,0.28174007952682,0,1.917675918256035,3,1.129402196107696,0.7882737221483389,2.416520105442462,0.1115053310365679,1.3409160468813714
1,0.5379306265255498,0.01929571124282614,0.37963417892169515,0.7069179628853013,0.5927227503180077,0.040479877317723775,1,3.108572745989018,3,2.983763894259207,0.12480885172981093,10.297724187120181,0.9991781116594516,4.41396975507246
0,0.6337222337742444,0.653540172731476,0.16689011472061432,0.8017958275682905,0.0,0.03376448041553447,0,0.02486618737250546,2,0.0009768148991127603,0.0238893724733927,0.12026504128297977,0.2101984231576347,0.4865084681113122
1,0.718705854672119,0.6492379170456798,0.40229599080185696,0.5305584335915468,0.0,0.13292678823336596,1,1.89724066267114,0,1.89724066267114,0.0,106.68411827553767,0.9832340158006985,120.57338491435586
0,0.15785755817017544,0.9646548633605256,0.2755343780495634,0.38880390518282126,0.4043811809280442,0.255125887462123,1,0.4671017435887268,2,0.2764713052182613,0.1906304383704655,0.1281550351562608,0.21114228580671257,0.03973926129708076
1,0.7221945548800089,0.9059523447852701,0.23395846520976082,0.785494703014238,0.8465017806848301,0.022533483541001067,0,1.1705848274389676,1,1.0458038622611896,0.12478096517777804,5.693385884116619,0.7850471257641227,0.9449108574196537
0,0.09043456237289427,0.8104339563250784,0.6872973800010987,0.4865602106134178,0.0,0.06582650284081311,0,1.2674558531430569,2,0.33584761078660424,0.9316082423564527,0.06790440576587795,0.33423604563884435,0.06434947710324061
1,0.7721240515890007,0.2585712902345577,0.5188776001046411,0.0,0.3675486107812572,0.2944501194143759,0,1.456268672751937,1,1.456268672751937,0.0,84.20863197775513,0.9983712211310791,0.0
0,0.2132515025062398,0.38669821859474707,0.37722942845855967,0.09043356885927334,0.0,0.007026828849365526,0,2.489972955790034,2,2.3540806752864687,0.1358922805035654,0.06802954001131956,0.555116579284938,0.006763831514057389
1,0.10365494117846041,0.8894747014861291,0.04268320559602379,0.7214474397612107,0.1213502354858772,0.011246044199593479,1,2.5779178402979004,3,0.02294068436063098,2.5549771559372694,0.027608984917976014,0.17872099230514737,0.07150690507531
0,0.13317545138952147,0.006895631022401982,0.0900397381420327,0.0,0.0,0.1959416917237143,0,1.1692092097245925,0,1.1692092097245925,0.0,1.7918684225379131,0.992053370644555,0.0
1,0.9967237956311771,0.9301521795875931,0.5187242591529965,0.0,0.0,0.26087300053624185,0,0.40436210582110244,2,0.40436210582110244,0.0,260.8730005362418,0.9953417173869537,0.0
0,0.9942582946904875,0.7896057328073935,0.18257048743813886,0.07974368630205564,0.0,0.25256312329060965,0,2.621802923938693,3,2.471323757397569,0.1504791665411238,4.820122079639827,0.06940854483313996,0.41768178857893007
1,0.8230358789929944,0.26392495966104534,0.5255148485007441,0.0,0.8008606399865746,0.09389358518140593,1,0.6693921768945971,1,0.6693921768945971,0.0,93.89358518140592,0.9992663160788261,0.0
0,0.4346112180764339,0.30608773785410415,0.5861877448310995,0.6563897796105335,0.8686114327690129,0.15585396236512444,0,0.4240339882163132,0,0.4240339882163132,0.0,3.7143256634435695,0.5617413049258475,0.35219914803008007
1,0.7788753299107714,0.9365478019395601,0.6586978923684857,0.0,0.10562190915199365,0.10648923971902126,0,3.0380479746952336,1,3.0380479746952336,0.0,106.48923971902126,0.999584907713435,0.0
0,0.18955592482683692,0.4664683642527816,0.7105608125531895,0.0,0.0,0.023199292480645624,1,1.2512904954735693,0,1.2512904954735693,0.0,0.1566593011709207,0.48104789018811045,0.0
1,0.418990807003063,0.9862901096406136,0.6088304924678273,0.0,0.0,0.05085190096756815,1,0.11807116551125794,1,0.11807116551125794,0.0,50.85190096756815,0.9993161339989713,0.0
0,0.31634832374297017,0.8250850416386257,0.3078424188007334,0.2597636345778723,0.0,0.18157692551506452,1,1.6840079940924542,3,0.7806094310252656,0.9033985630671886,0.6488306971936225,0.22512717845573282,0.22768757116194513
1,0.6983830819491538,0.41594272466222737,0.15569537071077066,0.5278000419453057,0.4362672466171281,0.23639203387003485,0,0.006087174857768265,0,0.006087174857768265,0.0,22.17725777368436,0.815603654745303,9.39352483340359
0,0.783426016079853,0.44614653539741134,0.06435469954622186,0.9289980712230327,0.027545091500406294,0.21393294635652788,0,1.6047992989397482,1,0.0777301272668196,1.5270691716729285,0.6986952002347144,0.21189000564534743,9.141814941813255
1,0.2714521472942485,0.5166845651054232,0.06383323884816461,0.0,0.8747715359515303,0.2823069776070023,0,2.101048203769015,0,2.101048203769015,0.0,6.437843309459409,0.5568305741743622,0.0
0,0.7344548159650842,0.8320650954455739,0.5882474502290859,0.444082972077,0.0,0.08664955916789312,1,2.7219854929744973,1,1.844594627860803,0.8773908651136944,0.764666089285922,0.12109762502250498,0.610837899398943
1,0.033164412861453885,0.0679091214891333,0.9883790777603105,0.6512076965012188,0.756088128691119,0.16117578967110252,1,1.7850985180658308,2,1.3169367108575043,0.46816180720832645,0.08188260004445054,0.999999999893439,0.041758326983621884
0,0.7362570280987855,0.8125716302694106,0.06258718033503363,0.6237252896467376,0.0,0.1336431270845251,1,1.7692890175328182,1,0.5911897170563183,1.1780993004765,0.5703500234701935,0.12388928160380974,0.9454308881268815
1,0.386202193478251,0.5801962428868611,0.5171284937663752,0.3869928863061316,0.0,0.10319158514050261,0,0.7457100241453039,0,0.7457100241453039,0.0,5.786578314654023,0.9947249177249918,3.65308100640208
0,0.8680712455628697,0.19093399521219612,0.8660652235738188,0.7447763087331657,0.7405690340101956,0.14570353666214986,1,0.4292518861436355,3,0.2215521608651129,0.20769972527852262,16.341775231691216,0.35857819415574277,4.368948096856822
1,0.3815122299169864,0.12362861936460245,0.14705026481908134,0.599713205915931,0.0,0.08730057339984562,1,0.6003554621223782,0,0.6003554621223782,0.0,1.8451606841595736,0.9332560914828456,2.7644360135822197
0,0.5903696191713428,0.1891244957323096,0.24621184184555667,0.0,0.0,0.22427786967229857,1,2.1908956259980283,3,2.1908956259980283,0.0,12.357814664663975,0.6371947133940863,0.0
1,0.54806044029387,0.5240817133658089,0.999149484865675,0.3205962027400202,0.7895785549039989,0.28199822933772223,1,1.1623096318690813,0,1.1623096318690813,0.0,25.08418013259537,0.9999999999746009,1.8300165843519818
0,0.04357349992503412,0.8340349168355872,0.8947851336155997,0.0,0.2873066110273964,0.2794923365491768,0,0.26643329032345325,3,0.26643329032345325,0.0,0.29507636178294855,0.34727315544998927,0.0
1,0.5625300885294657,0.6781422425917703,0.29777079832866127,0.6919727678056883,0.0,0.11279351261039704,1,1.790436719892838,2,0.13687696021186385,1.6535597596809741,12.129201213810607,0.9175865568049539,27.247840638642185
0,0.6092827328147837,0.16651492456218242,0.42617684283268664,0.2836206524338545,0.0,0.14227831898292256,1,2.2524591035420203,0,2.2524591035420203,0.0,10.860066986114672,0.6616732638344547,4.299592519719879
1,0.6008551496377106,0.6100957855012464,0.09629170325892145,0.6242185243285222,0.0,0.06812911733821204,0,0.5638592889772768,1,0.21009498889636447,0.3537643000809123,2.49739663711861,0.586631402517477,4.148478156619034
0,0.5792607114227224,0.9752115913968135,0.8868574539761911,0.27675936869131446,0.0,0.17661005526084672,1,0.9561944305535539,0,0.9561944305535539,0.0,0.1653503230285014,0.12122101272808516,0.06327389396177498
1,0.8341435918947899,0.786560261622933,0.3040955564473935,0.0,0.0,0.015079970412793391,1,2.9581189439431417,0,2.9581189439431417,0.0,15.07997041279339,0.9328318766117568,0.0
0,0.14362117919507056,0.4937892786009943,0.8916044578162066,0.0,0.18536702800372717,0.1280339392040758,0,1.4753416580322805,3,1.4753416580322805,0.0,0.6067241111457976,0.47217480677301593,0.0
1,0.550992569672832,0.8227612896618197,0.9743160547785016,0.0,0.47620571200424877,0.0376590203575493,1,2.1013729430576573,2,2.1013729430576573,0.0,37.659020357549295,0.9999999973364244,0.0
0,0.23138922592796685,0.576027552419732,0.7598264115609433,0.0,0.9393299620471566,0.20783149053524227,0,2.600258515103701,0,2.600258515103701,0.0,1.4307478494956243,0.3968033309828566,0.0
1,0.32087561032374057,0.7708851011532639,0.22864149654352794,0.0,0.15078171094216541,0.012365936840556178,0,1.5345936000199836,0,1.5345936000199836,0.0,0.5376668441653271,0.7446836964293193,0.0
0,0.017547541588912918,0.18349283155436347,0.7828657505812687,0.0,0.476423331177259,0.13753660476050736,0,2.6314262253819667,0,2.6314262253819667,0.0,0.11995359742655506,0.8138399239345895,0.0
1,0.5936908673443804,0.4100922145949243,0.1733309255721771,0.0,0.0,0.18509228526865343,0,0.17464261417644236,3,0.17464261417644236,0.0,16.52536488893404,0.8245465342079842,0.0
0,0.38025178645068625,0.6163040658612485,0.06325783490657477,0.2582036093461949,0.0,0.14920484353518562,1,1.7979603645443405,1,1.4453552502806393,0.3526051142637012,1.4573443529590053,0.31381355851698933,0.5072706968318543
1,0.37424199088249677,0.21608185458330753,0.2576838003682501,0.015048091756804327,0.9860887262536514,0.29886601371325916,1,3.0519427552170635,0,3.0519427552170635,0.0,21.57000272146552,0.9536119427424902,0.004516369404407855
0,0.16095577290652474,0.4617522881648808,0.47555443591513447,0.9020685488836024,0.0,0.014578773207527759,1,2.1954432129669597,1,0.09375755565477029,2.1016856573121894,0.008129122077161585,0.49444984067053466,0.07487916570466269
1,0.979768528531901,0.6179954407901086,0.33594836358955804,0.16661901025217574,0.5383534511543112,0.12100909501500928,0,0.23595996212292064,2,0.2012665081767023,0.03469345394621834,87.03937741965264,0.9621817570151653,7.264379836635085
0,0.13216235130119702,0.8796348890493733,0.18516339259751513,0.0,0.0,0.21533241684379328,0,0.41991321119488034,2,0.41991321119488034,0.0,0.4218980189998161,0.29203176805647746,0.0
1,0.9685256807507356,0.1900011083588936,0.3292873779800858,0.0,0.8542793140704465,0.1112154533989412,0,2.0064945555427656,3,2.0064945555427656,0.0,40.75059416516237,0.9872742773326598,0.0
0,0.8132095571262062,0.7042093967251261,0.036287579103951306,0.7914102555847039,0.0,0.19424448924680585,1,0.6836839200600595,3,0.005967715009591649,0.6777162050504678,0.8151327571297818,0.11751206403078762,3.092694827657303
1,0.46651515154185763,0.6084463415274955,0.5101173187188026,0.10700880488903597,0.3425132487336293,0.22508111765148134,0,2.8604792848838425,1,2.8378373004533217,0.02264198443052079,34.42236336920934,0.9941793642839565,2.606754993902467
0,0.39586432047626907,0.048803048612874766,0.9935034318246759,0.0,0.6372201422228665,0.02812162842120678,1,0.25736611805371296,2,0.25736611805371296,0.0,1.019068478040313,0.9217216262454838,0.0
1,0.673014788009577,0.08552238404032375,0.26543711991280183,0.4984157705300589,0.0,0.12110503766496306,0,0.30920294331832154,1,0.15509526043383282,0.15410768288448873,5.454877863524427,0.9839681871328353,5.4204199290097925
0,0.38892372700344624,0.8179515712885708,0.8632565664204468,0.0,0.6246134319146442,0.06614289278945851,0,2.143205859857974,2,2.143205859857974,0.0,0.4030316845130786,0.2305286448104804,0.0
1,0.6473284922744145,0.7269152979177149,0.23687756054422793,0.0,0.6678461963554976,0.1436132828326596,1,0.7007540848363457,2,0.7007540848363457,0.0,51.89420728264622,0.841722994642257,0.0
0,0.38374889623419517,0.5030986907612762,0.03910470820921563,0.5338827403558494,0.8242885675977019,0.2214810604599742,0,2.733644247798812,2,2.6367079835625136,0.09693626423629853,3.4778036676345403,0.38583620602646806,0.38272389420760683
1,0.7394627476034197,0.4810823978997788,0.7599246350373844,0.0,0.0,0.22136489777133167,1,0.19539994315066048,3,0.19539994315066048,0.0,221.36489777133167,0.9999946857832245,0.0
0,0.519865150543063,0.6794989759642043,0.19114475030942002,0.9417468999698737,0.24143604122383588,0.1828258963255164,1,2.45246222770006,0,2.45246222770006,0.0,0.1524342146295468,0.23135009670196527,2.464322911612895
1,0.34387056684949113,0.1864722657422967,0.18616089282179726,0.0,0.0,0.20540436543694224,0,1.5420175360712527,3,1.5420175360712527,0.0,5.366136523650054,0.9160742152253878,0.0
0,0.6441407001650903,0.42690790002303236,0.3006125926427867,0.6014562506660588,0.0,0.03411159985953002,0,2.2940590102852934,1,0.7243261894046518,1.5697328208806416,0.508928650676131,0.32327935755624226,0.7680419492308266
1,0.5432536160772647,0.9452583631041273,0.08682920929356663,0.0797916474935737,0.2655889808458307,0.29046698578543756,1,0.12614417004641468,0,0.12614417004641468,0.0,32.73528181130111,0.3228520669281757,2.0377128419652406
0,0.6353786863995635,0.5421402185918234,0.9189956151287288,0.0,0.0,0.274372122713053,1,0.7135593507153186,0,0.7135593507153186,0.0,6.812767932532031,0.2501626098264459,0.0
1,0.5080510670252779,0.8095255906859911,0.3526603447322265,0.0,0.0,0.262037496959948,0,1.2151525231347535,3,1.2151525231347535,0.0,41.01792792527617,0.9308114020758627,0.0
0,0.6278854042063514,0.745011356935131,0.4007551590562415,0.03876190632110743,0.5125146101832727,0.10294755697744759,1,2.3375305784210476,3,2.2947782734579345,0.04275230496311311,1.3125017843599347,0.17043598055351794,0.025323115884772755
1,0.5765372910815416,0.8235730139237099,0.9379756757415089,0.35310689948995466,0.0,0.20736066498704017,1,2.1599294024745386,0,2.1599294024745386,0.0,249.3873378190824,0.9999999804751055,136.12819422547335
0,0.8058308989880412,0.6124457617130001,0.7990436845312162,0.0,0.0,0.11449608253163443,0,0.5235326470954894,3,0.5235326470954894,0.0,3.2213024141697444,0.14439986252621995,0.0
1,0.03160936912450263,0.857071438328286,0.06520908124197344,0.12072410278083001,0.058579745583339005,0.21176989456007386,0,0.5239053987683784,2,0.41453751120622095,0.10936788756215743,0.41227437114087595,0.24657256071053235,0.052908790003492356
0,0.44542573692584186,0.2592526667558943,0.07202373008856366,0.0,0.12288440687667324,0.18995277661372378,1,2.735529330876951,3,2.735529330876951,0.0,5.612207827103259,0.61308579270206,0.0
1,0.11880107243902116,0.05149165398264055,0.9869157861943489,0.4592375330220033,0.0,0.2777130957902555,0,1.0527298883793423,2,0.3108935850755085,0.7418363033038338,0.015848128851856144,0.999999999129324,0.01345887712513411
0,0.8545388655559225,0.9226761368829443,0.36351038667943325,0.30878456534570253,0.35576192598092815,0.09554664033516294,1,1.8038151088991912,0,1.8038151088991912,0.0,0.4996020944301725,0.09168281349854934,0.12688216477053224
1,0.22679075012854266,0.9339226406365655,0.9026412133774667,0.6128655910066165,0.0,0.26493066548049454,0,0.7422053788784458,3,0.042396188569142707,0.6998091903093031,13.636765434934228,0.9999990508080628,21.588120594680603
0,0.2834118671126966,0.6209551733747427,0.20817624070432428,0.3942778102275297,0.0,0.2178099115011004,1,2.824358631846121,3,1.0342078958091876,1.7901507360369333,1.1577135611294815,0.3440594491791147,0.7535810565637515
1,0.9479334850104544,0.3592839722653195,0.2601638022135464,0.0,0.0991893954446127,0.2636611446233831,1,1.2115371961711,3,1.2115371961711,0.0,217.61711486139797,0.9582523787127841,0.0
0,0.5203839848685158,0.7501838827127003,0.01369053703116263,0.7889184652962473,0.3747664829329731,0.2599259293908158,0,1.5519090827929976,2,0.12665061698200564,1.425258465810992,0.615148708175023,0.21607651526724658,2.117884614434406
1,0.01609679105673678,0.46058141169994027,0.27207502543549467,0.05184255584482311,0.0,0.2634395580740925,0,0.42758572578186843,3,0.36586993688067493,0.0617157889011935,0.22507196634980323,0.8797307867053317,0.012306295812496062
0,0.901175401880524,0.8025605729520315,0.09645198215634276,0.0,0.0,0.041732712417992826,0,2.54260245601397,3,2.54260245601397,0.0,0.6205639650116457,0.09706474278536947,0.0
1,0.2907212219894211,0.4752536369943303,0.9736672515260553,0.0,0.0,0.02160574099140622,0,0.6831340051233938,2,0.6831340051233938,0.0,0.29787731370551845,0.9999999807050294,0.0
0,0.13404372040243462,0.7036334435061472,0.9119182048225911,0.0,0.35933953702971766,0.13250409297366877,1,1.6416241150813229,2,1.6416241150813229,0.0,0.41030802903208335,0.3439806387137042,0.0
1,0.7252032458915977,0.9322756014546438,0.4504550542422838,0.8361386917144716,0.0,0.14936893194289405,1,1.7850942201158106,3,0.005275662667185505,1.7798185574486252,24.475835273000598,0.9889201932210177,124.89338146943778
0,0.40730828084672976,0.08164772273286647,0.8932035854270107,0.18729816307230684,0.0,0.023648332440492702,0,2.7130956051073567,3,2.26600899200945,0.44708661309790676,0.9739795971777424,0.869561391216073,0.22446681074442681
1,0.972556337283249,0.31130636516508503,0.39931901144425175,0.23427857186464673,0.26479978934287485,0.10188055866600192,1,0.9924708918078146,3,0.5809873856042683,0.41148350620354623,85.62009694434501,0.9937615266550014,18.823860845598073
0,0.95529714292696,0.6862458699516603,0.9427081808073834,0.0,0.6532007608669044,0.28226280654686225,0,0.04507916530774158,3,0.04507916530774158,0.0,7.687377096527979,0.06939867567292768,0.0
1,0.5950429349015474,0.05592190447376366,0.11170370506018035,0.8949436771585352,0.35261162687326275,0.09473283401413576,1,2.149657374470915,1,0.10462470330533424,2.045032671165581,1.0386601345100694,0.965980258181262,8.848037842511825
0,0.7794630599215551,0.01900135258364466,0.0995048698618145,0.10009380791555944,0.0,0.27798728447813836,1,0.2877431793629805,2,0.23349012028713806,0.054253059075842436,48.886770310871384,0.9192626691700752,5.437525644505496
1,0.7571061403770555,0.01549260005488362,0.3067984171442635,0.0,0.9925311185179759,0.29154497412381747,0,2.3852279500322475,1,2.3852279500322475,0.0,33.302031408144884,0.9982418628390495,0.0
0,0.16937754401160565,0.8733763476594142,0.9618678052254704,0.0,0.0,0.28382657414166157,1,2.3032446604406878,3,2.3032446604406878,0.0,0.5985063299772208,0.24603674694345223,0.0
1,0.11229880019928362,0.872889224574563,0.35132569257996016,0.0,0.20911606641860647,0.18665170615750953,1,1.638692629153025,2,1.638692629153025,0.0,10.323522588977312,0.9270960202519333,0.0
0,0.4630943214788248,0.41529597229324733,0.026246480653463578,0.037101782553732976,0.0,0.024815553027247486,1,2.053684147869139,0,2.053684147869139,0.0,0.5625959930934745,0.430498270397653,0.021677591486994677
1,0.4377452378689536,0.31176286291967703,0.39159951870248233,0.21879898582897395,0.18873875141631458,0.13200441107323985,1,2.24345305874292,1,2.049696322229251,0.1937567365136692,25.301433692924874,0.9879294298539676,5.5879824850052495
0,0.0940038398035854,0.9591730851940113,0.11005527546733351,0.0,0.0,0.20136902562009357,0,2.7859607571609177,1,2.7859607571609177,0.0,0.1286675481534782,0.2848880507742315,0.0
1,0.31675618189340515,0.957036830882778,0.2876703100800452,0.0,0.8458080111561965,0.039702170704470775,1,0.6681356103840185,1,0.6681356103840185,0.0,6.858617415746775,0.8457580361286443,0.0
0,0.8648424996395077,0.4135353656256311,0.49918872330923403,0.0,0.0,0.10357248982533601,0,1.6312649652832325,0,1.6312649652832325,0.0,6.3959257588414475,0.16084622584759656,0.0
1,0.40550660928521565,0.001815223540671318,0.06509416030415704,0.0,0.702243489260089,0.06613828293892049,0,2.004928571963205,0,2.004928571963205,0.0,2.360470791568033,0.9984874571073019,0.0
0,0.7077517233108436,0.44302435558570286,0.02175016022005427,0.07566460894331883,0.4966651753267135,0.28658845157171303,1,1.6204139819259689,2,1.5410680042100977,0.07934597771587115,11.167081034202386,0.2686947822866327,0.4453486581544837
1,0.04864289053949633,0.8790387514965067,0.29815238067439687,0.03782696438776001,0.21136650638380883,0.021921116765522882,0,0.39556575965136614,0,0.39556575965136614,0.0,0.11151658439582277,0.8222251885806384,0.0034290752075712846
0,0.2045350186473901,0.8817415162264417,0.11061136417173167,0.9825542489439691,0.0,0.2887734529894571,0,1.745464887182814,2,0.00030594288373282305,1.7451589442990811,0.013217626694516836,0.2640682327439998,0.7444239705096121
1,0.3988108796998474,0.7305674981684367,0.3377793359667467,0.0,0.018823976142987253,0.27455847123638677,0,3.0497557373013398,1,3.0497557373013398,0.0,21.645864799694067,0.9196398514731771,0.0
0,0.8126041378176398,0.613066820518506,0.7687512447670529,0.0,0.6815967085067011,0.25440267407372075,0,3.1128674734045547,3,3.1128674734045547,0.0,7.228472665503417,0.14082933438419076,0.0
1,0.061645702579685824,0.10566894682666383,0.41345004205197167,0.7974887505269973,0.8015805332221582,0.1278508393819553,0,1.434978120519332,0,1.434978120519332,0.0,0.21776877104746722,0.9943156749454033,0.04473402830974934
0,0.5754579790996908,0.11016610483557088,0.25132412348996547,0.8180594693292461,0.0,0.1476964218889751,0,1.3199941403439883,2,0.03651524768012057,1.2834788926638678,1.692200066269592,0.7742210931868824,7.6086415880391876
1,0.6453054646504409,0.08025531583754741,0.9711837383069298,0.8548505874713447,0.9401190645277627,0.028256994470182126,1,0.2973286650648687,2,0.26788892523774943,0.029439739827119282,14.059253047956393,0.9999999997004931,0.7702360226608617
0,0.2197727524992399,0.2570026137495013,0.035376435190990985,0.8326526778433592,0.0,0.24174619262280816,0,1.1670035979265372,0,1.1670035979265372,0.0,0.5197140382145395,0.6928412566968056,2.5858871241875425
1,0.30770906302364454,0.6999891169565068,0.9809265971102393,0.8713026811278682,0.41209860306483836,0.26454015718778817,0,0.13469074038691536,2,0.03186191261406899,0.10282882777284638,4.666826111799579,0.9999999833697695,4.951316624125189
0,0.22432228173060142,0.17095551707257284,0.5316288544085336,0.3809829405851458,0.15971202990067335,0.20611227325627643,0,1.691514090384521,2,0.8268854611081207,0.8646286292764003,1.970462413056186,0.7899878645446062,1.0905594778613075
1,0.19445537959712988,0.5678371292765568,0.2761698718284977,0.28691570088066376,0.0,0.025522861033906497,1,0.6317700436128938,2,0.325322157004878,0.3064478866080158,0.864213328028407,0.8895329633721181,0.347723786693816
0,0.4288977928502119,0.8577151005805482,0.7569198036464693,0.5079877714579343,0.0,0.12291413088453089,0,2.7528938330552233,3,0.31256648710730045,2.4403273459479227,0.3288853112416911,0.20645903538380728,0.33956415436660586
1,0.8343931614940586,0.8558020130675146,0.18901888023335567,0.0,0.11232523378737636,0.10270163874442675,0,1.3275571975068694,2,1.3275571975068694,0.0,36.85269180658405,0.7459117861960828,0.0
0,0.7812499581611625,0.25101526681792774,0.33977125653482776,0.5606314751828088,0.0,0.28369423264699317,0,2.2896062978076044,3,0.16866764072457308,2.1209386570830313,10.585710480556708,0.3949335596647805,13.5073000166361
1,0.07864433821012928,0.10985312747244746,0.2840493635836261,0.3521447382941022,0.0,0.06891033117239731,1,2.8796737771031164,0,2.8796737771031164,0.0,1.191520720767678,0.9792989671282002,0.6476566251571346
0,0.49128154415245995,0.938185886353995,0.7331809386378909,0.0,0.0,0.14340629473300745,0,1.856234646336714,0,1.856234646336714,0.0,0.4000642983820578,0.17070860638946517,0.0
1,0.7823667371459486,0.4104394775822612,0.7299220589530542,0.0,0.0,0.25513646029831827,0,2.6576288182062497,3,2.6576288182062497,0.0,255.13646029831824,0.9999637556123917,0.0
0,0.5599521324136651,0.4666205854167821,0.8048478973387898,0.2826941238352281,0.0,0.2637878154657729,0,2.807605881199504,1,2.604612639128848,0.20299324207065617,9.750159948458146,0.3346662058058065,3.8425907489004825
1,0.4034735418383215,0.9890852802303448,0.592769867890175,0.5042956441059687,0.20368553177983506,0.15252739882065716,0,1.2093004038096926,1,0.723690003283597,0.4856104005260956,34.128192865620406,0.9977084072162399,26.005864680963224
0,0.1039939615902361,0.013759541367776351,0.4593179765068286,0.7270465125402634,0.0,0.25908923156651115,0,1.9669829827385152,3,0.028418343774465615,1.9385646389640496,0.4849657352231488,0.9846679575605054,1.2917682414573515
1,0.9639257921529575,0.6628964323865809,0.19518739836503118,0.3520772910422796,0.0,0.290860913524724,0,1.3439928521803903,3,0.3873499541717711,0.9566428980086192,107.83994394026286,0.8533386586233308,58.59957492416986
0,0.8528562867182038,0.11893766196063715,0.3017227027422179,0.0,0.4963906829134457,0.06818752631780388,0,3.025825864298469,0,3.025825864298469,0.0,12.367209433036734,0.5215325104265803,0.0
1,0.3693675490605277,0.6797874863328457,0.07992735607037815,0.27728366875036503,0.5848876175814468,0.1604131180003179,1,0.8618360519542321,0,0.8618360519542321,0.0,7.574236625646839,0.46850915031296414,0.9917701049086198
0,0.9045168721111654,0.6754871739464348,0.21347321726010282,0.9089197642403171,0.0,0.06590205606715478,1,2.1782309597479266,1,0.08705254112942118,2.0911784186185054,0.1558990362193722,0.08237096025186064,1.5557679892230627
1,0.16795822988063314,0.2411677182133335,0.8574222464262823,0.37138515246809667,0.0,0.09693280638314572,1,2.5584618906017926,3,0.8923891476838277,1.666072742917965,5.473181739721587,0.9999998000949295,3.2335514232169698
0,0.2450425729825324,0.4649872346842997,0.25322635885366396,0.0,0.0,0.08552878495824935,1,0.6348328491629441,3,0.6348328491629441,0.0,0.7744176353115196,0.4648547372860702,0.0
1,0.8065176997200992,0.7541268706737116,0.38546078918486215,0.0,0.0,0.26680766958973007,0,2.3904835228623504,1,2.3904835228623504,0.0,155.30307425490176,0.9675531495521444,0.0
0,0.17090327427390062,0.5865762328564205,0.11231846203359075,0.6699565306258681,0.0,0.28846186453298495,1,1.182093106214544,1,0.36677747681860673,0.8153156293959374,0.46645256060255025,0.4026559294133035,0.9468538789615886
1,0.9658381352529959,0.4248450874080978,0.35979137765311975,0.0,0.0,0.1630512886996874,1,0.3019781961890248,2,0.3019781961890248,0.0,163.0512886996874,0.985058266639286,0.0
0,0.4381620455927523,0.2806063652758368,0.2423589774173982,0.1906312376421797,0.24992394708095955,0.2870647235511506,1,2.7941937880039642,1,2.7268533558054,0.06734043219856423,9.334480250502311,0.5902294578687068,1.5639350564285437
1,0.7250012030497854,0.4294276704020832,0.4044810327128433,0.3961572089743186,0.9278405876916233,0.010064901051366194,1,1.6039906197092124,1,1.5743880949407474,0.029602524768465033,7.434450764236921,0.9893403517940812,0.2239446695697732
0,0.5324830847519757,0.9765957859727814,0.3600305459374201,0.0,0.13570701987737155,0.05415961142429766,1,1.4075193430199087,1,1.4075193430199087,0.0,0.05653324104382551,0.1272147890694303,0.0
1,0.028241665114107417,0.08301593450027078,0.12252720039892384,0.0,0.0,0.13146529167498525,1,1.369835383846923,2,1.369835383846923,0.0,0.2774332309290404,0.9431146157021449,0.0
0,0.33901869304048693,0.5435309219410944,0.7565280487276455,0.0,0.0,0.28133846779423005,1,2.563492162255353,1,2.563492162255353,0.0,3.1381899817328898,0.3743596043694122,0.0
1,0.8033287674785853,0.9064189053602069,0.1254725832427499,0.0,0.0,0.1069095251722878,1,1.2589484689246448,3,1.2589484689246448,0.0,45.04284546850761,0.580540947708174,0.0
0,0.6707908769567746,0.1313980344612642,0.4916583840247615,0.403519404130363,0.0,0.11836261278798864,1,1.0646223326114552,3,0.23140471765232973,0.8332176149591255,5.952154834204098,0.6851608463231212,4.026635549624186
1,0.8917433382757762,0.22287850689786726,0.494728530596071,0.4715595133798479,0.0,0.2650301888549287,0,2.9089403479584353,1,1.9074785241313728,1.0014618238270625,102.20760050789862,0.9981580692439667,91.20604416116775
0,0.6499992980209041,0.7208713126572045,0.5144397162012972,0.650903862806172,0.7245716932175206,0.28358821718676813,0,2.278809400273408,1,2.072704676305048,0.20610472396836022,4.715016562099565,0.18367037067990322,1.5189970092373422
1,0.42445895589708926,0.26002468357782593,0.8636557173472023,0.39827918939167173,0.6149649634975612,0.10853462169650814,1,2.616595906927196,2,2.374955418991632,0.2416404879355638,78.49980919808799,0.9999998641574649,16.51898198984102
0,0.4267883154281704,0.31687257825132054,0.2665823041297587,0.0,0.26394241839242893,0.05171994932714295,1,2.574311031600051,3,2.574311031600051,0.0,1.2770704842784384,0.5527236406717586,0.0
1,0.8098011346130869,0.06438695769105574,0.3303447207987874,0.5071866313710881,0.9439551323231158,0.22227229443157565,1,0.9595047492699075,0,0.9595047492699075,0.0,85.02685513526522,0.995894375576724,2.499699902858982
0,0.6798345828881162,0.6603722117429262,0.5364054594345117,0.3181491507002223,0.8876589823272597,0.08604617101591039,1,0.2827697862977158,0,0.2827697862977158,0.0,1.5664265868503207,0.1802466610167015,0.05808488173310258
1,0.836737161088777,0.7342440266637315,0.1406454730001092,0.9141482892409901,0.0,0.03795024550808259,0,1.2610611607870428,3,0.0006386929724770509,1.2604224678145657,0.9727441379443353,0.6949937870913558,10.357771344442238
0,0.8154849936926126,0.07149607749257492,0.6601657771746253,0.8948217186338006,0.0,0.049198283773344044,1,1.5166836976963902,2,0.012192131304882198,1.504491566391508,0.9681605655746199,0.7055581234421603,8.236787005338554
1,0.7846018985584413,0.5302126600524252,0.4898212710002131,0.0,0.987115285252244,0.2639705054922296,1,3.0810065694389124,2,3.0810065694389124,0.0,263.97050549222956,0.9970117104297574,0.0
0,0.8203756826530367,0.7711423677855002,0.47946843025964425,0.5039135652762785,0.0,0.08951670286346299,0,1.1314091994894886,2,0.2781136637064117,0.8532955357830769,0.7031660312138188,0.12049456296244798,0.7142604130416532
1,0.023352009758778824,0.7222604389582233,0.8903758029399892,0.0,0.16386913892366162,0.13886621503520225,0,0.49956169255878985,1,0.49956169255878985,0.0,0.20582076638325988,0.9999985994907726,0.0
0,0.11380733797188347,0.5147995629903681,0.42792813391224005,0.7113234234780755,0.8235434255109914,0.12843014260485552,0,2.8420278878875047,2,2.733879031378595,0.10814885650890993,0.5353444871094514,0.46992158070423284,0.08355786175371192
1,0.5980541313737264,0.8974141797661077,0.7661445516579835,0.3695610238360322,0.0,0.1921588864962768,0,0.25568735075702814,1,0.161365604910421,0.09432174584660713,121.5128005491298,0.9999625190722351,71.2303596033385
0,0.8269954809924003,0.624273811590009,0.2615574530942253,0.0,0.22327921895785952,0.2542535420806253,0,1.6376927681048992,2,1.6376927681048992,0.0,7.130102486734462,0.13183551896276957,0.0
1,0.9448020772182458,0.960382325656512,0.4064029345598309,0.14248182002700527,0.05818527789510908,0.1102770272234624,0,0.3431236082428615,1,0.29765004929814004,0.04547355894472144,95.96711539941384,0.9733482050558226,14.877758859751516
0,0.4611377267423443,0.847074641447938,0.35239500817400127,0.6343590060899363,0.25190218306703793,0.015936377714262793,1,0.3692241250634793,1,0.19318983146414437,0.17603429359933492,0.04703528602205779,0.1794140822162461,0.04346963290726226
1,0.5427112094715599,0.37091579470479974,0.27740661902022523,0.0,0.0,0.20698131743674797,1,2.313596413496982,0,2.313596413496982,0.0,39.141910535950856,0.9422817764185687,0.0
0,0.43338597527531364,0.6787944424933783,0.5669073191868134,0.6438766104936264,0.0,0.20965591315193868,1,2.4436632442772512,2,0.19492116477229332,2.2487420795049577,0.7876247141887147,0.2609048909463232,1.424037696641559
1,0.47637067779013587,0.9412947012919155,0.493760443096135,0.0,0.0,0.2671467757614546,0,0.2595295953218373,3,0.2595295953218373,0.0,84.26658039042306,0.988350865014533,0.0
0,0.3765395161306764,0.5973988784190476,0.22711982048445822,0.0,0.8703452028603802,0.07391646452400374,0,1.9183590880416073,1,1.9183590880416073,0.0,0.8334808723438618,0.3339623590548937,0.0
1,0.42800179562106466,0.012902973785265837,0.8220858943557042,0.06788874362774222,0.0,0.1238223264997558,1,0.6759994293281929,0,0.6759994293281929,0.0,26.60665340772493,0.9999999725268625,1.9378505083387298
0,0.810235207226867,0.14839318024936488,0.8636299852045796,0.0,0.3070615924555147,0.14930804955660334,0,3.016612818094745,1,3.016612818094745,0.0,19.940019613922416,0.5213094989283682,0.0
1,0.0605940105560121,0.039609067088742234,0.36476890943077656,0.11195020208027395,0.0,0.01067045546046358,0,1.5783349151215968,2,1.3300826623240607,0.24825225279753615,0.017621212286515604,0.996094620037964,0.0022213824956617435
0,0.29514164414780686,0.9846388556867725,0.7682287228291969,0.7583125731504898,0.6411646230810957,0.06331848621961812,1,2.059813142850194,2,0.30238130177099487,1.7574318410791991,0.00691726409406954,0.16627056722672562,0.021703439035748895
1,0.3993079570263526,0.9956603262489861,0.3083083482172867,0.47961695562450735,0.0,0.29084600114327963,0,2.1377782039919544,0,2.1377782039919544,0.0,34.04333743035649,0.8491741646468953,31.376429409302197
0,0.9150110138523869,0.15221762388482096,0.6590571963150221,0.04518118379607394,0.0,0.12740416119333764,1,2.5583399069166637,2,2.5030054751670923,0.05533443174957142,27.47328501007279,0.32127450201945007,1.300011602679723
1,0.6072705990566406,0.9408531615239568,0.9088998489808272,0.03265530393829552,0.0,0.1341084121231082,0,0.41146372862884384,1,0.3983682513140566,0.013095477314787218,130.05115001517976,0.9999994532823883,4.390223927996463
0,0.20122579364155324,0.14783216628615292,0.40419135539393913,0.0,0.6941053471659243,0.27351002463090285,0,2.4127612910515577,0,2.4127612910515577,0.0,3.3964820060770107,0.8215711920619313,0.0
1,0.7608222886415951,0.36300467581508344,0.9227201944189128,0.0,0.9687581213896731,0.09377555333639763,1,0.5517863305980117,2,0.5517863305980117,0.0,93.77555333639762,0.999999985172,0.0
0,0.8659869331101178,0.7092774687449754,0.3327759215737345,0.9216216008898053,0.0,0.1089415251154349,0,2.195695850567171,0,2.195695850567171,0.0,0.2120659049377276,0.107639301411249,2.493601821696715
1,0.13081792733296627,0.09515897122792716,0.8725851026301512,0.9923502466210794,0.0,0.22540336854811735,1,2.6363186333524493,3,2.198373419670065e-07,2.636318413515107,0.04886226061891393,0.9999999521293725,6.3385672679665594
0,0.01913984355173337,0.933051855579898,0.07318201628010823,0.6641903011080094,0.0,0.044349905327627025,0,0.7018712065740123,3,0.02602586666106766,0.6758453399129446,0.0044013221725716315,0.3327695584486101,0.008705274173793178
1,0.7431620217668929,0.9042356329455372,0.31655721382952895,0.0,0.0002549188805214264,0.17571064921670718,0,0.4164414932509872,0,0.4164414932509872,0.0,74.11043248942282,0.9061272921104156,0.0
0,0.9311704372713938,0.4295262341368036,0.03056247646824184,0.2965307169473895,0.4858282939992924,0.15166171268199086,0,0.32284065102238396,0,0.32284065102238396,0.0,8.796342473990519,0.08375886423747214,1.58452548767451
1,0.6206899768727646,0.36809974149908475,0.4113502985792743,0.8536521250152426,0.0,0.026566616863100172,0,0.8206771984366631,3,0.0023920934190384303,0.8182851050176246,0.5283152674409972,0.9864170624260461,3.081680897491516
0,0.5648241949236363,0.22016288953479013,0.49475610559009997,0.18000594731036745,0.7175554608149409,0.10791916257261201,1,2.5060749380251752,2,2.4379275848822415,0.06814735314293374,5.3141529456835555,0.606521131825112,0.28883753615305285
1,0.35137779987777784,0.6169426486214051,0.9124643907665299,0.6380510177295273,0.0,0.25340487940850814,1,1.006375790173062,0,1.006375790173062,0.0,103.50824786269055,0.9999999461493558,182.46644175625195
0,0.9827670774007207,0.5684693917510856,0.04624345679554365,0.0,0.9184868686159011,0.23455052090875134,1,2.422529657165521,0,2.422529657165521,0.0,10.46717957319334,0.03241723389645257,0.0
1,0.7914325223755602,0.8678995660247757,0.611793747520185,0.0,0.0,0.02353521026560518,0,2.7191651523976565,1,2.7191651523976565,0.0,23.53521026560518,0.9990062596761673,0.0
0,0.35077048644763065,0.4722700456842549,0.7154379541919363,0.37100750872578614,0.2592165570291003,0.19731110745880465,1,1.0118560412766837,0,1.0118560412766837,0.0,2.15605064913063,0.4204478413476135,0.8309615717603864
1,0.50842615529367,0.8085669809056659,0.049308812503262245,0.8182804140663218,0.9635006709898657,0.12969402681033396,1,0.2620745159687998,2,0.24677812980542047,0.01529638616337936,10.125570949519373,0.30709701058406125,0.3139033239589241
0,0.3813500256723549,0.5373911222173872,0.5242153893913319,0.38061240725849,0.8400806472224398,0.018463575177173296,1,1.2275129757372152,0,1.2275129757372152,0.0,0.23456219187628966,0.3628149126670134,0.015356884541333103
1,0.45722259341198856,0.12999272544003682,0.7282028939112093,0.0,0.17166209707953306,0.25088606189361473,1,3.1205309820667684,1,3.1205309820667684,0.0,92.55262330081689,0.9999955632828647,0.0
0,0.5341387086993703,0.3337144774411064,0.8240585237437509,0.0,0.6274342763989008,0.0596904190166814,1,2.3799062504928337,3,2.3799062504928337,0.0,1.978834692842104,0.48189920720522805,0.0
1,0.41563734310785916,0.3526120929589873,0.003463752422767863,0.0,0.8935239567662971,0.2630094191872828,1,1.782651682234131,3,1.782651682234131,0.0,11.342470508632582,0.6498597859108279,0.0
0,0.02559238988985857,0.19540603084123698,0.9928581178691875,0.18450961432014812,0.0,0.29667250543559676,1,0.9019103829734775,2,0.616327451261776,0.28558293171170146,0.31400757210169494,0.8004856733813783,0.07104610555744198
1,0.595246521751496,0.04003958688992526,0.6352897808905176,0.0,0.35065703089308475,0.1530896133929122,1,0.7990943218916399,2,0.7990943218916399,0.0,64.37948392744566,0.9999870228254096,0.0
0,0.03991160194084398,0.5517985913919455,0.48163344100623073,0.18578905137454038,0.0,0.1706824107177003,0,1.8095606109227018,2,1.3545997254154503,0.45496088550725156,0.19002688766090908,0.47213957181965294,0.043360894684329604
1,0.8557881392232045,0.9946026212418276,0.852147595582447,0.0,0.5209700208121348,0.265794684691644,0,0.9809262027839567,1,0.9809262027839567,0.0,265.794684691644,0.9999968821517292,0.0
0,0.6144476580552464,0.9727270173682587,0.948634018125978,0.8262169895504999,0.5563879396147711,0.12850238891136426,1,1.2245248562287472,3,0.12620479613216978,1.0983200600965775,0.06098491149192074,0.11721945250514432,0.11392668563548958
1,0.3063114824836649,0.8709754245463538,0.7224895824525467,0.0,0.0,0.10889523360656808,1,1.3855485830471566,2,1.3855485830471566,0.0,108.89523360656807,0.9999603520449545,0.0
0,0.045651032253317125,0.730957065156542,0.4210293268296318,0.07068760781234784,0.19526837801839714,0.2681807981726997,1,1.712501225809683,0,1.712501225809683,0.0,0.3078157896622486,0.3603222592351256,0.018574734650815137
1,0.6678658542789547,0.2091205030284201,0.1534415806902928,0.0,0.0,0.13609985018369572,1,3.064059881542941,0,3.064059881542941,0.0,22.77823890331768,0.9085753953590413,0.0
0,0.2183968139014858,0.41014373499347634,0.8535998308612563,0.0006297819774552238,0.0,0.10226639851423547,0,0.1583352134351342,0,0.1583352134351342,0.0,0.9067759500384536,0.5292074889727736,0.0005714310278867782
1,0.16086044938806454,0.27587819400990066,0.7692724299189301,0.6422032806156757,0.0,0.15319053567969396,1,2.619926962654915,3,0.06255825750448875,2.557368705150426,4.776126290688811,0.9999961686665595,8.572588305988571
0,0.2894883805239521,0.2253746228245661,0.1683456643830461,0.0,0.2634887979243802,0.18372205095786498,1,0.7905537635156967,1,0.7905537635156967,0.0,3.1864773439825567,0.7094770434293489,0.0
1,0.8152443463581545,0.18285312211329063,0.6583526884121147,0.0,0.0,0.19757818662303062,0,0.6194408485253421,3,0.6194408485253421,0.0,93.50700423804278,0.9999208675432638,0.0
0,0.9903685322302084,0.5492848870432193,0.6053233949687363,0.0,0.0,0.16937765905652352,1,2.584809053134667,1,2.584809053134667,0.0,8.249795404385628,0.023655656005334258,0.0
1,0.19198230889913703,0.23326641049597063,0.6661862603644081,0.8235908789976087,0.0,0.15019348797655144,1,1.1564430411419047,0,1.1564430411419047,0.0,2.4105179819272093,0.9999493644127209,11.25384340840325
0,0.7643889394972077,0.32852930552396953,0.7882626835643385,0.7157421349966739,0.0,0.25447319135461016,1,0.0788097533694116,3,0.001809532533363782,0.07700022083604781,4.576722690878297,0.32503487181246615,11.52387910188035
1,0.6820368295928865,0.7411178856349228,0.32970802233937,0.0,0.0,0.28085191297790735,1,2.0915942002321217,0,2.0915942002321217,0.0,204.39888810303478,0.9452782368775369,0.0
0,0.645595854726961,0.6975864363771799,0.7552539695780575,0.8326417226269717,0.3333828425684726,0.027579455971816776,1,2.4687451599727845,0,2.4687451599727845,0.0,0.10118226972023056,0.18029951694600788,0.5034025247008025
1,0.2639985186125443,0.830527910418842,0.4686769920628515,0.6265378267362621,0.3485659447746646,0.09603830161383489,1,2.206180469284588,0,2.206180469284588,0.0,23.078306930417572,0.9893832009563714,38.34046374590022
0,0.47600271890698675,0.5348083307874357,0.8403108208776819,0.0,0.0,0.06979433133913684,0,1.8650743510655612,3,1.8650743510655612,0.0,1.2065516004820922,0.33034390033404604,0.0
1,0.2870928826156829,0.3921673088687857,0.46878592135088226,0.8052303024073793,0.6120907161153789,0.2646635647455198,1,0.5063157198688553,2,0.23259269169845417,0.27372302817040106,23.373427141959635,0.9950801538693145,12.1916983629232
0,0.2916969673929677,0.21837462916451367,0.1054017422791651,0.9868411789166849,0.9365269714920156,0.19493476273922747,1,2.974498136646589,3,2.9359834926163293,0.038514644030259504,3.7014410943204883,0.7171321336793575,0.25291398701101586
1,0.42730979957930404,0.3365213806281365,0.2391442451378254,0.0,0.7274726863206898,0.2861040592905424,0,2.7631829465160958,3,2.7631829465160958,0.0,12.64629254863418,0.9035536284697722,0.0
0,0.7837504660601973,0.4388899598110301,0.8162630285390102,0.5403720288266297,0.0,0.1238935817753394,0,0.94616149316376,0,0.94616149316376,0.0,3.010393242703298,0.21658932941892906,3.539236961520689
1,0.5525432997860347,0.77836827799235,0.28863271764137177,0.9136510317079106,0.0,0.12863745029524426,1,1.783378643354941,1,0.09398420547043185,1.6893944378845092,4.081790880396637,0.89402603768284,43.18907941638928
0,0.36709906879549425,0.06690951596641115,0.15458291181597172,0.00699522534798247,0.5049549881288523,0.09982166117265688,0,2.8661985685733793,3,2.8633446838370196,0.002853884736359724,3.1308690226826243,0.8982308051976294,0.010879804159377374
1,0.361676281753486,0.4400134578571331,0.4715544564004166,0.0,0.0,0.1382741488079775,1,0.5998966684098376,2,0.5998966684098376,0.0,31.132181316032355,0.9950266694995201,0.0
0,0.5848374675149501,0.22120523207287002,0.3951723423184682,0.5291459689554693,0.0,0.25574771856008993,0,0.7505741253361018,1,0.35232651409344257,0.3982476112426592,6.138114834643045,0.5937697357918265,6.898016173997585
1,0.33834256014186403,0.6530480113276156,0.14695516664674646,0.7328816549430188,0.5847360678010894,0.06092961115630916,0,0.3051702617366305,1,0.2121220962440803,0.09304816549255018,1.5423146041392635,0.6224547311733706,0.6920137552266432
0,0.5623544425268638,0.3190931833146896,0.6880886231920517,0.0,0.0,0.013491192155325453,0,1.4046206089275628,1,1.4046206089275628,0.0,0.5022865709033795,0.4829057566844561,0.0
1,0.7533661393903404,0.8789557963411221,0.3384931442818565,0.18690838782500263,0.0,0.047272982467367275,1,2.1927940735932765,1,1.9803351123721094,0.21245896122116714,50.688459609006024,0.9461777132203133,11.651944411908433
0,0.7202595228172408,0.8182453570926913,0.6554631781373519,0.0,0.0,0.016025164705666766,0,2.1566184363359415,1,2.1566184363359415,0.0,0.17300896003246405,0.14336698054600872,0.0
1,0.7648445438209668,0.7858634910349659,0.8382843373991009,0.13556339031313025,0.36262946550056485,0.23439540454400912,1,2.179073271860917,2,2.01059098919077,0.1684822826701473,243.43530377614437,0.9999992516390981,23.503419570042375
0,0.9465963487780387,0.2508092664082988,0.16528783769512745,0.593188622222824,0.5879912382560757,0.2107714182694873,1,2.108795876695608,1,1.739805031239848,0.3689908454557598,27.23873974455669,0.13757543328669797,19.749947563314674
1,0.4374561770934374,0.34477656374578913,0.16527912843110049,0.6652992120409672,0.9678226084987005,0.2716196639302473,1,1.6707550221542966,1,1.6487819983505738,0.02197302380372279,21.673537262403755,0.8399069774671071,0.48855207793000577
0,0.2974176596459631,0.598537482178154,0.8600445709389641,0.7560714784543405,0.4295382742784477,0.06245722192019089,0,1.251150988306253,3,0.1014911150978817,1.1496598732083714,0.1932389497590185,0.36133802737052634,0.3479272946025394
1,0.9480702689345978,0.47001899166953376,0.6148624170690458,0.7485040628736835,0.0,0.11414818279471887,1,1.2803193269548196,2,0.07147010038135218,1.2088492265734674,28.72161034188781,0.9998212691005679,85.48146852320765
0,0.5378676073795391,0.34751001203039056,0.08243531018841743,0.08658628667492696,0.0,0.011569443875834768,1,2.179901073092864,2,2.0120613621059045,0.16783971098695938,0.38963618614955564,0.46458402170711544,0.03693523539301624
1,0.004958990156028964,0.28919153091453254,0.02096072034850005,0.9744643915850552,0.0,0.1920227573488373,0,2.5581090537378817,0,2.5581090537378817,0.0,0.0015010161727695304,0.7186179223216742,0.05728028045343708
0,0.09454590357526993,0.4748588507452013,0.449068520578784,0.9217025267518991,0.0,0.06990309695985189,1,3.0826164472031183,1,0.005470942734258077,3.0771455044688603,0.017184289269682,0.5003326953289797,0.20229008910815166
1,0.3828325655579653,0.1809932463524916,0.7147276458747713,0.0,0.0,0.1725451072952768,1,2.9677248676819397,3,2.9677248676819397,0.0,48.41503851011494,0.9999904987310297,0.0
0,0.05885869015458722,0.4655307530059185,0.363688617320557,0.8964829056287429,0.0,0.29210189296612693,1,3.1232102919870024,0,3.1232102919870024,0.0,0.07434503579546672,0.5193488461864872,0.6438458702285492
1,0.2597623544788503,0.0618250444865166,0.6041800122111257,0.168594409820643,0.29120329323392047,0.05082660955061556,0,0.011596462140299114,0,0.011596462140299114,0.0,0.42347925156584026,0.9998704184866649,0.057473470092510484
0,0.34356815547883024,0.5358189411022058,0.31821157309175974,0.0,0.0,0.22741700607171167,1,1.48742584683725,2,1.48742584683725,0.0,2.621742605598045,0.37781685061391046,0.0
1,0.44688933465839065,0.8063666476578449,0.9247150885238911,0.7224616888873396,0.5677838640233698,0.22354863386424642,0,2.8678312537175716,3,0.07590115457583113,2.7919300991417404,38.584353225356615,0.9999997050238084,100.43916778214196
0,0.41133794680575697,0.8541593001745572,0.21097070999254308,0.0,0.8759107918367226,0.18151247146660118,0,1.243068413196172,0,1.243068413196172,0.0,0.9621541562425445,0.21215109646226027,0.0
1,0.8004989125987542,0.36091774690834666,0.5530694955520433,0.0,0.9778200747818738,0.19428821579890698,1,2.3601104523651992,2,2.3601104523651992,0.0,194.28821579890698,0.9994067797149792,0.0
0,0.8427290705839143,0.3399393592199722,0.3398213615744179,0.0,0.7336027095125568,0.1375900176606648,1,2.041233765600083,2,2.041233765600083,0.0,10.348415658300295,0.2339355182801669,0.0
1,0.16346226140882059,0.34657170318272434,0.6851763111257702,0.21972374646124182,0.0,0.22489847137878957,0,0.8650184856236472,2,0.540361261908073,0.32465722371557426,1.5984470778394972,0.9998535884996089,0.45011850465787984
0,0.3036119068510552,0.09615292457092794,0.8791441467700907,0.460564042685643,0.8949088832523066,0.14570957220199002,0,1.7942593575360366,3,1.6339519919516903,0.16030736558434633,3.313092407618091,0.8674815226271686,0.20610807390823566
1,0.5244077377134728,0.0201925163600839,0.448725398345895,0.38975587433353664,0.0,0.12131319369610133,0,0.0009179546359357393,3,0.00020860852383760542,0.0007093461120981339,3.269224433088444,0.9995215523548996,2.088015883675015
0,0.008358714049849336,0.69819364418702,0.9505848278712047,0.17999067783917055,0.75021147540874,0.1516562953911755,1,2.4994098284175554,2,2.439497464974002,0.05991236344355322,0.037984129465014914,0.3918178649965416,0.001811874920401073
1,0.46422776530291787,0.4741690844804084,0.6615336167040397,0.0,0.14535476101736855,0.10871484499806161,0,2.5768850526615004,3,2.5768850526615004,0.0,15.791681823463588,0.9997414396193858,0.0
0,0.4497192227672654,0.681613392684047,0.8398459257841653,0.0,0.0,0.09055822627746701,1,2.2283338646580537,3,2.2283338646580537,0.0,0.9823965086340528,0.254040607742927,0.0
1,0.908338530721275,0.9661324085053213,0.2412228483720339,0.5694314927787557,0.4629153344118666,0.20120469743850838,0,2.1303317991024624,2,0.7455029893062292,1.3848288097962334,61.216878847448186,0.8328729678005367,80.95998225770543
0,0.8457044304256938,0.26183279685959837,0.7204487530610647,0.5638498613494692,0.8913614336487806,0.2487549312569237,1,1.0610345376692165,1,1.0051637357453471,0.055870801923869395,23.87859495847249,0.3031334076839777,1.643538807548326
1,0.13084614120130988,0.9397281509461867,0.5606168497196273,0.7545455551238913,0.0,0.28912587801207323,0,1.187612376630682,3,0.015757141833419683,1.1718552347972624,2.416823050035049,0.9950734600196218,7.429497114404925
0,0.03676621772990707,0.21862760264317005,0.5278204515790448,0.1360693507381342,0.0,0.1903013984765288,0,0.412124903428725,0,0.412124903428725,0.0,0.29468331401591946,0.7749058689188888,0.04641271524024144
1,0.5925505882510445,0.6522391991085614,0.5239018174137828,0.0,0.0,0.22024888160950623,1,0.8663322854259059,0,0.8663322854259059,0.0,220.24888160950624,0.9976835311328051,0.0
0,0.47225930902699276,0.21078607338738087,0.2713379855411001,0.974009985665109,0.6501107830073155,0.22268034690528818,0,1.850245803514999,1,0.025832821706751385,1.8244129818082475,0.20632542053390873,0.6639715426053288,7.732316623880876
1,0.9068147933157873,0.1251941704336571,0.9329999902073141,0.0,0.38792555969692555,0.10831657102325197,1,2.814226449901944,1,2.814226449901944,0.0,108.31657102325197,0.9999999970516196,0.0
0,0.1750183872466825,0.2561953394749398,0.6655247521537573,0.7630964019743983,0.0,0.05593760591310647,1,0.15050307399167026,2,0.008433194820161999,0.14206987917150826,0.11899877860624192,0.705461831318619,0.38331009132228466
1,0.4811318190076168,0.898860430885263,0.22428799422233592,0.3032712142971883,0.0,0.11207868586126062,1,2.8926951158922436,1,2.7093122288391043,0.18338288705313932,38.41801657883953,0.7497309501613086,16.722545096226177
0,0.5950885608659757,0.07791024793923329,0.58147773601521,0.164347311441435,0.0,0.02098670652077213,0,2.695956294304671,2,2.4706829371722145,0.22527335713245655,1.7913116803437763,0.8273552514329027,0.35229619032992154
1,0.2598912462273625,0.42946175003030773,0.11251067833099226,0.38030186221962925,0.1619301114790267,0.04640646661349042,0,2.4497163446474346,3,0.9319341952546095,1.5177821493928252,0.6694382283124903,0.6957062249199639,0.4108268031595715
0,0.9986087763882934,0.25763863223813643,0.5402839917592629,0.5653703760896782,0.0,0.19671097758249373,0,1.9406349183003657,1,0.7816802670637877,1.158954651236578,15.877544583029563,0.003992673994153817,20.65366201117538
1,0.9850481852955241,0.8298767039326718,0.737780014342136,0.14834073477726095,0.3961119785898235,0.05297867073371414,0,1.908760070091622,3,1.6123018195027796,0.29645825058884245,52.92076621529542,0.9999483877863398,5.505540921740601
0,0.0890610026739046,0.2759646713475228,0.4074203714796917,0.0,0.0,0.16853450399262918,0,2.565128585335067,3,2.565128585335067,0.0,0.6970049730534629,0.7050136304483021,0.0
1,0.4046265814923621,0.6453249545285115,0.366020353500775,0.5727454410293269,0.0,0.29782895195869874,0,1.6685330122031763,2,0.28655832725046504,1.3819746849527113,9.69462072135411,0.9492122097948694,12.995881972660564
0,0.5567788887487964,0.015664566548897252,0.2140320758795985,0.8558042161648227,0.0,0.22668528327847115,0,2.47784320401799,1,0.11912157625478237,2.3587216277632077,2.380398464770961,0.9653394939349494,14.127701851753347
1,0.45280449842548476,0.10269071009989394,0.016604374879531147,0.3515117887766598,0.0,0.26906751741397006,1,2.539454818828443,1,2.03285474280616,0.5066000760222829,15.284621439640457,0.9013012060308818,8.284999680852685
0,0.7215013102414776,0.446302685765836,0.9204305219003782,0.8846183643350183,0.0,0.1407363930319798,0,0.9979983132597133,2,0.011757346433536403,0.9862409668261769,0.6481703081517132,0.2567897847222472,4.969450766606828
1,0.3508831757396199,0.2874011358194202,0.7811588697601503,0.0,0.0,0.1035543259195111,1,1.0564206117534927,3,1.0564206117534927,0.0,41.101831745964404,0.9999976505980599,0.0
0,0.9974215686724965,0.5063328306322898,0.7490735433510478,0.0,0.9805040236934188,0.161603105376412,0,1.2044262210018113,2,1.2044262210018113,0.0,9.431012344683124,0.010437042249198392,0.0
1,0.29233201674077636,0.9926413397348781,0.10929525245998939,0.0,0.0,0.05509616001181872,1,2.7881470494564384,3,2.7881470494564384,0.0,2.7264390266932144,0.31180211443656125,0.0
0,0.9393083705266607,0.12047142144760614,0.8323282203423102,0.0,0.0,0.24452036562814566,0,0.19555038210174389,2,0.19555038210174389,0.0,69.7181946587646,0.3070438838913413,0.0
1,0.30488975370547944,0.26139526059773777,0.908125969530483,0.9263630069694311,0.8139305249313177,0.04157592116873843,1,2.673670308613378,2,2.370882959922248,0.3027873486911301,0.8754973780887052,0.9999999715615148,11.013871566203468
0,0.4259280399681966,0.9395802784213777,0.31828317782631577,0.03612751275634074,0.0,0.08532413344887542,1,2.1738574702840046,2,2.11016133330157,0.06369613698243448,0.19237140408046657,0.1551253014103563,0.00721039395443949
1,0.5325028087280524,0.2774556499941201,0.5454018822355926,0.419830635216073,0.9926489992551727,0.07132523278031004,1,0.6699028062990777,0,0.6699028062990777,0.0,32.49901936777399,0.9993221045226256,0.10063323182105174
0,0.1534494180503696,0.8781848045259127,0.39287978322203887,0.7905389547413397,0.0,0.2394430314161517,1,2.8077524510143097,0,2.8077524510143097,0.0,0.15954082731579433,0.24910189045279307,0.6021321945999504
1,0.22594602842902045,0.015635201496063234,0.25578368420543873,0.0,0.0,0.11115099830745487,0,0.2696970950606782,0,0.2696970950606782,0.0,1.186210308310208,0.9956845960207432,0.0
0,0.03145922149851732,0.9815512768538142,0.5674123281692157,0.0,0.0,0.26112784825104995,1,3.0194983426789954,3,3.0194983426789954,0.0,0.02904237768011237,0.25645064105328375,0.0
1,0.5779713409607367,0.8825996696791445,0.35586557991342416,0.48319413310915793,0.16708672374057731,0.2053766612717725,0,0.378033914823516,3,0.07995213302241157,0.29808178180110445,29.772851021409878,0.9314335316093498,20.420007850905712
0,0.4140818723326486,0.3509111829966114,0.22509951003512507,0.0,0.0,0.21225428282431313,0,0.6855940434843183,2,0.6855940434843183,0.0,4.681096224947436,0.5201044535188815,0.0
1,0.938283133661109,0.23346478856978015,0.5947705477674076,0.6680739000201393,0.4189900162862443,0.28136520176606106,0,2.712311972783334,0,2.712311972783334,0.0,194.84283796366825,0.9996755849499619,392.1638420638745
0,0.1475291687732384,0.5739367024278067,0.04925612160505688,0.0,0.3308295741658659,0.21751979235474567,1,2.6704611042887914,3,2.6704611042887914,0.0,0.9211813183526355,0.418254036849636,0.0
1,0.3962440022356657,0.2823516925425581,0.6181643760747814,0.4576026418566841,0.5913643961468263,0.17548734389582185,0,2.8520106295149894,2,2.6560176987755244,0.195992930739465,10.68346532105131,0.9995992892147187,2.725609279373209
0,0.6660615328777494,0.9225540733859698,0.21875136928282335,0.0,0.08084029639625556,0.1557643549609438,1,1.53024882807969,0,1.53024882807969,0.0,0.6349834011538446,0.11896602832737446,0.0
1,0.2621576327120083,0.21579740631204036,0.41179185424172826,0.46238875925740197,0.5914075899619421,0.1442639714235796,0,1.8188734559487347,3,0.9537196820063709,0.8651537739423638,1.6284335132261327,0.9895405296637856,0.9315171543653349
0,0.8774969958929975,0.9447806560741034,0.9669041494422903,0.45731143309168953,0.0,0.16883076584864765,0,2.8328101521189692,0,2.8328101521189692,0.0,2.0686697135410923,0.108705573755985,1.7432213777458978
1,0.02714645255812187,0.8447931206179364,0.36933381018474143,0.5924534886744085,0.5436493630869258,0.24106312389047763,0,1.994114026485145,2,0.8566614735373257,1.1374525529478192,0.31894935709600497,0.9196639407238654,0.4636591261875
0,0.940684044099929,0.20656999673797682,0.6310474988673717,0.8928236051023632,0.0,0.18416071414590807,0,0.8549576028969357,3,0.000961403984902973,0.8539961989120327,3.484929101214664,0.1855556994765285,29.03089777039349
1,0.5678764450250388,0.6200643345201016,0.12300244770939672,0.1646811082321501,0.49699316398641225,0.2727228676237244,1,1.1758141203788508,3,0.9419486233126199,0.23386549706623094,34.82943347784607,0.6424372437090081,3.304190910115751
0,0.07730374893315128,0.6007050442234487,0.8772082635038222,0.0,0.0,0.011880592760216135,0,2.179291479062759,1,2.179291479062759,0.0,0.02634550861070779,0.43416639853412664,0.0
1,0.3673787620383355,0.9073995024341199,0.5022039119866581,0.39984507077272213,0.5938640208160525,0.06215066928870137,1,1.6808178947866743,1,1.4795504643695474,0.2012674304171269,50.19447694266319,0.9941266816541537,11.216182942547247
0,0.5053256826518024,0.42953018319161873,0.535124285184385,0.9632406726443786,0.3227579022260054,0.28216281635104484,1,0.4547934609532291,0,0.4547934609532291,0.0,2.3393694219731818,0.39649582897370705,4.678102609421975
1,0.9908954216113282,0.4465514181861324,0.5205932649601085,0.17013896657802896,0.0,0.015468038041598946,1,2.665940105220883,1,2.5516323980768907,0.11430770714399241,18.470646514844614,0.9988545780725192,3.7868710344250913
0,0.8093522972609833,0.09088610038643263,0.4151802753720124,0.0,0.563909565894284,0.16856779012374293,0,0.6418716710510286,3,0.6418716710510286,0.0,28.166839627590125,0.656003641313087,0.0
1,0.7011536171370144,0.6192316390529166,0.049062345117661166,0.002295247188574323,0.8744554582994859,0.021365072993296295,0,1.0923513236894262,3,1.0915839075816463,0.0007674161077799724,3.0205893676275046,0.501104527216818,0.0008706542721901916
0,0.7306163584244442,0.12294186655750872,0.03815380851461647,0.6412449136631153,0.2283412125291302,0.14604245842886965,0,0.7455772432975327,2,0.17776291274294478,0.567814330554588,7.443580977310624,0.6577408757075245,8.249801030149603
1,0.6659059955586711,0.5496478134351117,0.2759234267151799,0.0,0.6075030433847084,0.01669519908924345,0,0.6116609688058186,2,0.6116609688058186,0.0,2.7010367324348303,0.9062022239255534,0.0
0,0.2738339358068709,0.9855752388388708,0.9157905312312988,0.0,0.6471127816748174,0.05391564061693691,1,0.7230808112048757,2,0.7230808112048757,0.0,0.02157502418955733,0.1708124945356172,0.0
1,0.3423970179065814,0.8167797318775405,0.9939497086472977,0.0,0.0,0.005609516778418376,0,0.2886435663220683,2,0.2886435663220683,0.0,0.180668175855957,0.9999999958312081,0.0
0,0.9571630583446794,0.1573799241114907,0.6627860452401655,0.0,0.9831509790666026,0.2626641816251503,0,2.0262445613593343,0,2.0262445613593343,0.0,65.69685062920453,0.1865627671215605,0.0
1,0.07937919131249926,0.5357523593604094,0.4907036816981065,0.0,0.6853369262312414,0.27868836404349545,1,0.9511467178243355,3,0.9511467178243355,0.0,9.866321476698015,0.9947055579323593,0.0
0,0.45393572999224063,0.629214963579753,0.38177233986634174,0.565841609803881,0.0,0.2544627442340032,1,1.3541862425349342,0,1.3541862425349342,0.0,1.7933952034458447,0.2801501331189191,2.3373442776816034
1,0.19228561621955698,0.11082648433329356,0.8873147778111893,0.27931438426712796,0.0,0.18829684521680426,1,2.366128392012291,0,2.366128392012291,0.0,13.311007996924493,0.9999999696534227,5.1589152349807295
0,0.028427518144786834,0.8288702097036256,0.4795254938817374,0.03264943826204625,0.22549266704685034,0.18143826030976873,0,1.0287727232085329,3,0.9638895612871597,0.06488316192137311,0.1351455480899339,0.3565669624426937,0.003509978169139205
1,0.16323592275301035,0.5338173835292317,0.5242147319140329,0.1369878760660712,0.0,0.24502482261364703,0,0.8187834714825248,2,0.6219631253119839,0.1968203461705409,3.360800810696196,0.9948757274482265,0.5334675518111829
0,0.4009893133034558,0.2160526541661556,0.15083698998799022,0.0,0.32470479893424453,0.03501092165108938,1,2.3384290466831694,3,2.3384290466831694,0.0,0.963107714304147,0.6848915997455206,0.0
1,0.1713250739863681,0.7981076699675146,0.57278035901187,0.8126591603115529,0.0,0.20490016078053122,0,0.003880712945619564,1,0.0007270150945107323,0.003153697851108832,1.3774971736116832,0.9967482614960572,5.975395959046945
0,0.5778902077322152,0.6095565083082755,0.060659166284259824,0.0,0.0,0.16511883904533348,0,0.6835730614305209,0,0.6835730614305209,0.0,3.008787543052811,0.24995451641137778,0.0
1,0.7189277179530624,0.26644340999865723,0.4772356100446541,0.3181774724162122,0.6329780476514348,0.08317096692156348,0,2.7196363375202286,1,2.6578770715237674,0.0617592659964612,18.90532253871802,0.9965501278339578,2.5425902377084997
0,0.6647416733153573,0.7177942492580163,0.3387551587879759,0.7696762568025832,0.8724534857020775,0.17763597681575832,1,1.742905578160032,0,1.742905578160032,0.0,2.6892465822161458,0.16717043540856558,0.3073072536554886
1,0.7648130187262481,0.712621996171143,0.5770265515405224,0.0,0.18171975364794446,0.23484175298035345,0,0.8265393451505276,3,0.8265393451505276,0.0,234.84175298035345,0.9983764792912506,0.0
0,0.3952427932507008,0.6565084684156631,0.5573422674787741,0.0,0.0,0.2915988288541097,1,0.8699049925811051,3,0.8699049925811051,0.0,2.946654012955086,0.28559272033186733,0.0
1,0.6276568607296438,0.9315803304696546,0.3182116772140796,0.0,0.0,0.14675847218180044,0,0.41572984825223447,2,0.41572984825223447,0.0,40.630234078849796,0.8935224435733087,0.0
0,0.3202723931817152,0.5875198797124632,0.49523722855942376,0.0,0.8428686173968205,0.18452171272348136,0,2.2239092804234395,3,2.2239092804234395,0.0,1.7713357478308236,0.359601799770656,0.0
1,0.8877222520896435,0.775623490282852,0.8648648943699535,0.0,0.9912722218636953,0.1635842720975864,0,3.0905840967116274,1,3.0905840967116274,0.0,163.58427209758636,0.9999983933033939,0.0
0,0.42879221389788724,0.35106199610916544,0.6754361114991992,0.7057413260920442,0.0,0.185069555975984,1,1.133438374135704,0,1.133438374135704,0.0,1.4444860563939534,0.5135896808709093,3.464412761133475
1,0.26389760724564126,0.02409554444531492,0.0667704427802599,0.5405850891033744,0.7385925269119882,0.24624323005294937,0,0.1045328772284927,1,0.08977305664033222,0.014759820588160472,3.961385569189266,0.9795101943531743,0.652728155436893
0,0.5846553109890702,0.22308292414185227,0.5293560865759127,0.36549751246485784,0.0,0.20079269035153258,0,1.1770117900979389,3,0.31283374455364554,0.8641780455442933,6.434880241484375,0.5912520098912744,3.706735225591279
1,0.03987718857880562,0.827562410831498,0.3831673056010969,0.15681417948937215,0.0,0.12447192503606126,0,2.686490516863981,2,2.4731410944676444,0.21334942239633659,0.6403371891332337,0.9337959996838311,0.11908875655623444
0,0.33299077747120853,0.5182910175195055,0.5813023420989256,0.4800710241928724,0.0,0.28035785235870625,1,2.8923901626557953,0,2.8923901626557953,0.0,12.912509178263852,0.3933171768381549,11.9226313488028
1,0.9604560363368637,0.8194348370714809,0.5469939661539838,0.5770260004463861,0.3176133597445674,0.2733023861253675,0,0.53996895542663,3,0.1148730985551188,0.42509585687151125,160.45410537483815,0.9973506679495608,113.28627245877966
0,0.5505471708594529,0.2733304105467459,0.47854637568820313,0.3044977664727112,0.015576409411246717,0.15246866695084704,1,0.09971341780916176,0,0.09971341780916176,0.0,4.27623871505918,0.5443992857678605,1.8305529436236232
1,0.9584037395292699,0.9099585014610871,0.8470827060020585,0.2569158737227658,0.0,0.057783190463712136,1,0.3482850834963627,1,0.2594637995357884,0.08882128396057432,43.21481103343579,0.9999994394297159,14.941203212134239
0,0.19290974074012013,0.7677605093989609,0.4706332626768296,0.2673471337405381,0.2761137368448482,0.15678961852700365,1,2.6687607609900725,0,2.6687607609900725,0.0,0.7270732892333432,0.28981336238440814,0.175271088740246
1,0.6518553108436682,0.7054298829414086,0.14116339893711993,0.3137172198679805,0.972632656375835,0.19862771989522096,1,2.6249671292224694,3,2.611918374428657,0.01304875479381229,43.090260040415245,0.6588376832600866,0.37520388024770557
0,0.9989135699493524,0.6076689041300062,0.8227370638124607,0.23258772225644142,0.0,0.10693756081704654,1,1.045914134268321,0,1.045914134268321,0.0,3.5634336489991836,0.027240120353456243,1.080007370053621
1,0.8163003586940415,0.2043422070881964,0.11598022781071515,0.0,0.19165549224782874,0.22936212580912005,0,2.24277947254624,2,2.24277947254624,0.0,44.85981446456488,0.8977001282013455,0.0
0,0.0899853511012163,0.556272963921525,0.3239824758457952,0.0,0.07918567399366416,0.09864135738513453,0,0.41230275879586387,0,0.41230275879586387,0.0,0.2635547551474495,0.4540589421040232,0.0
1,0.9611430270323759,0.5167136673562692,0.10124341180801655,0.23904995776423188,0.42920358499094136,0.2919293390164061,0,0.1383365373541485,1,0.1194959748110668,0.018840562543081696,141.721527693968,0.7965203794916443,22.40530881314494
0,0.2090640648887766,0.3416108530096926,0.5708047509291381,0.5574075673460521,0.0,0.11182809145118645,1,1.2155792532228158,3,0.10307001984344427,1.1125092333793716,0.47462621776871067,0.6038626139189427,0.5977513981852639
1,0.8412000125450497,0.3608226451396501,0.3421500227789165,0.14841171721025626,0.0,0.21122573408685225,1,0.6017396232507318,2,0.4412019228917593,0.16053770035897252,135.9085599025563,0.9809862276483122,23.685650878890048
0,0.6312865359988183,0.38618700802981243,0.42274791398402045,0.0,0.0,0.22637762961611144,1,0.6590285639841471,3,0.6590285639841471,0.0,8.592815946487024,0.36949896040030983,0.0
1,0.3060110864324037,0.9949300929331135,0.724000364459901,0.17704381208470465,0.613191919768408,0.014562221402845538,0,1.3398594653294476,2,1.199590872467559,0.14026859286188853,4.415641539319833,0.9998486687534655,0.33671036274508925
0,0.04229258300093852,0.9966900216226044,0.33987665185561633,0.8056878504256391,0.4605592299866954,0.22650410133251658,0,2.906532971433877,3,0.002764442005506894,2.90376852942837,0.001453576008970076,0.30441606085445294,0.006027047370237665
1,0.8974984564019145,0.838000343416288,0.0975454182190969,0.10087469939581672,0.0,0.20249222095076358,1,2.9953856247341735,3,2.9331119742369505,0.062273650497223,133.18874369349092,0.6028350523663695,14.942716520110421
0,0.043821027483555874,0.42731125854210195,0.84645238308806,0.0,0.24794278688844085,0.22430877073691527,0,0.7430857656044133,2,0.7430857656044133,0.0,0.3464469721786261,0.5616889715712521,0.0
1,0.4701125026682381,0.3060579322582798,0.23429040142890867,0.10787439559405876,0.3768320573389735,0.21731400917812266,0,2.4228177636416115,2,2.3196454651719614,0.10317229846965015,11.672326302889072,0.910980420492047,0.8480998352884506
0,0.22932315024860628,0.061598880339710615,0.7015722237673184,0.763713299224241,0.0,0.2078322062539071,1,2.560727211878779,0,2.560727211878779,0.0,1.3909911828654875,0.9215103812500565,4.495887673619827
1,0.5515980389460748,0.4080232512272016,0.11725899734712153,0.0,0.0,0.04165722948141305,1,0.07269929882472612,0,0.07269929882472612,0.0,4.556835029960941,0.7541221369052035,0.0
0,0.3215582830436975,0.06669341959157793,0.7173971957467671,0.0,0.0,0.18872066894262146,1,2.9198556893528846,0,2.9198556893528846,0.0,4.8554164539377895,0.9047083768068883,0.0
1,0.16957450853410638,0.36544697825726136,0.7046344632794378,0.2438741261227384,0.3118642577050583,0.0073514300267912835,0,2.341131678757334,3,1.762654491951392,0.5784771868059422,0.07423709540834424,0.9999010846386872,0.017625905018112367
0,0.3608820976065571,0.010964178800166202,0.3388438999829716,0.0,0.1456089659454023,0.06954844885447953,1,2.1670683785827896,3,2.1670683785827896,0.0,2.3160858288044426,0.9829503801483551,0.0
1,0.061065622782932816,0.11610168887831585,0.6876225151646314,0.9968123041820274,0.8949669249075056,0.2681271694927893,1,2.953413854610109,0,2.953413854610109,0.0,3.732319443259893,0.9999834415022952,0.43774137016761056
0,0.9098355991597661,0.8964982971292018,0.16892904736647285,0.4066028537749117,0.8845171444027178,0.17483107896643993,1,1.8145919659786252,1,1.7657740070176466,0.048817958960978514,1.2839003240210498,0.08319943895203574,0.06577781716922733
1,0.6583763482907847,0.34456189285747085,0.18097742050240884,0.0,0.0,0.20122410931782894,1,1.67108765699175,0,1.67108765699175,0.0,39.52643829751957,0.8773004955010729,0.0
0,0.5991442803405668,0.26233392300102587,0.7011455520169674,0.0,0.6476637497992866,0.09033582348123186,0,3.1097914378057325,2,3.1097914378057325,0.0,4.292830132277488,0.5298941348577452,0.0
1,0.688341177346382,0.3044593558131543,0.4510264065032502,0.0,0.0,0.03519653326217933,0,1.7554107995694144,3,1.7554107995694144,0.0,6.246857183216507,0.9939742918218009,0.0
0,0.07244492621748899,0.40799716385062634,0.08484511433354835,0.32985952037570254,0.0,0.2250817952848563,0,2.6281037878900855,1,2.227706712676519,0.4003970752135664,0.7557788065989075,0.5737207410418053,0.37201279766684536
1,0.04505361336368785,0.4650971748168521,0.9157528787864674,0.0,0.0,0.07207004694292041,0,1.2596299579808827,2,1.2596299579808827,0.0,0.06376090901485079,0.9999996411070401,0.0
0,0.02563068541135971,0.7918292130195103,0.15827951840844556,0.39317974276360157,0.0,0.2743533850729556,1,1.6417991956079936,2,0.6457970927949885,0.996002102813005,0.10960379555040982,0.33793668301794966,0.07101607374922624
1,0.8247145089800386,0.22306020188209674,0.9585049859502625,0.0,0.06784265590121508,0.22042365927231372,1,0.4868747296979882,2,0.4868747296979882,0.0,220.42365927231373,0.9999999984276162,0.0
0,0.42276250724482234,0.3680680013528178,0.058743619426540605,0.31137345394827365,0.41613862597948237,0.24454281589568438,0,0.8370861478458796,0,0.8370861478458796,0.0,4.602694771052269,0.49775316161601735,1.0318954645348215
1,0.7346772145258339,0.5556635911121071,0.9460904194408546,0.351913175139155,0.0,0.0940425377829276,0,0.8880957917686823,0,0.8880957917686823,0.0,66.8330617842514,0.9999999331898417,36.29056181140118
0,0.28896508797508624,0.14030326326059062,0.8986318347120927,0.0,0.1601577979650851,0.08461567998384636,0,1.5849337814740874,2,1.5849337814740874,0.0,1.6781040760422465,0.8133216681145058,0.0
1,0.3009242816541249,0.8081777679802655,0.48097059145094023,0.5409037720802415,0.36992023896500414,0.07131285228162741,1,1.4441965390655094,3,0.3099952485093776,1.1342012905561318,15.131846855076994,0.991898409461267,14.214005722507862
0,0.6432784028604633,0.47265295608194624,0.0729740847408209,0.0,0.46070448477955905,0.29409592217594765,1,3.102788369491417,0,3.102788369491417,0.0,9.061783423589933,0.2846926377466886,0.0
1,0.5810281683012376,0.873602905185259,0.019880520306989724,0.6824963214268713,0.7344304240719163,0.29761223156742495,1,1.728130422636686,3,0.6419831508246887,1.0861472718119973,10.091709872889622,0.1794625305955856,18.780956335223312
0,0.595319554076648,0.8986096061191977,0.6583772171987204,0.2071837608158934,0.0,0.16660145471449217,1,0.7332634683751859,0,0.7332634683751859,0.0,0.6639115675747191,0.1357783742923635,0.17349757563096968
1,0.039377286444023496,0.7599016211905245,0.32972617170245044,0.0,0.0,0.25971435963500644,0,2.4149138226019806,2,2.4149138226019806,0.0,0.9436460334124279,0.8880357224239417,0.0
0,0.2585833808546705,0.9421881984554498,0.7921433208841359,0.0,0.0,0.05513523055618283,1,0.8189940182858189,0,0.8189940182858189,0.0,0.0803611036786105,0.19092579703364976,0.0
1,0.11944877343272531,0.320583114708447,0.6991656532854255,0.12905538109065606,0.9895085411268393,0.13862168477169615,0,1.8298397407401408,2,1.8272166891049664,0.0026230516351744004,0.661167597481174,0.9998970453518135,0.0008970766966428049
0,0.020914431894942687,0.8987656094442878,0.027857453333338222,0.7203121170420608,0.8131790432760555,0.23915372766261997,0,0.4674822044567323,3,0.30092537477511616,0.16655682968161611,0.08873838135655213,0.3401945509992955,0.015354019673755319
1,0.2904108968822454,0.4570149764888082,0.526268323073582,0.9171329830898486,0.987402716386966,0.2819270570353962,0,2.357957217056201,1,2.3496150000594924,0.008342216996708451,9.888282553056927,0.9961553550529153,0.11687582828430426
0,0.982739311934069,0.5288235176232152,0.5392350147125624,0.742791782717685,0.0,0.0684407771152939,1,2.3259145569007207,0,2.3259145569007207,0.0,1.5328772813934752,0.026719028266995903,4.426797326167642
1,0.0022374530639498458,0.09855030240612017,0.02481958568576792,0.0,0.7378528670272363,0.0414579153008965,1,2.8679536266287324,0,2.8679536266287324,0.0,0.005800176446054724,0.9048543560958645,0.0
0,0.011960391459215236,0.3422551710561149,0.37167220538836776,0.3960693844551255,0.0,0.2508868133145294,0,1.6735892622139732,1,1.0632490610651661,0.610340201148807,0.08300964398398179,0.6550309972518373,0.054439330860735026
1,0.9461334239137337,0.538395658101128,0.4029314829803865,0.6085374695475702,0.0,0.056845174821187165,1,0.6601144190234222,2,0.1000012698789742,0.560113149144448,22.279287159333276,0.9893971044601891,34.633662168369064
0,0.32937515589651767,0.29901434644935887,0.46882651513252505,0.7574116497118568,0.6330335893776738,0.25461378794666656,1,0.18316659636751242,2,0.09526968710032568,0.08789690926718674,3.3000011843699277,0.6112216967966618,1.2903030731919467
1,0.24543753800654322,0.8376016801660983,0.11451979003622281,0.0,0.3588693568893604,0.25501935681318816,1,2.6231249918522996,1,2.6231249918522996,0.0,9.37914175226768,0.42809042552011733,0.0
0,0.3265453992988765,0.3862562918210991,0.6057422938593202,0.263631762323128,0.35937139366165693,0.06953375086697056,0,2.9754137490282515,1,2.9333680305630003,0.04204571846525118,1.3043927761864944,0.5169289308465086,0.2658667928942791
1,0.7687407927984776,0.7554007190173049,0.14062565642988922,0.39658731633747335,0.7453516208573924,0.2988958874060799,1,0.8373801717179884,3,0.6152351061666863,0.2221450655513021,95.72939244676415,0.6718941017435125,12.223584693223415
0,0.33643210806415846,0.5295083034209374,0.14148941087464884,0.0,0.0,0.23031004808619457,1,1.243808951309242,2,1.243808951309242,0.0,2.627000241532402,0.38459515365537744,0.0
1,0.9087202552323368,0.498019676231661,0.9491060505718836,0.0,0.5890540308423167,0.19273608984196067,0,1.7843208870241358,1,1.7843208870241358,0.0,192.73608984196065,0.9999999535283667,0.0
0,0.8230838121524553,0.619318211859699,0.6604446196417533,0.7890738270895327,0.3274354295714217,0.21877486529876872,1,1.2718564720101675,1,0.47786639370366013,0.7939900783065074,2.038849621755712,0.1273937555446647,4.257122887406525
1,0.5276749550613035,0.3886586176727619,0.16238259216658657,0.0,0.0,0.1920539388296248,1,3.0552715045940118,0,3.0552715045940118,0.0,22.33409404385101,0.8243840072695272,0.0
0,0.18621991184216535,0.40508639783885436,0.3212543841218123,0.0,0.5059228946672519,0.2984711570805769,1,1.3688849938147156,0,1.3688849938147156,0.0,2.2311395618976477,0.5444450578945784,0.0
1,0.3151235189302193,0.49293590474343985,0.638857973764233,0.9309259683335319,0.0,0.14102914369766723,1,0.8706245954059485,2,0.0037354836069408634,0.8668891117990076,4.027114696290038,0.9998136130527465,54.274313483484164
0,0.9698442837514168,0.6635811429513524,0.8646578714600978,0.9389964111633334,0.7138137496640204,0.09467062709896337,0,2.641524946423748,3,0.0030524018692081392,2.63847254455454,0.1759419028268221,0.05973933988129265,2.7081819033626124
1,0.3748453650631338,0.9768847620807877,0.8777037599211658,0.01887000893617463,0.0,0.1754893309436102,1,1.356683263669057,2,1.3193390317713152,0.03734423189774172,174.62352702026163,0.9999996788768083,3.358522871944611
0,0.47371462718884316,0.6832291909294418,0.7899617588267029,0.42970940086794907,0.2233115084787286,0.20589561308895318,0,1.073824275536199,0,1.073824275536199,0.0,1.8287889844302816,0.2571450350966451,0.940033034268031
1,0.0050618670753865835,0.2736082118314278,0.7383594590562237,0.0,0.06397503144459638,0.1294634199633103,1,0.9237988374010984,3,0.9237988374010984,0.0,0.2002721597885713,0.9999892951829077,0.0
0,0.642114071311504,0.21916825029097042,0.6900063986134963,0.0,0.7362972038170051,0.017826352111597252,0,0.2923045450923028,1,0.2923045450923028,0.0,1.0755146926084806,0.5604476503098405,0.0
1,0.3114360165130835,0.9080876733748598,0.5004973006999217,0.4502626711771567,0.0,0.06978790916544007,1,2.972731050183613,1,2.352209594314033,0.62052145586958,60.18213017571849,0.993663025830389,49.29220787694192
0,0.2869683779160296,0.7568189545628133,0.8538678534787688,0.0,0.509475127633498,0.24458124811431856,1,1.9299520249920414,2,1.9299520249920414,0.0,1.3337243807112222,0.2664242942905132,0.0
1,0.42504243988226187,0.6141713600624371,0.9345698911367016,0.0,0.30997420235827,0.1587558816876256,0,0.44725272172080777,0,0.44725272172080777,0.0,31.815393714529442,0.9999998457325057,0.0
0,0.8427047148935085,0.27627235121362204,0.49286406552443374,0.0,0.6607024293233377,0.09948546740559544,1,1.6985101073252538,0,1.6985101073252538,0.0,9.331961859707715,0.2918114584704764,0.0
1,0.6606977769388024,0.061100863567050245,0.3214664607953992,0.0,0.0,0.06135090471233664,1,0.15619854831657304,1,0.15619854831657304,0.0,13.326524248030143,0.9948886139329458,0.0
0,0.258435904138704,0.35247789013418196,0.4254055013266598,0.34722696701952893,0.0,0.1447727887433437,1,0.94716811208799,3,0.2707548673745128,0.6764132447134772,1.1490998725451789,0.5766829870987744,0.6112361316836544
1,0.2757943488180109,0.5227200692389546,0.3800782868043465,0.2325656107402836,0.8563991505777764,0.2322805971866895,0,0.5729602855567592,0,0.5729602855567592,0.0,6.940748644628081,0.9622167712025653,0.24005179353081119
0,0.49535786058605347,0.648630414030193,0.16221666298985526,0.561892553689886,0.8169429683014872,0.1270219183273406,0,1.7644241959871936,0,1.7644241959871936,0.0,1.7566419548435321,0.2647042536897798,0.20846640883364817
1,0.915219626355725,0.4207750550261524,0.14603128781787678,0.0,0.0,0.24765491129103928,0,0.4875353573134778,3,0.4875353573134778,0.0,88.53663635722984,0.8544532415534677,0.0
0,0.5350269522266108,0.007150543777717289,0.5351424880451657,0.0,0.0,0.24215522754232094,1,0.8584313711015484,2,0.8584313711015484,0.0,16.46333016066736,0.9847470939320797,0.0
1,0.21872883171510227,0.24011514517773702,0.08609601812880052,0.0,0.37200450962820863,0.25880982189563567,1,1.3503546118631486,2,1.3503546118631486,0.0,5.409262193803376,0.8114119419930239,0.0
0,0.7823089510875259,0.5865474452715397,0.05703968278603233,0.75003071311191,0.056423133785170165,0.14171362364493598,1,1.6383067186744935,0,1.6383067186744935,0.0,1.4108655289605025,0.1563414532582934,3.980991092678777
1,0.1267905246846085,0.6895643883166159,0.51338087660983,0.08695422101284278,0.31014283621094296,0.14996213913978845,0,1.945966410438361,3,1.7598976199554286,0.18606879048293234,2.377587642394971,0.9918647400270646,0.15398783417332895
0,0.8247660066797466,0.9368190176248543,0.682683829177696,0.8471675140865879,0.24990458607377009,0.09657624071364672,0,3.047253789921556,3,0.00048374730573537373,3.0467700426158206,0.06345380836005016,0.11557186508421124,0.3517315364363445
1,0.8825404291341854,0.5623249612586187,0.07019652391365083,0.0,0.0,0.24727921717534052,0,0.9070790216208573,2,0.9070790216208573,0.0,87.76090677467637,0.6686501137789772,0.0
0,0.46411983123414013,0.8232988197847558,0.07687924950847935,0.3241693682543322,0.042894627574876054,0.21332130467085117,1,1.5181901255809866,3,0.5371713379620847,0.9810187876189019,0.9747546831330823,0.1875324501449348,0.45553103045119825
1,0.042930799855871116,0.7679649373956298,0.40188952684636736,0.0,0.24719774201550437,0.13327617429442457,0,1.87335060396767,2,1.87335060396767,0.0,0.5861104856663083,0.9514749419916232,0.0
0,0.7046396783674397,0.12826815669542813,0.5830650153279758,0.0,0.0,0.26975213396644804,1,1.1057928428956965,3,1.1057928428956965,0.0,25.773174674830642,0.6674778145461435,0.0
1,0.7212633947673591,0.10245670693122078,0.1098038477696861,0.0,0.0,0.20857881632563263,1,0.9983579099874662,0,0.9983579099874662,0.0,36.659762765420076,0.942430725838325,0.0
0,0.8319029506218458,0.7298873881308916,0.3963962217690208,0.0,0.0,0.04750425566001357,0,2.7056937017260476,1,2.7056937017260476,0.0,0.9065490789366223,0.11930034459362204,0.0
1,0.9807463909916163,0.6879088968464276,0.008465476404881489,0.93487627228212,0.8072579354544847,0.10758517097212163,1,2.9143543332619197,1,2.850594195594032,0.06376013766788757,137.89349594174897,0.5181706763733736,32.0494289092394
0,0.37727525586827115,0.8955827307358203,0.8636409696432699,0.0,0.7811025015223242,0.05212770508552958,0,2.8403905331549555,3,2.8403905331549555,0.0,0.19289944959091954,0.20806698130735957,0.0
1,0.5513581112189946,0.11770291751268702,0.5698081778275446,0.4971803022642779,0.7085120662982174,0.13382161658866054,1,0.41495774271716956,3,0.25904260019658043,0.15591514252058913,40.01003500964066,0.9998290535010514,7.1489755201682215
0,0.22186524220384984,0.6771704833293369,0.2905973096867773,0.048844350697901606,0.22671100155726676,0.29819671868751985,0,2.7554025748216424,1,2.7400600221141618,0.015342552707480639,1.7089064446292512,0.34500089703413317,0.06709042928961273
1,0.2131462843474864,0.2662495869017538,0.7653708808937292,0.0,0.13811481040838336,0.19022900078296925,1,0.19703432947377914,1,0.19703432947377914,0.0,25.295006912783286,0.9999960571346463,0.0
0,0.09037388591824724,0.7840868384661446,0.9523891720558371,0.0,0.0,0.04498316655423367,0,3.112302587701866,0,3.112302587701866,0.0,0.09480175581135313,0.3444247436722069,0.0
1,0.12294787625243297,0.729060112538335,0.9709592190189165,0.0,0.0,0.19862031163574612,0,0.6434603642519492,2,0.6434603642519492,0.0,1.1616512602626368,0.9999999580513829,0.0
0,0.048907973869261157,0.5272684949781619,0.06589261994123785,0.12736585761245123,0.7007394246313646,0.012109643631225393,0,0.7295459058087419,1,0.7038774619606084,0.025668443848133493,0.017472265736908157,0.4823831946253143,0.0006945152204099429
1,0.8655765084374478,0.6491220055683882,0.746572804126354,0.1967528707673537,0.0,0.1024220967509322,1,0.8367050911446645,2,0.5527689900237794,0.2839361011208851,84.27776415488468,0.9999904996361831,20.643574605947816
0,0.3197389579649478,0.6958539477485386,0.24653518312052236,0.6168697331557158,0.9197229995289324,0.21568900786458886,1,2.5799723466016307,3,2.4863468123393218,0.09362553426230891,1.639320822300339,0.28856567265246547,0.09417926274240353
1,0.585280152525107,0.008386243518813785,0.6839237118682078,0.272404399256439,0.0,0.20505495658270606,0,2.8490800308783357,2,2.437583128862281,0.4114969020160548,19.660952122501055,0.9999974727335532,7.360860684515217
0,0.8040748024663558,0.3405909296907027,0.6232734913068496,0.0,0.11921287137128289,0.021807578359451234,1,1.3583355173805294,3,1.3583355173805294,0.0,1.4767609255790923,0.2750080085289385,0.0
1,0.9820018233384167,0.27601284050038355,0.8588135256140607,0.0,0.8980293201739113,0.299327559955625,0,2.1582375021196434,3,2.1582375021196434,0.0,299.32755995562496,0.9999993534940869,0.0
0,0.9442438311383086,0.9854728525677998,0.19580451388778664,0.0,0.0,0.23466973969661,0,0.8934183614613412,2,0.8934183614613412,0.0,0.25944390155489894,0.10486253533622447,0.0
1,0.05223150094975737,0.6295489276123706,0.6073850892810546,0.7072420818964473,0.0,0.27830419856573385,0,2.3217226473953474,0,2.3217226473953474,0.0,0.6581178826919061,0.9985266863333206,1.5898755685360138
0,0.27157417459017763,0.1595065219928824,0.2631759243645081,0.0,0.0,0.010785791100940086,1,0.15987161680459835,1,0.15987161680459835,0.0,0.19140487321876395,0.7933167103908281,0.0
1,0.2864447771231312,0.8128246612941731,0.00043219596968313567,0.33710454736973405,0.9499149964593108,0.12217985716505309,0,2.9785360471355724,2,2.972814106586439,0.005721940549133553,2.9956663857429433,0.18772232969315805,0.05148431103224252
0,0.22239875929977104,0.7724712639554024,0.5846976682381676,0.16134108500627198,0.0,0.2253790201827166,1,1.509165935787972,3,0.9845309773702411,0.524634958417731,0.8283281142716347,0.2780897307860579,0.1593536470053314
1,0.9551232704569312,0.8850111327943978,0.7934487593186739,0.7628347160175368,0.0,0.24099107748821158,1,1.6944820668727176,2,0.07315246844874457,1.621329598423973,57.182392053144135,0.9999969380458514,183.92537504051026
0,0.20258253629668954,0.6762078466029237,0.4365169797446341,0.0,0.0,0.16201543990326636,1,0.6935261514524861,1,0.6935261514524861,0.0,0.7829666394638896,0.3372625580398093,0.0
1,0.7587394473997559,0.0701461997325108,0.9521354586683294,0.7031444234322164,0.0,0.025970289499800663,1,0.6522656775569406,1,0.18957719666691497,0.4626884808900257,7.738418547781568,0.9999999992734226,18.32953893259471
0,0.44833215956209405,0.18006129167421436,0.43299848034403354,0.0,0.0,0.1809171674785002,1,2.0179324622821646,2,2.0179324622821646,0.0,6.309919376368955,0.7152708973505256,0.0
1,0.29883290784889693,0.279847242539341,0.3192120066083831,0.7009796498379535,0.46907270372921916,0.16889879627359158,0,1.3258966455109709,2,0.3899554959784892,0.9359411495324816,1.6633483422007778,0.9597719526586845,2.1971461956119276
0,0.24416665804532756,0.668361138993312,0.8635743236755273,0.026117639830425365,0.5542757371030806,0.18996499409530127,1,1.7820249904294785,1,1.7704794272996631,0.011545563129815362,1.126524715200075,0.32841732387402256,0.013273099142951232
1,0.5900372175454832,0.620593155828725,0.5786217316165148,0.0,0.7211233545728,0.022979887688728398,1,2.7447025533359746,0,2.7447025533359746,0.0,22.979887688728397,0.9992772271812874,0.0
0,0.26299930340876454,0.7332573895069118,0.16697423044349624,0.7734952225430838,0.4234256283292571,0.19423885374973526,1,2.6188788861027477,1,0.1934471166719285,2.425431769430819,0.238228377058614,0.2860717106503077,0.8135303528601302
1,0.20365377601489643,0.10148220882405734,0.12625849160133296,0.0,0.0,0.03235209098632335,1,1.5179834588867729,2,1.5179834588867729,0.0,0.6287506369150376,0.934278697683502,0.0
0,0.6721049622173452,0.731184096437519,0.32238379410907725,0.44609240835704855,0.0848822599811292,0.08182388646494101,0,0.5187236264689794,1,0.30757989821239606,0.21114372825658334,0.7227599958902581,0.173666024160831,0.5030024612295353
1,0.2395313960013794,0.047038362527055844,0.08528136261303276,0.3979196521664713,0.8216883627196224,0.020795616424580058,1,0.33308541250856705,3,0.2675610936706713,0.06552431883789572,0.4190103087880345,0.9630682758231186,0.03256984130705521
0,0.43076126731260334,0.8756574589248265,0.4432612186537985,0.8764552194638243,0.0,0.26355842527511175,1,1.787296986345299,2,0.017384817876075556,1.7699121684692234,0.1432033692322764,0.17599898241190515,1.0159177900007066
1,0.799200095898892,0.3414109226990868,0.4337412994666483,0.7201711986055249,0.011813465856777228,0.03620013922911438,1,1.162984834367945,2,0.08658775396831608,1.0763970803996288,9.642411959701784,0.9950435773701222,24.382403816403087
0,0.1166494019996056,0.060677063126693076,0.00805007769535504,0.7171264033557699,0.7821111727604882,0.10495155277785546,1,1.6994915169285945,2,1.2343409005385522,0.4651506163900423,0.5917671404303689,0.9318563362201483,0.3416892623970338
1,0.48918220159433,0.6935221121757295,0.7678621415560044,0.22536317855625243,0.0,0.13588704094519344,1,1.750169172623485,3,0.945922481190548,0.8042466914329369,113.8327932323292,0.9999925373257471,33.117093580655826
0,0.4759452491852131,0.378495293372504,0.7704015147725939,0.6290880709595139,0.0,0.14905776638899687,0,0.14461737206995284,3,0.007374762225507122,0.13724260984444572,1.393433277490716,0.4625156453590563,2.3633433813118074
1,0.7336205121910969,0.6542646186420072,0.1032431289578023,0.0,0.7620016419292335,0.17135661455774379,1,2.4391845173694375,1,2.4391845173694375,0.0,41.58793088093506,0.6212631647133248,0.0
0,0.9144416957829719,0.5057201614875272,0.2846155800382517,0.3339402216789088,0.33564288860303626,0.2594360889964784,0,0.14493196164595257,1,0.11281840543079101,0.03211355621516156,10.027561531205766,0.08476265382328596,2.8619727561656174
1,0.48154897836862265,0.7076204220558138,0.7381022259847109,0.0,0.0,0.2903748546396321,0,1.2724886272039961,0,1.2724886272039961,0.0,130.64782267524419,0.9999342730785529,0.0
0,0.8181158344564052,0.45291311975325876,0.6280678279386507,0.0,0.0,0.01546652427477339,1,2.9665403060345086,2,2.9665403060345086,0.0,0.7518756643227559,0.18012838034382472,0.0
1,0.697278775729352,0.21908166437356458,0.7984898335975252,0.638099743803216,0.6889931944618365,0.20046440021264433,0,0.8502943480691139,1,0.6867560304343066,0.1635383176348073,65.6956074411388,0.9999964005821097,18.44835871020296
0,0.2310953057464783,0.37655492622936726,0.5805194634022103,0.7877301018419862,0.24454282139090278,0.11682970185903964,1,2.7045859358736375,2,0.03173484241536381,2.6728510934582737,0.25048586538261275,0.5600607209876618,0.9295489278510043
1,0.9391900031399363,0.8007278276956112,0.8514233200114245,0.15556281259925253,0.0,0.24238064514244284,1,1.5879175895933981,0,1.5879175895933981,0.0,239.10005613919535,0.9999995688801728,44.04718051338093
0,0.44022406670848524,0.4032923424508721,0.49895010842197673,0.583834115687099,0.667893859603485,0.05889332860732764,0,1.180240129584111,0,1.180240129584111,0.0,1.1224797198713021,0.4530256652347905,0.28508888839620755
1,0.6737004057731671,0.45326773849601776,0.2734013170182109,0.600868998119207,0.847584411294941,0.17270133404472962,1,0.23460621529315326,1,0.2132396577259729,0.021366557567180366,53.43671434380158,0.9341416788615955,5.414760148381644
0,0.6557216557093482,0.06457641388453617,0.7728506014186697,0.0,0.8249892915907655,0.09663289270830523,1,2.3754061554737476,1,2.3754061554737476,0.0,9.198498713809942,0.8329729533803586,0.0
1,0.08176449857994905,0.5240319282529571,0.9146517264306671,0.0,0.0,0.11783384811717422,0,2.413094786444727,3,2.413094786444727,0.0,0.3199331020427714,0.9999995965944557,0.0
0,0.7487796079465479,0.820662073285908,0.8268980564355897,0.8115205191029454,0.0,0.12262267254450741,0,2.146367045045177,2,0.04119141883101565,2.1051756262141614,0.25607367231432215,0.13592265270541992,1.1025552410058859
1,0.8899025022641379,0.23818934162549732,0.6704052792936849,0.7754041300977901,0.4247403676053968,0.25697661990749454,1,2.7020300911470483,1,0.16551519412224192,2.5365148970248064,57.85374586544043,0.999974370177745,199.73668039943354
0,0.22809841881060022,0.4782180018383845,0.2578967832046489,0.0,0.0,0.23047830182743656,0,1.7579078943893858,1,1.7579078943893858,0.0,1.871521697632867,0.4571764109044074,0.0
1,0.6628348460123679,0.16000098831396048,0.5094243802192164,0.0,0.8813588004684474,0.26872446735937305,0,2.2769541248761986,1,2.2769541248761986,0.0,34.54870716208333,0.9986940520173926,0.0
0,0.37999958245818677,0.17603926079737053,0.9415148879448882,0.2188136997843828,0.0,0.10596493996147285,0,1.7608958780231374,0,1.7608958780231374,0.0,2.938628566897432,0.7437174628452506,0.823122715845665
1,0.6734245379238867,0.8944903493285697,0.2701907443483198,0.0,0.0,0.13152030849788465,0,2.0409774612244616,2,2.0409774612244616,0.0,33.95131050925565,0.839810694595768,0.0
0,0.705311810248493,0.44330067949185237,0.6388903502756326,0.77435489581566,0.4264682175492651,0.18501708011115015,0,1.4078538844322304,2,0.22140905543509953,1.1864448289971308,2.169413753412111,0.27011080613891647,5.044391340477572
1,0.35233089635682513,0.9434695165953597,0.839390272666425,0.0,0.5393222635349358,0.18272066911168666,0,2.595506908553663,1,2.595506908553663,0.0,93.18700017902646,0.999993510534224,0.0
0,0.7647835771783107,0.93693999220478,0.1039777201338492,0.7254468456590178,0.0,0.02595918908211872,1,2.757595344395146,2,0.058893751638567554,2.6987015927565783,0.02674196357943366,0.10300575262426859,0.07065980783209198
1,0.6356567125756294,0.692547863136258,0.18064135546870175,0.0,0.058163660015023044,0.17448900233768277,0,0.6845212639699331,1,0.6845212639699331,0.0,23.621044704767325,0.7275992960632369,0.0
0,0.22177354812654093,0.948402861180701,0.3763018677729052,0.046232538265572276,0.3211942020490455,0.12578812880776916,1,2.959541279221246,1,2.953482348595654,0.0060589306255920405,0.15271460724825578,0.1983105046669672,0.004948092709212032
1,0.011441264198104206,0.04545840482119723,0.577033901032555,0.9647113451380518,0.0,0.1932926945181717,1,2.3020028464006757,3,3.474346230041968e-05,2.301968102938375,0.009956065622386833,0.9999118868571119,0.2721761284591299
0,0.7577991708452944,0.6252884344025429,0.5380747806639812,0.0,0.0,0.024669318922420757,1,3.025112755717007,3,3.025112755717007,0.0,0.6039960322977758,0.15771869347749623,0.0
1,0.9221486040521227,0.8358278710493995,0.1360051103225257,0.0751918751882713,0.15953870601191966,0.12975992505967102,0,1.458309636931201,0,1.458309636931201,0.0,63.55331052329048,0.6970405592967496,4.289160013278755
0,0.5565764736523492,0.43537168826092765,0.5300045669670723,0.0,0.0,0.12153199040008981,0,1.5368159523072695,2,1.5368159523072695,0.0,3.341712903605696,0.3651078420344055,0.0
1,0.30684100831564753,0.018580554853078413,0.19906700811060796,0.3440588506194706,0.0,0.1862182164472082,1,0.3343531288450503,3,0.09467040136426544,0.23968272748078487,4.484929261933781,0.9929378083164201,2.3524665412862893
0,0.9804415705145977,0.33226091912706746,0.12900827598941134,0.25451084112775624,0.5086651379865467,0.00982199715317836,0,3.084643877894586,0,3.084643877894586,0.0,1.3031775565403054,0.03781969101154703,0.18626333810813234
1,0.6925186040100862,0.15207794863536683,0.2524485495224784,0.3307651021967505,0.0,0.17857297756092877,1,2.062528441023341,1,1.545742281864548,0.5167861591587928,36.19209441743532,0.9728813419739528,17.887713040656248
0,0.3434689055933653,0.00429883601764347,0.8650331507897937,0.8013738129550919,0.7669898712291465,0.1454805138778323,1,2.6418431683949444,3,0.22232221073921066,2.4195209576557337,0.9046616703262588,0.9934668901295758,3.649932483574106
1,0.48142976777944113,0.5528369393479043,0.48543972116758305,0.9502798219166202,0.0,0.21132632189379502,0,1.0915974457664477,2,0.002251847854858338,1.0893455979115894,1.3157061445594809,0.9922255881650478,25.146510912528814
0,0.7330483288933498,0.137995479155695,0.4020373212804004,0.2110718115546245,0.3640933013435803,0.19642169909690074,1,1.5089758151324313,0,1.5089758151324313,0.0,19.8023072721071,0.6251233487289098,3.0937746174890903
1,0.38987880159483057,0.05057016501152134,0.20185641600748216,0.7275172522276692,0.2500420839509818,0.10501490507903159,0,2.9358341793086,0,2.9358341793086,0.0,1.7238695422672805,0.9800921808553542,4.60265775665601
0,0.11120408991316733,0.088272204994848,0.27603544150996917,0.0,0.0,0.2611772961308872,0,1.8503439083182254,0,1.8503439083182254,0.0,1.7680736237863497,0.9017682924196849,0.0
1,0.8994618868218871,0.8927843711731597,0.6988439699003708,0.0,0.28669039963874077,0.10467395086639658,0,2.957782699126468,3,2.957782699126468,0.0,104.67395086639658,0.9998520601695475,0.0
0,0.614039194510681,0.8684286217507928,0.7561913503050404,0.0,0.8265307250976092,0.022552929177676862,1,1.10516613715137,1,1.10516613715137,0.0,0.1438250709879614,0.13945643440823396,0.0
1,0.23439002263404518,0.7725074345370844,0.9699605144230691,0.0,0.0,0.019524793627912426,0,2.1254404277953025,3,2.1254404277953025,0.0,0.639187249339777,0.9999999581667827,0.0
0,0.09902610173099624,0.6791579249827285,0.5283589986772866,0.0,0.0,0.09199972986775165,1,1.9560959679970724,2,1.9560959679970724,0.0,0.22481206526259742,0.36973002084405526,0.0
1,0.4965874726341635,0.6115649217263591,0.34065975984969643,0.7537295485870059,0.0,0.08123746488606777,1,2.1410429807974807,1,0.32229395926181925,1.8187490215356614,6.195748429071594,0.9539913068483866,18.96256184941716
0,0.6017954097141521,0.6295943916245891,0.9545592759282796,0.0,0.0,0.10443838846495787,0,0.8462708633741655,2,0.8462708633741655,0.0,1.8913257602839655,0.23183596918169946,0.0
1,0.9954273966691604,0.33091411434501505,0.8127739442510046,0.30081725587009966,0.1812244052975568,0.04753461393022016,1,1.6319044982588222,3,0.757916552483608,0.8739879457752142,36.516938529179896,0.9999993896715124,13.844976409726927
0,0.8960185635728088,0.504900433756104,0.8339878115146386,0.7154201030953583,0.8490962934088668,0.24268296068516992,0,0.47909836757523333,1,0.42839355336332224,0.05070481421191109,10.445656006066786,0.09984116198193105,1.3019311708718568
1,0.08629688004114155,0.0005076995677424367,0.780761157593322,0.26750790276357306,0.0,0.27171347471188256,1,2.9619773996175263,1,2.860490883606587,0.10148651601093928,5.1870538820216705,0.9999999945969262,1.8943247452585117
0,0.12224957693500382,0.5813195066512556,0.11910160313149065,0.6267343887505148,0.0,0.12735484144759573,1,0.44621101735174856,2,0.061790568081862576,0.384420449269886,0.16419676155478677,0.4214968973915675,0.27569578843166265
1,0.2583632731247282,0.4431754786630393,0.8933593961377697,0.4951098342078992,0.6666415249016147,0.12364468983107219,0,2.4545197572729376,1,2.3028455290289918,0.15167422824394583,3.309429195741339,0.9999993973781347,0.7503231882542245
0,0.7803950353605403,0.8958127437852837,0.8906675100413152,0.609707210507487,0.0,0.09953704369354241,0,1.4878255944481706,1,0.5446669939256457,0.943158600522525,0.2708409756678229,0.12345631679930047,0.4231020920993013
1,0.8163154173412,0.581435678105387,0.546639868374754,0.054594475082307525,0.043260516155739226,0.2333957575672629,1,3.0011600852860414,2,2.984371848083809,0.016788237202232548,246.8211159905456,0.9989277365176226,13.602850806975134
0,0.6796610808515846,0.8117213874203962,0.09575547213273605,0.0,0.0626640909264361,0.13092229533206529,1,0.09361080635899212,1,0.09361080635899212,0.0,1.316499657913704,0.1380384975338752,0.0
1,0.7872907223900725,0.05372797307040866,0.2869018846545328,0.20758923400716556,0.3732206603299586,0.12524818942704433,1,0.28344298562685283,0,0.28344298562685283,0.0,34.27687900901274,0.9940607190328504,5.129281671813442
0,0.675120532165527,0.8467456598714441,0.7632770059786003,0.0,0.0,0.1164434786162852,0,0.835226844814756,0,0.835226844814756,0.0,0.9998596824976815,0.15001264112388146,0.0
1,0.5336793697664003,0.4386047598105749,0.4405511819190091,0.586727567785647,0.11221438729977096,0.25234438556965816,0,0.8514424311395277,3,0.08577850591620353,0.7656639252233242,13.01463004487902,0.9883892459493516,15.366406397616096
0,0.8869466687487956,0.7664376913452695,0.22045199597631404,0.0,0.8042909016853981,0.28941984285822886,0,0.23413929260950558,3,0.23413929260950558,0.0,5.072822131199174,0.10002685972370584,0.0
1,0.49399205178167716,0.15054434935439398,0.3761876193115943,0.0,0.0,0.23859903461423768,1,2.6114293357274545,1,2.6114293357274545,0.0,37.27460700914117,0.9930192882959376,0.0
0,0.667320288193514,0.9138484185653617,0.09148963064182969,0.26562909330584095,0.05527670345913149,0.07280701007013121,1,1.444061099544627,1,1.13438816119526,0.30967293834936704,0.2789701291311212,0.12027426492354332,0.09462680375605721
1,0.6910382305148806,0.2178161891022663,0.22955311892083985,0.3904222445496268,0.9749622404466208,0.0065155030959215,1,2.8522415916883723,3,2.843622497097919,0.00861909459045318,1.5077892217363433,0.9511196893924134,0.014923650679124684
0,0.3002004183335366,0.22517127459260122,0.3842355930855077,0.0,0.0,0.2326843746787432,0,1.1878584250622024,3,1.1878584250622024,0.0,4.231709957453998,0.7065775069817462,0.0
1,0.19187878110042134,0.01582213759712281,0.08921235521807602,0.8855493292136839,0.0,0.2942468261222236,0,1.3944468119704698,3,0.001618537340078885,1.392828274630391,0.39522448100924606,0.9874428572535858,3.058005441488506
0,0.3952663763024785,0.5855904719499067,0.6158225495541778,0.31222797122733237,0.0,0.06538419208461566,1,0.7069375380234758,2,0.33942563318255425,0.36751190484092155,0.5511799264644659,0.32699311503036177,0.25021923402196594
1,0.7849018045946232,0.7213497389626674,0.8939794508869606,0.0,0.7000466443024708,0.23417304772004832,0,0.27744506758574866,1,0.27744506758574866,0.0,234.17304772004832,0.9999993792164568,0.0
0,0.4672517040279185,0.38691321951989444,0.9647215706307959,0.5092058181869499,0.7936142341116611,0.25699325661001166,0,0.0818271464413516,0,0.0818271464413516,0.0,5.5416427613036365,0.45775094903596336,0.6508824232641947
1,0.9400736408806943,0.6912524267088918,0.42159589370329054,0.9466851269325784,0.9404488208955398,0.039240464464176186,1,2.34211693761758,2,2.246415838496436,0.09570109912114377,41.01356054027248,0.9896653552121897,2.9427527031810206
0,0.9088829051788562,0.9744268090761665,0.10915816245648746,0.0,0.0,0.23050709744440262,1,1.0831726141403726,1,1.0831726141403726,0.0,0.4054254914250374,0.08666934065167942,0.0
1,0.6886415695617625,0.031867147006402474,0.588015780083936,0.48220448731004706,0.45567428249431075,0.028634029989047717,0,0.8580025336743251,3,0.3297821872725084,0.5282203464018167,2.459687630601321,0.9999367228109102,1.076449169905032
0,0.44939448070679167,0.025991747331978954,0.23123007142778385,0.0,0.0,0.268208332075599,1,2.478132340531326,3,2.478132340531326,0.0,12.527273650635752,0.9537748686063292,0.0
1,0.23681402057780898,0.31538715890506297,0.04072143190916744,0.7906107137938059,0.6677874580192403,0.09244896934616711,1,2.9220503947084677,2,2.5736653348569947,0.34838505985147306,0.6491593348524111,0.7104150863477321,2.451091621699194
0,0.3967343694809422,0.7039120891401701,0.2986660884906982,0.24369260541173698,0.002831911913273477,0.07988264460136321,1,0.9986195720027945,2,0.5923582329387285,0.40626133906406603,0.5536736079458324,0.2598941384893634,0.17783110451639336
1,0.8788181662925341,0.2556732083541059,0.5390615357978453,0.0,0.0,0.05212228945430231,1,0.28090604762231774,0,0.28090604762231774,0.0,52.12228945430231,0.9994840813606006,0.0
0,0.9568789401694752,0.8760004505116681,0.34298318711527565,0.0,0.9874783567458316,0.24175326192118068,1,2.2423171935055017,0,2.2423171935055017,0.0,2.2359295035871956,0.07402920167693283,0.0
1,0.13417098847255604,0.568981713004667,0.2835942702987714,0.8855708461710158,0.7972627155322134,0.17541730562476304,1,0.7556863244525929,1,0.6222669416876223,0.13341938276497056,4.383065474460525,0.8948411679301121,1.1126156880156626
0,0.9031147222057427,0.16836334591171775,0.011601095923812088,0.37729824688488367,0.0,0.20936977752871544,1,1.6360766232266597,1,1.0742508754915816,0.5618257477350781,27.18054676533981,0.3236700339613008,16.468835349560152
1,0.5196114028734874,0.000754350121012326,0.13395899051320348,0.7788603335509593,0.4467050596570027,0.15866787472593255,1,0.02491367644229587,3,0.004589962941147046,0.020323713501148824,7.096015372092646,0.999583476372872,5.375583342506453
0,0.9875401160365151,0.8381995666444526,0.028144224878296487,0.0,0.31668428595306686,0.287606430981834,1,1.5974194313748395,3,1.5974194313748395,0.0,3.664166381628208,0.06401580309063926,0.0
1,0.4196390110884477,0.58004554137652,0.49104666973013245,0.0,0.4968608600948139,0.29165772127475975,1,1.1553880021582237,3,1.1553880021582237,0.0,133.48413176763736,0.995577279031283,0.0
0,0.5944280885319612,0.5048053725396946,0.08243662289705533,0.8515320254186257,0.0,0.031202895421944314,0,1.5025424364201736,1,0.17023995967128847,1.3323024767488851,0.11663381660639924,0.2920233441752803,0.6689485080347511
1,0.24517989397062911,0.6537155722051229,0.4901509729413679,0.0,0.0,0.07306553200323704,0,0.025433960582113824,0,0.025433960582113824,0.0,2.855327324170383,0.9897367171932899,0.0
0,0.06362352571367591,0.7312063352180385,0.682649901575201,0.7663387698027851,0.7950442850481713,0.24538013513900034,0,1.3340226976363565,0,1.3340226976363565,0.0,0.39461633925898815,0.37711474793123,0.0793459418441574
1,0.47147236192801967,0.8668835191588273,0.3086969101203044,0.0,0.6155512722352481,0.21481793261212448,0,2.9159010395885474,3,2.9159010395885474,0.0,26.778021234317148,0.8755402574783445,0.0
0,0.9629381292678532,0.806422668891878,0.015873121381378086,0.3254287229783577,0.2789194758993443,0.15793291760010697,0,1.7897609337981655,3,0.8702504410021676,0.9195104927959978,1.9027421439325916,0.08068297966196258,0.7744608560633428
1,0.928992185371773,0.5321470506058786,0.7730695938547264,0.7239168336368296,0.0,0.11666483962820103,0,0.3607390744825234,1,0.09888728324444918,0.2618517912380742,32.240693364358116,0.9999856669882864,84.53822434027103
0,0.14309500130571595,0.9202968461923925,0.06271737126222166,0.8954646637583814,0.7736086687009625,0.10097474242004921,0,1.6719669835159499,3,0.016364392335846495,1.6556025911801033,0.015815140443633195,0.27432461752909243,0.13547475838137985
1,0.7079473770700472,0.3279915701389563,0.8277876165961805,0.0,0.42340465009019,0.15086285219950826,0,3.123139708934581,0,3.123139708934581,0.0,108.228156392947,0.9999976437174634,0.0
0,0.7416038897105149,0.696649656570797,0.6444339997410689,0.0,0.0,0.23510397790204074,1,0.45681251754888513,3,0.45681251754888513,0.0,4.340020156012733,0.14588933843286267,0.0
1,0.10298567013967386,0.8556478680018028,0.29237528477728003,0.0,0.0,0.2321525802667837,0,2.429712618239571,1,2.429712618239571,0.0,2.734281149542557,0.8213411923209576,0.0
0,0.21972333663610644,0.47737067942595157,0.9030112796411097,0.47472962982904465,0.0,0.16728196040484167,1,2.012806227350178,0,2.012806227350178,0.0,1.276139635509771,0.46069934574873894,1.1533513618492395
1,0.7150008458848719,0.4468591367464885,0.7636163880741998,0.0,0.0,0.07596160451923258,0,1.3802233155678454,2,1.3802233155678454,0.0,73.18333560249324,0.9999818896710018,0.0
0,0.4517845177653371,0.7927872523190981,0.5659591181269992,0.018554746273063416,0.0,0.14451702027235602,0,1.3511482871818987,2,1.314485790717695,0.03666249646420372,1.1172363850393208,0.2215621151293341,0.02112195007588963
1,0.8711451706339722,0.6734264274274703,0.07684192928244205,0.0,0.25731411399596427,0.27748878541017824,0,2.0265851764319613,1,2.0265851764319613,0.0,94.46281830627028,0.6100436719809983,0.0
0,0.6263330540811199,0.9286815915098714,0.7466859027521617,0.6598791455851788,0.0,0.06746160259167916,1,0.3936262215483494,0,0.3936262215483494,0.0,0.0832100994032294,0.12397854187619173,0.161438525705021
1,0.41733532864079126,0.15916166990319858,0.5363411684328031,0.10252584594614722,0.5254061963256843,0.27249780799341533,0,1.9701773875595396,0,1.9701773875595396,0.0,10.034379285125668,0.9989819323498956,0.5139177926411711
0,0.3954188059063176,0.8845063680187171,0.8355628626527187,0.8173325364104381,0.0,0.19919272682373118,0,0.7087422153392635,3,0.004122899397974132,0.7046193159412893,0.15256687421736975,0.20679736408812555,0.6826495962985534
1,0.7599530033991885,0.45147796298310783,0.7120800051439707,0.14457153346352114,0.3116837800158815,0.0421902122757351,0,1.8410017503628802,3,1.5057830868975328,0.33521866346534734,41.600545436273634,0.9999380956392699,4.8281298542151365
0,0.12132193527590274,0.04732105451174251,0.8952469293017227,0.3904084524399184,0.5828886789134103,0.07225759114815156,1,2.8632613061641434,0,2.8632613061641434,0.0,0.6959982974786237,0.9464947647371798,0.135877133660038
1,0.8190438581332495,0.3184085098135042,0.07934437840325215,0.4559841227722834,0.0,0.2120617053988032,0,0.7351615437435954,0,0.7351615437435954,0.0,27.39034069315145,0.8027913983484252,22.95808081383019
0,0.0114268354146142,0.8484055806005172,0.04988151461955348,0.4195159359325046,0.0,0.11989938452775664,0,1.8342177594805082,2,0.6631609793793983,1.17105678010111,0.023639059983539858,0.3595966589726548,0.01708395283768936
1,0.44164767525110094,0.07338630355651676,0.4937136366492859,0.34099881745384497,0.0,0.17613905844317643,1,1.8671608294228852,2,0.9163138629330327,0.9508469664898525,19.151337048412522,0.9994764429871431,9.909820284292573
0,0.14508364369367888,0.018964857964581916,0.5775288536731238,0.43025543668241795,0.9815451025414595,0.15763544571417684,1,0.5408735388089476,1,0.5367787436150789,0.004094795193868683,1.55884584858615,0.977887875789124,0.012499112572299109
1,0.9595889292734173,0.046369824689343586,0.7150392246014782,0.0,0.4630469081479116,0.12203251115987934,0,2.640790023558039,0,2.640790023558039,0.0,107.63593425144484,0.9999949563317629,0.0
0,0.8139821559465743,0.7183873902384698,0.08810858139002054,0.0,0.9390717261471381,0.03386087910215217,1,2.582374380170777,1,2.582374380170777,0.0,0.6437957797275203,0.11521125600205873,0.0
1,0.35515098059211336,0.09757664737006222,0.08955407641561319,0.4205020667542456,0.0,0.18971151766360542,1,0.24040095894064595,3,0.0468272704632915,0.19357368847735446,4.311465163123442,0.9266875946305095,3.1285357683294563
0,0.10106044661531943,0.4737925424657665,0.26322373282397116,0.5879539174638708,0.10725347700519705,0.1875953971210975,0,2.5356846632247696,3,0.126685048559693,2.4089996146650767,0.2614957309840486,0.4995966262846008,0.37313166159920697
1,0.12567153236534123,0.09544527451808749,0.21666723974233604,0.319729937727978,0.0,0.18599088806679898,0,0.5571615990381129,3,0.1772013358183843,0.37996026321972864,0.7390312550909485,0.9623855133761243,0.34734795822129255
0,0.5050107160520704,0.3740098433383062,0.10873856879323607,0.3333688053940339,0.2321957054090118,0.2006489904993038,0,0.9492021800185071,0,0.9492021800185071,0.0,4.50524020845079,0.45309665075215244,1.5666450544641308
1,0.8109399070610355,0.5842169824788901,0.8233603735587942,0.1459413725514569,0.6371918822413903,0.1932753313336461,0,2.554905321521799,1,2.5224204282512557,0.03248489327054349,202.4167354933976,0.9999955928788862,11.36347846202845
0,0.14758439252526667,0.918684242985346,0.4971955636436325,0.6663608405125814,0.0,0.15575728310384584,0,2.3470403356416374,0,2.3470403356416374,0.0,0.16361145139827188,0.27301207283837425,0.3267729856373381
1,0.2666803852063019,0.15775060175968114,0.32309759698026497,0.07362322879301642,0.0,0.2180726571085525,0,1.8684185159859577,0,1.8684185159859577,0.0,3.431722600999784,0.9778322148687317,0.27273406033096764
0,0.6514762996408381,0.3191854911742391,0.342676343233576,0.0,0.0,0.1979914179823768,0,1.3358863329566268,2,1.3358863329566268,0.0,9.46862264889896,0.426405588670667,0.0
1,0.39844397309333535,0.7178420310510223,0.9730877200293351,0.9004230119360178,0.0,0.24400982690755524,1,1.624569495510872,3,0.0010953893670667767,1.6234741061438052,24.29776492847799,0.9999999971240737,219.7120751047002
0,0.27012993295652,0.8365874358864774,0.015977202074977548,0.48432545207493816,0.0,0.016555733546098184,0,1.5942398497013397,0,1.5942398497013397,0.0,0.05056824581415063,0.2588890590022678,0.04749408054580623
1,0.3689157556925087,0.18073372228611906,0.2464213030054181,0.0,0.0,0.008723780698370197,1,1.3809212210587967,0,1.3809212210587967,0.0,0.5693172876073336,0.9564449420761987,0.0
0,0.7212356057898085,0.45925448896963905,0.28247213484355826,0.0,0.0,0.27691623129983506,0,2.881538120159012,0,2.881538120159012,0.0,10.622994714818956,0.24711772080466932,0.0
1,0.4187893295667058,0.21651528437661494,0.79677759935869,0.0,0.7916401593743765,0.19014358038919174,1,3.0460506057738432,3,3.0460506057738432,0.0,89.99253960187215,0.9999989645260603,0.0
0,0.7287104148717642,0.4264362701171466,0.46514053687206836,0.04223778966323011,0.507323644112283,0.11208177257467522,0,0.22704999672635837,3,0.21327277753539586,0.013777219190962503,4.730833604161768,0.26733964079365247,0.10055621450909354
1,0.06205857559812489,0.0213599081182152,0.20819182362711686,0.0,0.0,0.2445077038963528,1,2.885796116691189,2,2.885796116691189,0.0,1.2796900724491205,0.9917542211996468,0.0
0,0.9622484621409881,0.5248913184444653,0.4955989743208642,0.0,0.8018307877713804,0.1598617989789325,1,0.8545667808511133,3,0.8545667808511133,0.0,8.108857561190367,0.04371811655737623,0.0
1,0.43598726210427974,0.6174438349837607,0.307022256049971,0.8413613205009272,0.0,0.15251533759442268,0,0.7319894728740737,3,0.002766766713650365,0.7292227061604233,1.765889853819923,0.9075047524277271,9.365631534255193
0,0.11252358007884322,0.4876019883527025,0.20217216934408466,0.0,0.0,0.05132426140360616,1,2.792329965215184,0,2.792329965215184,0.0,0.1892194980384279,0.48334783094879286,0.0
1,0.9149298981340912,0.461423097428339,0.33556613534868684,0.6310423646435057,0.0,0.2518439265395201,1,1.9759857825937432,0,1.9759857825937432,0.0,156.8869633484752,0.9760281711422288,268.3297778551263
0,0.33704067308712227,0.9400712860526097,0.6855855211344487,0.7326900604048551,0.23360824833873028,0.20330007146711015,0,1.7823619896035006,0,1.7823619896035006,0.0,0.1851836129388916,0.20525813256458914,0.4180475889515737
1,0.6535311638491733,0.07139072954430448,0.4753185111195616,0.17716319300178218,0.7927908065659032,0.2705445125139547,0,2.3674878614047308,1,2.340065434372632,0.02742242703209863,26.102537589691806,0.9989876513255066,1.000869004157166
0,0.26978792317356703,0.23927236996333712,0.7042343349027933,0.272744286591613,0.09966384073328516,0.15692973425840256,0,1.8362537116086504,3,0.91077796251069,0.9254757490979604,1.9465907668508147,0.6989394244575874,0.6899191326582522
1,0.7181241068752701,0.2874989391513827,0.6426807038086396,0.0,0.0,0.22778437302109455,1,1.034281791507456,2,1.034281791507456,0.0,227.78437302109455,0.9999296305002545,0.0
0,0.9089814287495107,0.2520703680985026,0.6753923668011025,0.8628369414723988,0.4644301345652976,0.14805576868361134,1,2.1756612769379666,0,2.1756612769379666,0.0,3.2633155795374287,0.2126389753780925,20.528189323954884
1,0.09468780143006705,0.5759178951924757,0.6675762327732596,0.0,0.3730893966499733,0.038877667841450615,0,0.7447596374648725,1,0.7447596374648725,0.0,0.31417483316821765,0.9996197062979099,0.0
0,0.7579664270739299,0.04210428937149413,0.7497652548990873,0.7326043222450657,0.0,0.2939744865969912,0,2.2185658223974283,3,0.025343717928218365,2.1932221044692097,12.50097572669324,0.8463050992084671,34.24987616310532
1,0.5259439484124951,0.4538581793783302,0.5503223880638599,0.0,0.9459718921105876,0.16415257904022867,1,1.6555305368239581,0,1.6555305368239581,0.0,119.9385552215013,0.9989908462905033,0.0
0,0.6648565619779575,0.983299817145998,0.41769344956600096,0.0,0.5575405749695267,0.18344896573064723,1,0.8500296819144139,1,0.8500296819144139,0.0,0.16300420995953338,0.10960149423218624,0.0
1,0.2202868345008695,0.8464736526515363,0.6235719305594775,0.0751693204949021,0.539116516683151,0.23533245532061206,0,1.0704397281473972,3,0.9790890576986109,0.09135067044878631,16.426284843435585,0.9987494783310498,0.5947067507768533
0,0.6413154842839285,0.7274689917932912,0.5789851158694748,0.0,0.0,0.17413093396160978,1,3.133985757855926,2,3.133985757855926,0.0,2.4054003301699582,0.17183332183678068,0.0
1,0.6514605368965722,0.9012347686446023,0.34455608306971,0.9828864269488758,0.06285292337677073,0.15522038723621523,0,1.0403692030184586,3,0.00010515095229608968,1.0402640520661626,2.458077481494609,0.9250940736194002,48.363208771426436
0,0.3863135480664093,0.013790343269880712,0.8822411405336918,0.0,0.0,0.054100940027853366,1,2.7300382578650115,2,2.7300382578650115,0.0,1.9978592396546317,0.9777220763216101,0.0
1,0.3855525959213336,0.5222732517293557,0.352253230991896,0.2832294678859222,0.6089621040631245,0.2929713027176838,0,1.1693416671920673,0,1.1693416671920673,0.0,14.948008978279875,0.950916455705421,1.881459857228834
0,0.2359203053162836,0.8290232351630099,0.6049998272808482,0.21755922702619757,0.0,0.010024506451796955,1,1.9139585685108795,1,1.6327482915645672,0.2812102769463123,0.034135921379063704,0.2461061859795992,0.009491561438995726
1,0.48148026939898303,0.3287559587377624,0.9602861502368822,0.6732334894700268,0.0,0.09256954217765999,1,0.9972014955779432,3,0.033189125192277916,0.9640123703856653,22.763743244198047,0.9999999972935321,46.89989274860362
0,0.6257038532575614,0.5794779370930078,0.07564464602785337,0.7336475872124003,0.7919705844776813,0.013897190710037532,1,2.820247316191354,3,2.543792798726572,0.27645451746478233,0.3856728743037292,0.23648219248054403,0.10712883849208932
1,0.17927506147167593,0.4697211205295775,0.06468769594508872,0.43631721827245196,0.6008699101997985,0.08532512360292663,0,1.1389536949279837,3,0.637238438557023,0.5017152563709607,0.8954494221503283,0.5930495378580407,0.26190653311918294
0,0.6460972478463466,0.8367043397065248,0.35271731375162807,0.9363189370634196,0.0,0.2968472129226861,0,0.9336104264000809,2,0.00334150087014793,0.9302689255299329,0.16548839037359725,0.15856038491782098,2.43321808125685
1,0.34745716822697126,0.9383904104671602,0.3161423217165822,0.580795276707419,0.0,0.2346462700334456,1,1.721279897876496,3,0.11756637536782205,1.603713522508674,23.184742026542416,0.8933337309020585,32.12174842623998
0,0.962065314301282,0.9101740485200224,0.3918527116038212,0.0,0.0,0.1251443389561097,1,3.0260625562606607,1,3.0260625562606607,0.0,0.8301319325371602,0.07622838738831794,0.0
1,0.1536224846114118,0.12459310817860514,0.5624097118828195,0.5475473809383369,0.0,0.270284833143378,1,0.6335958373607956,3,0.058422524872606296,0.5751733124881893,4.226649008781313,0.9997072828211028,5.114989940169668
0,0.10485061968486264,0.49224127325149414,0.8667510904666244,0.6195362401435908,0.0,0.21329803164994,0,1.9077336716003568,0,1.9077336716003568,0.0,0.4521610528866894,0.48411358049177455,0.7362860492954986
1,0.9339370352376798,0.9799886078825217,0.5550597363543258,0.20396764098524922,0.07671074104205555,0.23578602583287328,0,0.22834159122568246,2,0.15068055185253537,0.07766103937314708,191.69424929023464,0.9971730689755447,44.50136703835891
0,0.6042928991624473,0.23472506138412474,0.35998884394613706,0.847246798762432,0.025449819277197583,0.23993933432593154,1,0.23164369066270504,2,0.006966138720131562,0.2246775519425735,2.1518606836405993,0.5633426589986021,10.233267320752049
1,0.08395616562812114,0.5619473174473164,0.4119293777759496,0.0,0.567156776338322,0.09514803938463123,1,2.261517219908219,1,2.261517219908219,0.0,2.794172364276149,0.9796757329208783,0.0
0,0.8292500996500272,0.2752755265671156,0.015430410351241486,0.4052247042945806,0.37316443517580056,0.2942695811834008,1,0.0933122330507781,1,0.06961873188195701,0.023693501168821088,19.843379797918708,0.31012471132459873,6.76127178036047
1,0.30771735651618526,0.6515459616981567,0.0005683124008003526,0.28684957882547335,0.1174244158879314,0.025451350153188425,0,1.2608203578962254,3,0.5520096018205067,0.7088107560757186,0.5144673308795908,0.3490530957142709,0.18518112433834988
0,0.1753643685369476,0.5976775330469328,0.1916851413060927,0.939128925453547,0.0,0.15084936322995401,1,1.550733036192773,1,0.06462918910469395,1.486103847088079,0.04464143428517104,0.3941163565873088,0.6887353726431094
1,0.2534592438044243,0.1333452099386807,0.2521512452584942,0.0,0.0,0.2392891770496438,1,0.10041279216926,1,0.10041279216926,0.0,8.446822209413824,0.9677706396657051,0.0
0,0.07699828923897367,0.7280929500721816,0.2052944960601224,0.0,0.0,0.0432698072286309,0,1.0919347448377166,0,1.0919347448377166,0.0,0.08725097845595785,0.37305710479313847,0.0
1,0.8469036221057535,0.8786695526043141,0.1332568204747151,0.7560967150179388,0.0,0.27868072100321956,1,1.7770090940833616,1,0.32601445593970135,1.4509946381436603,36.14766671636525,0.6388455558123699,112.05725278286936
0,0.5039863076085483,0.47039418321657933,0.011266840103842601,0.0,0.0,0.21827871562286497,0,2.6351158313217407,2,2.6351158313217407,0.0,4.770246415254035,0.35833690098224014,0.0
1,0.2920787961869302,0.5078779943887852,0.6048529651710064,0.2494679688303928,0.0,0.02888212328200278,1,2.925666549696315,2,2.668597196499009,0.2570693531973056,13.069201653955389,0.9995717386973345,4.344048029191014
0,0.6577842169031797,0.3521590483161091,0.5879435753680394,0.0,0.09090691948664631,0.02512277615828038,0,1.3868141507578795,2,1.3868141507578795,0.0,1.1193462098735754,0.3863332972207123,0.0
1,0.45503178990209026,0.037601562686002676,0.5036331697158568,0.3475746565915614,0.8979000773205112,0.14353481810611876,0,1.548479222931593,0,1.548479222931593,0.0,4.66632428761507,0.99959615563313,0.1727578859930028
0,0.6010960593263673,0.15150949244308964,0.7255474080278664,0.0,0.0,0.2877820353601718,1,0.12190808835723095,2,0.12190808835723095,0.0,17.973442121173473,0.6907816191948031,0.0
1,0.4276784752418541,0.46440577787147586,0.22867836166862643,0.9072364614181821,0.1487639190650143,0.18856209715110533,0,1.8844711060587123,0,1.8844711060587123,0.0,1.0050414544157318,0.8547585091618279,9.829403520204128
0,0.24662194366315926,0.7946949021065559,0.05071721609736035,0.0,0.5330572767494742,0.06979129349270413,0,0.0470019732172055,3,0.0470019732172055,0.0,0.31711984234464596,0.28293224779559367,0.0
1,0.016396397306579935,0.8245405092480497,0.05325698006120261,0.0,0.2535367859184853,0.045794072907729216,1,1.97258890082458,2,1.97258890082458,0.0,0.060358565589351355,0.2552278021608845,0.0
0,0.03813784086856187,0.7967407108458863,0.19735080654297965,0.0,0.7969484050411747,0.25162413861290395,1,1.299046301409283,3,1.299046301409283,0.0,0.22005139005694838,0.330364862076413,0.0
1,0.48566617575077986,0.9259926638269417,0.13404826548522386,0.21907550454195912,0.6380126909047316,0.011472689349155707,1,2.3266542742075527,1,2.259838152047133,0.06681612216041977,1.5409484732894283,0.4803124426326594,0.13515955322496495
0,0.886417944153102,0.2793640961417473,0.7070786391620424,0.0,0.8428477284037373,0.1804193426330266,0,1.4503292022208498,2,1.4503292022208498,0.0,19.14355187654687,0.22659971489928443,0.0
1,0.7137974130991678,0.7279183400024458,0.1894114041407463,0.7603309525018193,0.19192979785544517,0.09349462333958129,0,0.9267943659586172,3,0.03634430433624976,0.8904500616223674,5.9603394913599805,0.750103294723773,12.174202494651837
0,0.014143583640530921,0.9459764466445412,0.019401615238676895,0.353350733322375,0.7497852690013332,0.06054896515923884,1,2.9702339760835392,1,2.951938680730317,0.018295295353222052,0.010048450163960852,0.2783897884883374,0.000976967314176757
1,0.6532618424248597,0.6284575590159677,0.4820964337184924,0.0,0.3166764740524308,0.25762130976275077,1,1.7517415836340269,3,1.7517415836340269,0.0,257.62130976275074,0.9953850427176497,0.0
0,0.3411274850151528,0.15117505272570897,0.7703476760217584,0.5858767206123867,0.0,0.046982017196227445,1,3.009182600249848,3,0.05173311866869526,2.9574494815811527,0.4759479899449569,0.7872100038057397,0.6733426045098325
1,0.9742836921835659,0.7453655948883776,0.2316222251750526,0.9921839244490794,0.0,0.07132317946304474,0,0.6228845974911402,0,0.6228845974911402,0.0,0.3784024610257419,0.8774826429318077,48.034955183805906
0,0.5192759997993862,0.09099541696808511,0.5141503330283057,0.2647970195744449,0.2815519947155477,0.0934833397933414,0,1.378431277671132,0,1.378431277671132,0.0,4.681497849156679,0.8276522750805627,1.1126686840352447
1,0.8402512605878534,0.5841407932742648,0.6613812641872191,0.09007978990644017,0.06307359390483136,0.11002714177901725,1,3.0747054009551804,2,3.0604489869677938,0.01425641398738664,121.15464337912042,0.9999180774928075,11.167971802243914
0,0.883288086531328,0.468198164445211,0.2550613273454442,0.0,0.7450179163299199,0.12160349775074197,1,2.0441217194089583,1,2.0441217194089583,0.0,6.464056192438525,0.117050001766548,0.0
1,0.17728436226486433,0.4013750420032629,0.26868746079432115,0.0,0.16974565942411335,0.18250642823911786,1,0.10608326516309391,0,0.10608326516309391,0.0,5.896832021097223,0.9149047221126887,0.0
0,0.9423677323028128,0.03983830562065571,0.49544964314419615,0.0,0.0,0.04858582049480529,0,2.3672486238965083,3,2.3672486238965083,0.0,27.71433790323141,0.5814187291071674,0.0
1,0.4069145825987821,0.5433162005593088,0.16823858839682415,0.733413936314001,0.0,0.15369218157736986,0,1.3627397520367517,2,0.08466886778842522,1.2780708842483264,1.9182592421618,0.7320334061634444,5.277387880717213
0,0.294241990320644,0.7266240265787685,0.11927797139262164,0.0,0.01609174433786731,0.18817717706778642,1,3.076932200717648,2,3.076932200717648,0.0,1.1532424865620798,0.27993901653839404,0.0
1,0.0992249821925717,0.6599623581827324,0.7326818887729681,0.1414065633603102,0.0,0.02597077457950404,0,0.837202488844341,0,0.837202488844341,0.0,0.26154430664006695,0.9999012800834206,0.04307519716569585
0,0.13090462633733646,0.6152146202508855,0.4605380375837995,0.0,0.0,0.25967154127397213,1,1.4515222337864142,1,1.4515222337864142,0.0,0.9119022146164087,0.39740024928955275,0.0
1,0.07664916692989532,0.3672955408810502,0.22259304066239016,0.44346390989438467,0.24364379086334964,0.008194904412302664,1,1.22849127832823,0,1.22849127832823,0.0,0.06328379909085513,0.8748266407892193,0.03316165064521577
0,0.9650647036940089,0.39363298099466226,0.7589180851195738,0.0,0.0,0.2919214323675906,1,0.25210291387837735,2,0.25210291387837735,0.0,24.708883148196055,0.05106741597003572,0.0
1,0.13764254792009378,0.2832724873571094,0.03108363859056762,0.9596917194872919,0.0,0.24530144316440156,1,1.0872677983930754,0,1.0872677983930754,0.0,0.10498108179883979,0.7316027727703199,2.4994733991047102
0,0.38537195280653425,0.46803455684630213,0.4135509620937903,0.8001699040298828,0.08518659597311184,0.16267842347886508,0,1.2679701174329934,0,1.2679701174329934,0.0,0.6889786153855851,0.4112739089171399,2.224915822919149
1,0.760278313839737,0.017342558284085152,0.3624397079689585,0.0,0.0,0.23254311907905165,0,0.23718906624781821,1,0.23718906624781821,0.0,27.674555913725793,0.9989553744569907,0.0
0,0.3628400317559427,0.5655807661504031,0.24181725765141748,0.07684133150362438,0.6951685404298461,0.034721421169423235,0,2.611160580505696,1,2.5987681843812247,0.012392396124471183,0.41068369642520164,0.3569208143937097,0.009857664156643983
1,0.912481703982613,0.5445169187477606,0.3725984826161147,0.0,0.2812539875896555,0.06467465935571001,0,3.1070489697617454,0,3.1070489697617454,0.0,37.96440004408796,0.975858227147804,0.0
0,0.0364821426670513,0.3124546687740999,0.10486731554479678,0.8156346241494856,0.0,0.04178874989989806,0,0.9083176009352731,2,0.028556566821607204,0.8797610341136659,0.011894075988977505,0.6795063483012832,0.05261953419464701
1,0.08183161164750818,0.04958885533806989,0.9849270192506729,0.0,0.0,0.19224599105445217,1,2.7947213146067593,2,2.7947213146067593,0.0,0.43778120511361274,0.9999999998940127,0.0
0,0.8365937384343397,0.9430242375592371,0.9589990296235504,0.5872789118247008,0.0,0.06811905802820578,1,2.7897189735708157,3,0.10453944196831846,2.6851795316024973,0.10320840622451005,0.09366296800331153,0.1468597613140319
1,0.7124073373159794,0.5707403831776585,0.4128290894530775,0.0,0.0,0.0349215432246982,0,1.571547074000023,1,1.571547074000023,0.0,10.691649792437373,0.9810718961980021,0.0
0,0.0006022381768993057,0.5802612181144803,0.059535503779843846,0.4853642988974194,0.8160496795701598,0.16835861086400766,1,1.353574117828357,1,1.2580733397190405,0.09550077810931645,0.002879734597254514,0.46045008440919233,0.0003082710751025681
1,0.3563031176423954,0.9022093870143211,0.15193314236766353,0.0,0.0,0.07851961530033118,0,0.5599742584587432,3,0.5599742584587432,0.0,3.7634944602426823,0.4968103604837807,0.0
0,0.3136082959474684,0.39376567956801967,0.6935675741615427,0.7568807003988273,0.9481553560056568,0.2566420103523145,0,0.5119304784256277,3,0.4551486824184472,0.056781796007180474,3.4797214102257783,0.513797434054357,0.14974162986583228
1,0.09072482409145377,0.8670864246145149,0.5625370185730533,0.9467947385924138,0.0,0.2038935623788592,0,1.501890372849313,3,0.0001578544899916755,1.5017325183593213,0.18296087839194786,0.995467688870273,3.2558132870115633
0,0.1729988706941461,0.6894288319257196,0.16160332306135206,0.0,0.28524560489348105,0.18307168095967172,0,1.355552430539658,0,1.355552430539658,0.0,0.7845455725435124,0.3556548552431522,0.0
1,0.8058759752133942,0.6537593870057631,0.30373155993572276,0.03799006387522741,0.30661128052956066,0.1460731794756697,0,0.3853634446158611,2,0.36576514951517003,0.019598295100691054,50.61736145792325,0.9276320182318524,1.369692098354556
0,0.0031355100830304794,0.09678175728123206,0.31444200670182654,0.19764248130086082,0.4786938890271417,0.048775051428420174,0,2.54007255219444,1,2.4681836994607513,0.0718888527336885,0.009113139872371476,0.902943373508718,0.0010590815429441485
1,0.9902015115156081,0.4655868186018597,0.45220722319285855,0.9201590062738646,0.6212659115458204,0.009245458758827714,0,0.5300844690640536,3,0.1293575075045404,0.4007269615595132,5.3381807990240455,0.9934855632105761,3.651973044924322
0,0.452350796183996,0.48420504898075156,0.7409774813371384,0.06311825170658569,0.17850061429992448,0.13853602074303076,0,2.3712334961845882,2,2.2904378263863907,0.08079566979819752,2.6263584109309352,0.36843896913817187,0.1438790214942132
1,0.46444509080637375,0.4791042388080151,0.647624347112046,0.0,0.31986264001946696,0.15326702218934868,1,0.23758463469621266,3,0.23758463469621266,0.0,143.95495661078877,0.9998706157235174,0.0
0,0.05540505545671359,0.17111719487730892,0.44225364914359633,0.0,0.0,0.13629857994059463,1,2.9796648958496093,0,2.9796648958496093,0.0,0.39364276178444507,0.8206461033647234,0.0
1,0.29375398949707987,0.8059920024606524,0.8227974895326856,0.49350819695969417,0.7408566681197822,0.2936317053573399,1,0.5473167189252163,2,0.4179482338319271,0.1293684850932892,256.83962521306614,0.9999981078994246,39.77139249615705
0,0.4684108247521157,0.23501499834168005,0.6184476717517253,0.9541183211176317,0.7440672424480285,0.19562053687087116,1,1.53061352374202,1,1.1327572967903623,0.3978562269516577,2.034001673144144,0.6337463288345897,5.427490393604862
1,0.31434558527659817,0.21257458622373926,0.2926918344159234,0.6339777352887809,0.0,0.024005108505268997,0,0.9561986629792655,3,0.04539705429775806,0.9108016086815074,0.19470597893456193,0.9602366069153904,0.33724521012269193
0,0.5631255121544163,0.7712421091187662,0.6250238507495297,0.6546625507801187,0.23512198845919663,0.25788123689401204,1,3.122125536667388,1,0.0217241369224066,3.1004013997449813,0.8943384852747213,0.18055928355062256,1.695413907044836
1,0.26293536163635167,0.4688380009514862,0.5682010887764064,0.0,0.6207103070827674,0.17089718765093026,0,0.2512732367100871,0,0.2512732367100871,0.0,5.268062028087809,0.9980703557966302,0.0
0,0.3168946044885048,0.6756387129955875,0.3821613351477343,0.4466893437980689,0.19658025511699895,0.023709541208590337,0,2.3195347433627664,3,0.560336437292372,1.7591983060703944,0.10734925386627536,0.3137728798939522,0.08666337297006406
1,0.8929986762443418,0.7273982980015593,0.14918080980589143,0.09658555838027105,0.0,0.1453237419981503,0,2.5124945697899146,3,2.2884214662921556,0.224073103497759,61.5730914757754,0.741449883178316,6.582882835838654
0,0.10022467069284524,0.9497879653290098,0.9720254149414802,0.0,0.526773527334276,0.17050187343631185,0,1.8818831846840218,2,1.8818831846840218,0.0,0.13653647905127578,0.2844416101810623,0.0
1,0.8959239524110147,0.8288534602276247,0.43480221640324124,0.0,0.33356854470749064,0.26032036858492846,0,1.128831807126337,3,1.128831807126337,0.0,260.3203685849284,0.9833524989520449,0.0
0,0.6336637670959545,0.529221692397633,0.020135210491817657,0.0,0.0,0.1193979263592177,0,0.272791005931144,3,0.272791005931144,0.0,3.0722877017828973,0.2604707500386344,0.0
1,0.31366201345960054,0.13612121402392097,0.3338063471933975,0.0,0.9410595962157161,0.2305893840238771,0,1.0252400712434797,3,1.0252400712434797,0.0,4.455258813558901,0.9834526966210796,0.0
0,0.078590332388639,0.7652485787605381,0.13234286738988188,0.5425566016944539,0.258537709106767,0.0693888708059227,1,1.3589882775738475,3,0.2260550975934452,1.1329331799804023,0.060351419727380895,0.33019639276093327,0.05980345641352886
1,0.06526375606056634,0.5156202395403571,0.03677252430031763,0.8084751600143041,0.0,0.0261684076831576,1,2.9923784033623666,2,0.008800752461021771,2.9835776509013447,0.024066730677997618,0.5157725188250952,0.10159180363950944
0,0.7952264455239316,0.09480517625366824,0.5921101624728149,0.0,0.0,0.29544608606348033,1,0.6575552758884716,1,0.6575552758884716,0.0,45.545793665807665,0.6616096599446621,0.0
1,0.9541178044937201,0.28689273087260025,0.3106624801165112,0.7007689683024728,0.0,0.09883129966789589,1,0.6441691076444017,3,0.016881535567062525,0.6272875720773392,26.689601526445344,0.9809913262771582,62.50436132906522
0,0.42928828545627984,0.757017611758744,0.4152321444644651,0.29291798706575867,0.0,0.26895202624317144,1,2.030321959994777,0,2.030321959994777,0.0,2.4143387242810017,0.2244525264779953,1.0001714458504727
1,0.057532624760328055,0.7101447556225938,0.2441564519497328,0.056091959231705846,0.3445455691236986,0.25602834851910017,0,0.9828098168221869,3,0.8915101682227423,0.09129964859944462,1.1674119521143451,0.768434337058063,0.04473506359210122
0,0.23454748458163954,0.062294038319051004,0.3552333476600812,0.8684508192169795,0.0,0.14401606238631603,1,2.2254031280924016,0,2.2254031280924016,0.0,0.40301641023585255,0.9201423419047402,2.660601377704575
1,0.5755030920645186,0.12410782684270161,0.8716435757811002,0.0,0.28458871787679874,0.1559499942225886,0,0.9392664796743156,2,0.9392664796743156,0.0,17.695669486538748,0.999999738232906,0.0
0,0.44564705335618104,0.48243414669364115,0.3442150688705753,0.0,0.6334157760062934,0.016314063160873644,1,1.8973075303138989,0,1.8973075303138989,0.0,0.29377140183879313,0.372931421190245,0.0
1,0.5962173979443666,0.24457872020183424,0.6621015899817475,0.0,0.3366763503928636,0.12249723911616016,0,0.9666099939309745,3,0.9666099939309745,0.0,19.70021207405742,0.9998822443145801,0.0
0,0.5688049296918831,0.9288561558702316,0.18925595158511976,0.042936936009904336,0.0,0.17096445152635195,1,1.2269033449389548,0,1.2269033449389548,0.0,0.5512443238011562,0.13311328074374407,0.024730598376867426
1,0.9866561216730921,0.4347733284599975,0.32246581480419423,0.9916271931892674,0.6678795583010461,0.05015997804020726,0,0.36114253495636484,1,0.24106764235243688,0.12007489260392795,19.11959642742701,0.969645839974431,9.976502793790196
0,0.8332522369953773,0.9960147423395781,0.24814474448799761,0.0,0.0,0.07747971241781733,0,1.5490017131385225,0,1.5490017131385225,0.0,0.021362527003414376,0.11563121767175488,0.0
1,0.42803571986459743,0.9494476865468776,0.8479167286955814,0.0,0.7995019316508365,0.08073443850680494,1,2.0661590650643964,2,2.0661590650643964,0.0,80.73443850680493,0.9999991445608172,0.0
0,0.8201643945544339,0.47343323390062086,0.49765946654885485,0.0,0.2947498740236323,0.03543306220418523,0,1.0584990658104778,1,1.0584990658104778,0.0,1.616681764661007,0.1666795839409151,0.0
1,0.6220325259279544,0.12738974789524693,0.30416706796001636,0.2507330080336999,0.0,0.006488859674369597,1,0.848704815509272,0,0.848704815509272,0.0,1.0307213816549574,0.9863544428888057,0.34491826710367407
0,0.5183397143352406,0.05643204305584448,0.5766896737615914,0.18616935788337818,0.31395255809476197,0.0855411104856417,0,2.0709794977078793,3,1.632285469023308,0.4386940286845713,4.898758373377603,0.8895462910004265,0.7834750717417246
1,0.8266721604746504,0.8089512319780705,0.5673300034595712,0.0,0.0,0.009204100313507761,1,2.1193235396650167,2,2.1193235396650167,0.0,9.20410031350776,0.9990333232558645,0.0
0,0.7209682088932228,0.272985489864807,0.9662424429744767,0.6246371780908401,0.947278771242366,0.09673685929875327,0,1.1451285530040274,1,1.1142875984455505,0.030840954558476907,6.292526430822532,0.42631504688024924,0.22193941465400857
1,0.55301828780755,0.8604197455325,0.9622906144252494,0.0,0.0,0.16626900201072048,0,2.7836650182025617,1,2.7836650182025617,0.0,166.26900201072047,0.9999999460174269,0.0
0,0.1391466946047154,0.45825973298603095,0.9381609735443516,0.8572695451866622,0.0,0.1607707987544436,1,0.09526681021317493,1,0.013584873544210896,0.08168193666896403,0.11224951915460488,0.5043797335754936,0.6741945463491746
1,0.12228425267540277,0.36393957874787575,0.13549229555784748,0.968798120320101,0.0,0.13978676457635822,0,1.5073514116644748,0,1.5073514116644748,0.0,0.03475908602073938,0.7617046434558493,1.0792470692921428
0,0.34461612396494146,0.5722273950435031,0.232444958804237,0.0,0.0,0.22301512205775392,0,3.099820802556493,3,3.099820802556493,0.0,2.4004827766445036,0.3597035095211416,0.0
1,0.5352359334714611,0.6440147760186251,0.6355104337030507,0.485532563980848,0.0,0.2013756835495767,0,2.625061537347278,3,0.37901152326115034,2.2460500140861277,37.70828876533082,0.9994285927393607,35.587484932437405
0,0.10069366102772626,0.013425695620486011,0.9061745661972035,0.0,0.0,0.17732058770720066,1,1.3268079566597628,3,1.3268079566597628,0.0,1.1734979247513337,0.9850934624242077,0.0
1,0.18701997258140035,0.40421094346725395,0.258848216478467,0.4916498095445774,0.08507310653237887,0.14938181161110065,0,1.9452798101225819,2,0.5570267395967525,1.3882530705258294,1.0496798628197725,0.889440244213583,1.0151956551364252
0,0.12645935480712533,0.10901280680395131,0.041602299936673415,0.6600632373173165,0.7358295752330694,0.17312833255922738,0,2.4738053083300717,0,2.4738053083300717,0.0,1.5743279833897017,0.8771446281070847,0.3476510539639936
1,0.12788637895246346,0.08592973683822669,0.265706621838674,0.6387777652999488,0.0,0.12011880870027779,1,1.4480126046796906,1,0.4833528984067955,0.9646597062728951,0.6282243361389921,0.9808087281331405,1.1109386383125996
0,0.6182700404452786,0.6214873727413908,0.5502156161889493,0.6867667072149806,0.0,0.14297276808942444,1,0.7049825650303095,1,0.21594049977279312,0.4890420652575164,0.8525331939803992,0.22048791049031014,1.8691864112389478
1,0.8210779206169316,0.7120581047505665,0.5400057266624754,0.13612344205098315,0.2115895786126808,0.19141451158942308,1,0.22707561690555617,2,0.18117898772329155,0.045896629182264614,171.12864111221646,0.9985074039807333,20.586889930502764
0,0.5329949062513822,0.7051129144879256,0.009253814945426542,0.0,0.31388507971267365,0.057556053309772634,0,0.19770875710890629,0,0.19770875710890629,0.0,0.721303401249767,0.22817601048092873,0.0
1,0.7115917185623403,0.44755934450183743,0.4795272816210334,0.760572209864896,0.0,0.055988900792088896,0,0.026481798758747017,2,0.0015180124051846228,0.024963786353562396,3.982601468452998,0.9943678926197237,12.651229826593001
0,0.9214470131045006,0.12496990610494663,0.8210625775271306,0.6255868605062703,0.0,0.23322753668734272,1,2.536423310610712,1,0.5906695508764532,1.9457537597342587,22.729501727570725,0.35484796593729917,37.97750700162313
1,0.2058187593334726,0.6786277448673187,0.15632047492159518,0.0,0.0,0.09207648956171292,1,0.47734760498352685,3,0.47734760498352685,0.0,3.0058275280727034,0.6337199529020634,0.0
0,0.7773133663700623,0.4359262601135292,0.09526614753280216,0.2891116181384211,0.0,0.01836675368457568,1,0.24459159411080714,3,0.08806012830555318,0.15653146580525396,0.6121870167364938,0.22369224370607488,0.24897070134771623
1,0.5375305966972926,0.36174588750304504,0.5520665532533956,0.49547442686483567,0.08817693038273089,0.013781593338372148,0,1.0511385038259848,3,0.1648761776402801,0.8862623261857048,0.9088408416059706,0.9984127948878465,0.8077510884142212
0,0.23827310196663176,0.6594592014726702,0.948084199404308,0.8934203950575654,0.6346271949074657,0.18061032711878597,0,1.3468313180370852,1,0.8315775305945294,0.5152537874425558,0.4894710841365943,0.3485036414262376,0.7146707890529336
1,0.11698784538479778,0.1396118152521879,0.9167624253442672,0.9661902546804901,0.0,0.10822614309882,0,1.2868343048280602,2,0.0011240922358299807,1.2857102125922302,0.003239195423481819,0.9999999045373201,0.09256736546216454
0,0.8018660848366921,0.10500044693219279,0.22351445598082487,0.0,0.0,0.03449787213504476,1,2.496653674141402,0,2.496653674141402,0.0,5.261515659509339,0.6280934795441244,0.0
1,0.28204844323601097,0.07870414052390595,0.8509530858089435,0.0,0.16615308652947514,0.20025551818012666,0,2.2399805358845866,0,2.2399805358845866,0.0,1.5239913715004336,0.9999995914501798,0.0
0,0.29215427493644097,0.8943195965944967,0.7744293821506761,0.0,0.9372666217656452,0.198570847346882,1,2.445250487727535,0,2.445250487727535,0.0,0.5479017632331888,0.20161608159779232,0.0
1,0.2037133507024862,0.7558114084947031,0.2969382305612768,0.5728183380349174,0.0,0.04100547554832027,0,1.8282938226321641,0,1.8282938226321641,0.0,0.7018913309750188,0.8561182196258609,0.9411832517358626
0,0.24674737562078675,0.9702553775157927,0.9227957967382465,0.0,0.0,0.10224503548755867,1,3.066791639528634,0,3.066791639528634,0.0,0.07696643291094074,0.1831427811631805,0.0
1,0.04235934545430031,0.4654612059872454,0.9287152736135634,0.3677209463339577,0.0,0.16347542722087904,0,1.4869733124181104,1,0.9821138058292294,0.504859506588881,0.08252070595602148,0.9999997807703732,0.04799240447766266
0,0.20146441096897094,0.35487236242256703,0.1095675366317963,0.0,0.8538329638916172,0.2393607128676046,0,2.08237411675723,2,2.08237411675723,0.0,2.1454283125188365,0.5921146761944078,0.0
1,0.36504377445335945,0.08684574796570643,0.6523574008496641,0.13899183452505504,0.27332634219303475,0.19908521734415707,0,0.5779518811756374,3,0.42427986322561945,0.153672017950018,3.860840724777047,0.9999373205963135,0.43723647861340964
0,0.09686307378055681,0.2869632277306188,0.4616305669599977,0.3057372814435887,0.0,0.2880289760241708,1,1.0517567560934253,0,1.0517567560934253,0.0,1.0040035531257878,0.691746659291501,0.44213999785362285
1,0.9951005180118714,0.04026590261337959,0.8421137613690283,0.23747284712053374,0.0,0.08745178614174087,0,1.389152323661734,3,0.6720286872989023,0.7171236363628317,69.47598571971844,0.9999998454218105,21.63681656851772
0,0.0076261913836649375,0.26538858037133195,0.9310750966186607,0.0,0.0,0.2758066297711475,0,1.582493304166863,1,1.582493304166863,0.0,0.0932311862900439,0.733116260248563,0.0
1,0.9836533828683408,0.49766336209671214,0.6177993362803376,0.7643035567952398,0.19678690045028213,0.13558286488872856,1,2.733225573221639,3,0.009378722202082135,2.723846851019557,31.95665219767668,0.9998286514006115,103.6272868858439
0,0.45829281484423867,0.12547383795912248,0.900111027106906,0.19649128818933015,0.4113837988078306,0.15722433171905387,0,1.3843682084793194,0,1.3843682084793194,0.0,6.110936607985214,0.79060155808045,0.804190967345411
1,0.5427419872530642,0.20423723484789502,0.9911247295673715,0.06953316612031513,0.0,0.10118311486204606,1,1.5480424606283187,0,1.5480424606283187,0.0,18.002250909593453,0.9999999998655523,1.3452962077294366
0,0.2935983942460101,0.6887177283364319,0.9727396389245551,0.7476205425269254,0.0,0.15049048974924598,1,0.1378093714693907,1,0.03473944517579798,0.10306992629359273,0.25768340825421876,0.3008438531712181,0.7633323702653545
1,0.784908198640626,0.6441335503640239,0.3904620946885311,0.11988289599315183,0.7202335859344791,0.07291275834695146,1,1.4986336313468125,2,1.429483318559685,0.06915031278712758,72.50946671149556,0.9814734757205829,2.552409581832923
0,0.04262178142965389,0.42901311563606215,0.7473826135345235,0.0,0.0,0.2643287532656036,1,2.051867777379483,1,2.051867777379483,0.0,0.39559730133788157,0.5602857890620048,0.0
1,0.036058766015332644,0.6257920744914586,0.8535985031660513,0.0,0.4049158290053406,0.23381868534399894,1,1.284014022294001,1,1.284014022294001,0.0,12.33375268456783,0.9999993170459623,0.0
0,0.73081934818321,0.7923228485578505,0.8783427544054138,0.15075203353352618,0.0,0.2377803894383367,0,0.8179519437264056,3,0.5147179848441189,0.30323395888228666,2.569606118889778,0.1441874114024665,0.45613691536359824
1,0.01448788557880365,0.2904052537044566,0.2029020083594001,0.0,0.18906455958744328,0.0887194320761552,1,1.9696800479337828,2,1.9696800479337828,0.0,0.13194138252382706,0.8814121069408194,0.0
0,0.9446683388002659,0.8379340158882068,0.5012820683516596,0.6638117219235445,0.8159437340257297,0.02698506466661984,0,1.0604597429684435,1,0.9436019510548528,0.11685779191359069,0.3108103044293777,0.08882592145535051,0.049306621993174905
1,0.14688099240104024,0.7351839423052173,0.7995728805007792,0.8630601179381212,0.0,0.13553790746142624,0,3.005098215402526,0,3.005098215402526,0.0,0.6994273575771529,0.9999809885874191,4.408123102128251
0,0.8062258593778211,0.8088972800327698,0.6688378459963581,0.0,0.0,0.07102392806405416,1,3.0296788644997887,0,3.0296788644997887,0.0,0.8691001069853527,0.10693661433502666,0.0
1,0.7955312625972074,0.06193698649128809,0.8419889844006262,0.8116361904885455,0.0,0.1339230395433823,0,0.99329564515377,0,0.99329564515377,0.0,13.09853846645545,0.9999997249200601,56.439970551960435
0,0.014551537678808346,0.6622753103106213,0.9316969727188766,0.661439093380231,0.9674872031980217,0.03715412009631067,0,0.9557849537837723,0,0.9557849537837723,0.0,0.016901368595223457,0.42691119212135986,0.0003732475851032954
1,0.8462337189278473,0.8394154504700202,0.2654044351939634,0.0,0.5880542504261429,0.07154055914286603,0,1.4346793189308633,1,1.4346793189308633,0.0,33.86675867885604,0.8712228659681638,0.0
0,0.4313002010060887,0.188097859106095,0.5113774225941259,0.9919881566390353,0.0,0.1217932319160024,1,2.866013080224083,3,1.421720627644741e-07,2.8660129380520205,0.031549524803538974,0.710541389925976,3.9063113871127464
1,0.31871911818661347,0.7320529905994702,0.34452086838925466,0.0,0.13945454668978097,0.14754579746764093,1,2.8018246351573315,3,2.8018246351573315,0.0,25.631352361871517,0.9407154644269069,0.0
0,0.37293254159949296,0.47932621432991096,0.477417120352694,0.0,0.9809968654729114,0.013506678791845857,0,0.24180708608554985,3,0.24180708608554985,0.0,0.1955385519286657,0.40517242940758247,0.0
1,0.7315450485938386,0.6055468040979863,0.12663090680011113,0.0,0.303544829253645,0.1669248810188378,0,0.36688938891445316,0,0.36688938891445316,0.0,28.329017721053653,0.686430948372899,0.0
0,0.31011596863496627,0.011974430106884704,0.5220359762175069,0.7815204083252406,0.0,0.2503443896975834,1,1.5849919601382656,1,0.273604522869455,1.3113874372688106,1.4590183493046343,0.9827357650199432,5.219034910134849
1,0.24195150700517487,0.13632245544999144,0.6314893329435346,0.0,0.0,0.05115096716058358,0,2.8235176404003126,1,2.8235176404003126,0.0,0.5095096902125763,0.9998314995155876,0.0
0,0.13562813059302525,0.33351498003503455,0.9051883013734644,0.0,0.13853910562627203,0.06165093504253422,0,2.0634930469539143,1,2.0634930469539143,0.0,0.36760196663086586,0.6333412235037148,0.0
1,0.06856745699652245,0.8983071017169414,0.16915486939888125,0.08281393012165483,0.0,0.11652631423750962,1,0.08174310506218706,0,0.08174310506218706,0.0,1.2288383009474948,0.5376076257626032,0.11095341777157267
0,0.9872547239988796,0.3378053841154002,0.15306463285587235,0.23978806996308188,0.24602553662305138,0.033811507116155,1,0.9204377930566939,3,0.5196817837556484,0.4007560093010455,3.1752865602836464,0.024375362424222224,0.7347199871062658
1,0.11863531031787,0.3749218826687948,0.480716138854424,0.10444458995203298,0.0,0.09685737238417534,1,1.8731754411545138,3,1.5249784693491493,0.3481969718053646,3.631189707541811,0.9956946576056823,0.4234892847355291
0,0.40545781960889204,0.9437014565588842,0.7072595134866645,0.0,0.9119236169461451,0.2556213538545918,0,0.5012128085994185,3,0.5012128085994185,0.0,0.5675771014408445,0.18765722417360542,0.0
1,0.36347348691626646,0.864561623920589,0.09672476364311644,0.49163691668870735,0.0,0.250411324147057,0,2.436706965759798,2,0.6441426611067635,1.7925643046530344,5.647468205604229,0.3595042768270399,5.461655157206994
0,0.4227204969857805,0.9127874362932319,0.19601209082661675,0.0,0.0,0.2697535823976635,1,1.6511954793085568,3,1.6511954793085568,0.0,0.839770649102627,0.16466192495394283,0.0
1,0.7868223393009723,0.6191680649195096,0.621961853589893,0.0,0.0,0.28293707870479545,1,0.8543625196952587,2,0.8543625196952587,0.0,282.9370787047954,0.9997682356067612,0.0
0,0.9282417011244102,0.07716890453551195,0.8828631140622708,0.35560872143103617,0.0,0.036904511339882755,1,0.30052616576138064,3,0.08061285203642099,0.21991331372495965,8.530395064330829,0.46182391264399913,4.70751697457007
1,0.80208200736795,0.7596832277146677,0.0406873190638376,0.0,0.0,0.2922120795325192,1,2.701148424240116,1,2.701148424240116,0.0,80.07567244658787,0.4059813265505102,0.0
0,0.047640114763804364,0.36214800864293706,0.5153090662974212,0.0,0.0,0.2879488614965839,1,3.045536892460939,2,3.045536892460939,0.0,0.5414533617050934,0.626502391773339,0.0
1,0.7246252876521909,0.5616527669894902,0.8115115433199029,0.0,0.0,0.1531361468810168,0,0.7340865567787699,1,0.7340865567787699,0.0,153.13614688101677,0.9999936853363863,0.0
0,0.6712125359576774,0.9085789564760112,0.16603502664490866,0.13057519670407147,0.0,0.24081873080948155,0,2.6008592262947365,3,2.2998428797825876,0.3010163465121489,1.3790003274782336,0.14204557028613984,0.20710616758671044
1,0.7632876460219487,0.030793740501308897,0.80342125846153,0.9154428721185426,0.36022193879481135,0.21857221304148533,0,2.3883151519803816,1,0.06764367235698421,2.3206714796233974,5.79789721999618,0.9999995798290767,62.769914450764276
0,0.7494991866898929,0.7907581027282616,0.7478909498554682,0.0,0.49090604577943964,0.0370943408887783,1,1.7269010380514083,2,1.7269010380514083,0.0,0.4616265526901119,0.12417207489576243,0.0
1,0.7140816480753149,0.3797050826318863,0.10885763868933784,0.0,0.0,0.19702393739167642,1,1.6122471584594684,1,1.6122471584594684,0.0,38.9542831960636,0.7839983037651599,0.0
0,0.9230720702007159,0.7000226501397985,0.5335535214021254,0.8560343970533474,0.32284522373825875,0.24646422196882115,1,1.9631900970466285,0,1.9631900970466285,0.0,1.0547092553982929,0.07424318766637428,6.271410552463882
1,0.19585116371243305,0.6368381624909264,0.26222447614230016,0.7543575218021157,0.06627229932241463,0.02840189008469348,1,2.5407851858638164,1,0.24656586238266165,2.2942193234811548,0.34206886803210046,0.8570003377352615,1.0504788319489144
0,0.33678503486287714,0.3241600657876872,0.8984037181066803,0.8823345701361696,0.0,0.14385952301122182,0,2.2885119973359944,2,0.012887492915010693,2.2756245044209837,0.2992981620816724,0.580314050215279,2.244339016892971
1,0.9822683516760965,0.33019369900283935,0.7925949459322968,0.13930606464262618,0.0,0.019225336108076696,1,0.4731247641054558,2,0.35279649193268936,0.12032827217276643,16.67069484816024,0.9999988506418446,2.698205248990209
0,0.41909565631866075,0.6011056973149727,0.7306511197341714,0.7061741111537309,0.0,0.2314185572767721,0,0.5874451320460333,1,0.1696397935913207,0.4178053384547126,0.862342185820876,0.31633954730841785,2.0725325769406067
1,0.926144543604704,0.5300003920848623,0.23395962588218344,0.5777397954548779,0.031023759631865877,0.18348041908028018,1,1.9894058154201626,2,0.32544805335004223,1.6639577620701202,66.33008306964065,0.9171462315611445,90.75335116280006
0,0.597529922452146,0.9553103130766453,0.42747960106354976,0.0,0.0,0.14787009652681002,0,2.852875419905426,1,2.852875419905426,0.0,0.3499462398602772,0.14818180135756676,0.0
1,0.888241562101684,0.7449649653200677,0.3305607640696967,0.0,0.6053703112302224,0.03257845769446469,1,2.5137593422369675,0,2.5137593422369675,0.0,32.57845769446469,0.9571850320462071,0.0
0,0.21601654503411427,0.029026070052699415,0.1805837843194661,0.0,0.4318437636087997,0.108297758245599,0,0.12580393634358042,3,0.12580393634358042,0.0,1.7246415226949532,0.9632699284264793,0.0
1,0.696060809007768,0.2868714754801863,0.4290026025817917,0.20974499540137914,0.0,0.15707585171625366,1,2.8060830740117586,0,2.8060830740117586,0.0,115.40924180855157,0.9950092558857453,30.63126554283076
0,0.6855523201779548,0.788622620509898,0.6347696795778982,0.0,0.4027453231650413,0.2699212198416357,0,0.17549976377002288,0,0.17549976377002288,0.0,3.215099509808201,0.15735372389110558,0.0
1,0.5526836122245707,0.7151611654304103,0.033993949303458004,0.21098193758788486,0.0,0.21537235205493074,1,1.3727643494199115,0,1.3727643494199115,0.0,17.25195964810978,0.3575069383213062,4.613141380589916
0,0.9540270653542023,0.34697444670512134,0.5464137938855879,0.0,0.0,0.013750003993873619,1,2.6294444140515068,3,2.6294444140515068,0.0,1.3633528301322355,0.0796334848152832,0.0
1,0.8533234302204782,0.5245029307796139,0.60404685246795,0.6033846936961604,0.0,0.10180037569751052,0,1.673548997638373,3,0.0952974298790136,1.5782515677593594,40.41950031591665,0.999339476844067,61.4915950792571
0,0.6901266962831907,0.03429286982103874,0.05256314448311905,0.6534229827834634,0.9244160454984081,0.11986728574733654,0,0.41813471883647785,1,0.3979469193600003,0.02018779947647753,13.705007679689336,0.8971850521149957,0.7192125318380348
1,0.8019783546461133,0.36695929543241224,0.47944785699697956,0.9273760462655836,0.2512954247980793,0.19443089273750314,1,1.1615500746277396,3,0.006208968420007427,1.1553411062077321,32.19329844200571,0.997552181100608,162.2381120930842
0,0.30698179806004877,0.80398527743617,0.08311451250089608,0.48394134588099247,0.03828510732217172,0.24344118720275684,0,0.3796537622295397,3,0.05785521629912068,0.32179854593041907,0.6854753142125849,0.25999527192812444,0.5994597238635734
1,0.17201490645103523,0.7336101320512353,0.8604447529552088,0.24289645566938756,0.0,0.21225585736500774,0,0.9872902480396412,3,0.44641780104405965,0.5408724469955815,5.560925574002621,0.9999968283082089,1.784074480011487
0,0.6736768985138251,0.407103888176947,0.6106386756185078,0.0,0.0,0.12037132067475993,1,1.333954461904377,1,1.333954461904377,0.0,4.803236454491157,0.32214830890022816,0.0
1,0.21511631865956837,0.8081708051831736,0.0551459622424576,0.0,0.9499569353327375,0.25731465781504015,1,1.4567626678932457,0,1.4567626678932457,0.0,5.67181253900344,0.2875650383410342,0.0
0,0.1843685647322737,0.6940703416276605,0.12557819521165714,0.0,0.8830886251120318,0.28766982860286877,0,0.3042481640804727,0,0.3042481640804727,0.0,1.2964724731232056,0.34943554386072806,0.0
1,0.27425542866929054,0.6006816137545075,0.8703191002915742,0.4164480634642327,0.0,0.08509977374184845,0,0.441848080256623,3,0.08809797659765238,0.3537501036589706,2.8891549558791865,0.9999982801426107,2.0618267391358946
0,0.27913775784601247,0.19581407729365685,0.1607529068604827,0.2522328809397263,0.0,0.1393602243958913,0,0.7114173464804036,1,0.5377668143085661,0.17365053217183746,1.860023970590686,0.747506527517386,0.6274135258964508
1,0.7815505930545356,0.8745771245652171,0.050920344377461735,0.0,0.566924421644935,0.20530648734437099,1,1.1556845169973686,3,1.1556845169973686,0.0,53.879589632190424,0.34308822698670016,0.0
0,0.7523734973164725,0.6656819232936397,0.15533352968846548,0.8767762605883767,0.6737397043080952,0.013682508229967236,0,1.6088107330875405,2,0.23292419358315675,1.3758865395043838,0.03622444557368104,0.15872717645498335,0.25774849946635636
1,0.27047627806864927,0.7274976012358401,0.06074939532547807,0.7801273553996133,0.0,0.26357037236626785,1,1.3260946811236152,0,1.3260946811236152,0.0,2.0249479434815516,0.3751409545947211,7.1846922423717015
0,0.21545913209733425,0.47221200954084097,0.07329956258896952,0.0,0.0,0.26740492155738194,0,0.5513669118017696,2,0.5513669118017696,0.0,2.060566944402043,0.46719967293980846,0.0
1,0.7035000909601934,0.09695463761454348,0.272449002295006,0.15853663461416678,0.8419128568988512,0.15174150465125877,1,0.7246032425428254,0,0.7246032425428254,0.0,34.87071957040239,0.9861793729490675,0.897102747803529
0,0.35364734173856216,0.4477568436235665,0.768616783417423,0.38371245728169745,0.26195513539121795,0.05775303873524805,1,0.08435591770077137,1,0.06047296594005001,0.023882951760721367,0.6029791639155376,0.44357342162794744,0.23832629109072126
1,0.4916629853174952,0.7143503425396589,0.05345541465136505,0.0,0.4500486232509031,0.2431173257782971,1,0.8385387248189587,2,0.8385387248189587,0.0,18.260303794448294,0.3951809969528369,0.0
0,0.6125417820134981,0.17312140314513158,0.5261511556097137,0.0,0.0,0.21154708508740885,0,2.6763889471300866,0,2.6763889471300866,0.0,13.027064808432074,0.6491983940790124,0.0
1,0.07312876849443783,0.21163675445922991,0.013476115047143189,0.03604768567123362,0.5080025748757363,0.018087685280082713,0,1.0971354743974155,3,1.0497125379837295,0.047422936413686,0.08321557281107231,0.7920401319906948,0.0015056371079411692
0,0.9007597891060293,0.2710812878722838,0.5901215712955792,0.0,0.0,0.006885052637823853,0,0.3562484336762822,2,0.3562484336762822,0.0,0.7898086077921675,0.21064057678294612,0.0
1,0.6680371569364731,0.8516144538026206,0.5533429428985481,0.09788048501390756,0.0,0.23250085612828297,0,2.3944086113965812,3,2.136785760375775,0.2576228510208063,226.87637407628154,0.9967418519572973,24.616216769377296
0,0.7285501009553762,0.8300164830746557,0.9506714820103309,0.0,0.0,0.24134596215972068,1,0.6813730681804427,2,0.6813730681804427,0.0,2.348815882809392,0.12278531180405228,0.0
1,0.5312064965830364,0.7057557219155238,0.7571472771502363,0.0,0.013112827842756136,0.12346546349389863,1,2.6291770323442947,2,2.6291770323442947,0.0,123.46546349389862,0.9999899870850426,0.0
0,0.32915318433457885,0.4445339869813921,0.6672589521980665,0.4255724657738852,0.9015432195158216,0.10859858571695774,1,0.8065688290275332,1,0.7757997967803378,0.030769032247195405,1.4123348723708378,0.45600567769706524,0.06286318957696557
1,0.9626867338642394,0.97535455371629,0.5668313326543956,0.0,0.4496835344677541,0.04443486077634923,1,2.894254531480781,2,2.894254531480781,0.0,44.434860776349225,0.9989681143492185,0.0
0,0.6848698512731924,0.7571810700881627,0.10149054687465331,0.3665242466814841,0.0,0.1745700342772839,1,0.2675148407121943,2,0.10752810894308178,0.1599867317691125,1.459235303479233,0.1497041318277167,0.8443024338925708
1,0.5493191405705754,0.052199454267223167,0.7229774488645188,0.0,0.9284837140075871,0.19931704280790133,1,2.386770641302824,0,2.386770641302824,0.0,89.60380315725445,0.9999980990080212,0.0
0,0.5465521779900198,0.9557247161860618,0.47148722459791514,0.6964520231649955,0.201427552172036,0.09115326999195363,1,1.0463080554060313,1,0.4287570989393631,0.6175509564666682,0.07308649558183714,0.13015724646312832,0.11283767874630213
1,0.4068769587349259,0.4624188875232429,0.32204842176388115,0.0,0.4702116746684748,0.24657403069607736,1,1.6834255335920318,3,1.6834255335920318,0.0,37.11589530013159,0.9529570209024236,0.0
0,0.21366069284000178,0.7900664499967324,0.07947377991184246,0.9855514337512407,0.09168147402630733,0.20470490969920774,1,3.098910370821867,0,3.098910370821867,0.0,0.011388600389875325,0.2718581122493615,0.7768280429641483
1,0.3641353130485401,0.44754196643911504,0.33076858176141966,0.2568244943146918,0.0,0.0665383461604402,0,2.4613895379800095,2,1.8321263182385228,0.6292632197414867,2.8446079965224214,0.9455106487948189,0.9830316051074905
0,0.4108521385678612,0.3329875046850932,0.39940389038536406,0.4172736095920009,0.0,0.17945910861103037,0,2.0276022590121814,2,0.758481904216705,1.2691203547954764,2.5442387502778843,0.5413120354435605,1.8218561995261247
1,0.8407987933619353,0.589773138614922,0.6488296985476901,0.0,0.5133045625237677,0.02117014439381382,0,0.9000681019861252,2,0.9000681019861252,0.0,21.17014439381382,0.9996948656548639,0.0
0,0.47972620872040506,0.6078082322782199,0.07419620882556566,0.9742174826307052,0.0,0.2893915604167555,0,2.1586378075038897,0,2.1586378075038897,0.0,0.11330620148110465,0.2899539606184165,4.281384970764334
1,0.7081208890157998,0.3666702308183226,0.6713981553107956,0.0,0.9424278741728678,0.07080124471295807,1,1.6915000848011514,3,1.6915000848011514,0.0,70.80124471295807,0.9999550839104625,0.0
0,0.27577775044272457,0.04076603868242523,0.9856679713096007,0.7327152449367742,0.6750530079094845,0.14232316823734747,0,0.6513512814564419,0,0.6513512814564419,0.0,2.415095852798425,0.9445710401349223,0.7793982173844981
1,0.1503492572959424,0.32135852853742064,0.9707295908548487,0.9967987802908359,0.44404770826925166,0.16314644451453836,0,2.069009307889024,0,2.069009307889024,0.0,0.0006859709097584792,0.9999999818232109,0.21359826200145296
0,0.061506443801261024,0.0956195824656273,0.24793124722021165,0.0,0.0,0.04161756903733302,1,1.7860224186042697,0,1.7860224186042697,0.0,0.14708058468959234,0.8987482672902442,0.0
1,0.022416262122603392,0.11306246224966277,0.6078556247687995,0.0,0.25362454694789505,0.2643573239299709,1,0.1691000770081736,1,0.1691000770081736,0.0,0.9781682609548124,0.999888415895824,0.0
0,0.9719176853242443,0.23090702798027007,0.32456094052002693,0.0,0.0,0.22518999223923744,0,2.715378970516787,3,2.715378970516787,0.0,39.99804703991551,0.08553460757948106,0.0
1,0.02557223839512801,0.5879902198472973,0.22942928915725247,0.07040669970420221,0.0,0.1821698678615987,0,0.8910125898575433,0,0.8910125898575433,0.0,0.29423791852820663,0.7822797182484424,0.02228535937685115
0,0.8253194358128906,0.9175013403274594,0.3559485113819476,0.5499875463456605,0.016058627856311958,0.27322974635899366,1,0.8075040162146884,3,0.07668106503494315,0.7308229511797453,0.656772821892371,0.09589704080778039,0.7824529176399057
1,0.20860230620354225,0.2815822273912104,0.2911717177613121,0.9390249167324125,0.0,0.0930863728979111,1,0.2422689891707026,0,0.2422689891707026,0.0,0.2078042955141445,0.9537580314628107,3.200215577164028
0,0.4118452168007243,0.26682358280647045,0.7250652453904661,0.6049497430241977,0.05905416558023424,0.09656248646337974,0,1.1453792545571564,0,1.1453792545571564,0.0,1.2552659148879113,0.6177557901804738,1.712155535988838
1,0.47929949483860035,0.39776748924209726,0.3462519896847197,0.0,0.0,0.11150019537802891,1,2.2315740896993854,1,2.2315740896993854,0.0,22.785935916880728,0.9718310069289957,0.0
0,0.4119437349582187,0.7835064994066868,0.868552366152814,0.1453677988252915,0.1771895109228212,0.17409327440221412,1,0.4489423186389016,0,0.4489423186389016,0.0,1.0796593899691824,0.21757805322495594,0.14673243772573955
1,0.5615533960519261,0.5087234129587549,0.24448936681773648,0.6268080682254834,0.462917479166046,0.2555147825326431,0,2.7721616261058597,3,0.23146798459361295,2.540693641512247,9.120984892287122,0.8728731925934399,15.319481569345927
0,0.7780672301119611,0.7890655017845756,0.19648949673403515,0.0,0.7706858243173413,0.2886816112503831,0,2.0603383098972903,1,2.0603383098972903,0.0,3.922120521678483,0.13142351888021653,0.0
1,0.4612373450514443,0.6975477034861886,0.6369806625417327,0.6414404762818661,0.6583141338972015,0.27320510839141326,0,1.018070822731589,0,1.018070822731589,0.0,61.706363272050595,0.9993605182148337,18.318713323545154
0,0.35783796309563476,0.9199717994821954,0.2108109513224452,0.0,0.0,0.03078830758675923,0,2.5323119075042633,2,2.5323119075042633,0.0,0.08641300831238583,0.20574946785263093,0.0
1,0.23462951811344723,0.7366823590591749,0.4894097358508759,0.0,0.7646697693835572,0.28422161646319705,1,2.5478325745541093,1,2.5478325745541093,0.0,68.41228152977925,0.9933304469035917,0.0
0,0.1949466602875055,0.7679202574015297,0.4764979280495816,0.15888134798429077,0.00819841994684023,0.027272500841561853,0,1.8998089222671481,1,1.7135505423296473,0.18625837993750083,0.11144159621271386,0.3117434358031669,0.020859831651550285
1,0.23611326935846355,0.44305308707788127,0.33520176472385244,0.061579141813085214,0.9078836713709204,0.006745252115667663,0,1.7922706246903777,1,1.7866973774903883,0.005573247199989417,0.13562517580156577,0.9444555898521715,0.0007741923493325108
0,0.8850610032930877,0.14068960734614688,0.7433292830346888,0.0,0.0,0.13321194496422084,0,0.27361561892781283,1,0.27361561892781283,0.0,25.385665503871966,0.41246616596937236,0.0
1,0.7525567425512723,0.12460876549150601,0.07234951479786866,0.19184006193698544,0.0,0.12624740820087163,0,1.5921519499494095,2,1.1405401699592679,0.45161177999014157,17.047766582236246,0.9138037343000535,4.046778914656453
0,0.5515060544210737,0.2339413070793548,0.5592731165510992,0.9375499447242662,0.0,0.10989413739864128,1,2.710810513157302,2,0.0018481967196688834,2.708962316437633,0.3012371038616639,0.5949166427291043,4.522411210485235
1,0.06977697963903551,0.6672846007586332,0.9202550902704502,0.0,0.0,0.1527875949639857,1,2.6703033519552974,2,2.6703033519552974,0.0,18.63324036278301,0.9999999437074727,0.0
0,0.5880653011719386,0.9865079594223765,0.16331122872641834,0.0,0.0,0.2439887619019987,0,0.6595225345814443,0,0.6595225345814443,0.0,0.17575886090033438,0.14508234824811772,0.0
1,0.4532747971123535,0.8377626908067372,0.3879442375878702,0.0,0.011491753281884676,0.07532042141193358,0,0.18831622233376372,3,0.18831622233376372,0.0,10.934038241260778,0.9516080174369371,0.0
0,0.48897770307129873,0.8648152494648932,0.24884287580172826,0.0,0.7820632620414396,0.17289415546966938,0,1.840885130655421,0,1.840885130655421,0.0,0.9908842980099163,0.18942088366276666,0.0
1,0.9167160407213726,0.7527311198916277,0.31686964601012524,0.0,0.09993352631729069,0.07949907770607066,0,0.005219878663251453,2,0.005219878663251453,0.0,54.40691468787554,0.9375853398075085,0.0
0,0.6154068933071255,0.35605832314704644,0.7860775406836655,0.0,0.0,0.234435495653152,0,1.9751925336923717,3,1.9751925336923717,0.0,9.233202660040202,0.4102200549592341,0.0
1,0.4698178565270239,0.8757221657537266,0.4677571324346548,0.0,0.8608307079186285,0.2807316354618694,0,0.34822837568871884,0,0.34822837568871884,0.0,65.49954061270603,0.9836573100261469,0.0
0,0.7428991255743326,0.8707718876671255,0.4493329215670715,0.5403523533489523,0.9970750511900737,0.12420390875658842,0,0.7056448445174767,3,0.7025698390593943,0.0030750054580823694,0.9866263296402256,0.13232946588048922,0.0015663154531744398
1,0.5972295846505525,0.24463756904458078,0.11846452687036169,0.5329531766957614,0.0,0.21554354285691005,0,1.9384011739408384,0,1.9384011739408384,0.0,14.123421609199372,0.8525108905518773,16.116419247183554
0,0.3277525910224979,0.1876610293464337,0.5976276552315518,0.5322694495053839,0.0,0.05156155551742768,1,0.12152675436115243,3,0.012434048046862496,0.10909270631428994,0.5250666282858952,0.7442452359832066,0.5975169355429959
1,0.5266193753854487,0.9634300081543528,0.9526387185706363,0.0,0.0,0.00500762391069096,0,0.03746575791548294,0,0.03746575791548294,0.0,5.00762391069096,0.9999998998007025,0.0
0,0.11609084262212965,0.20745096796873308,0.8542302331028869,0.9682106658451051,0.8700246402785882,0.07032527472592544,0,2.2568864846382897,3,0.03103676846644543,2.2258497161718442,0.01359228548009327,0.7715278372627843,0.4139814854540276
1,0.91651102598534,0.5517134164017228,0.31310870343781005,0.1549723736822698,0.0,0.05618961583807862,0,2.0117967189028896,2,1.649915779893177,0.36188093900971263,27.863709356462834,0.9523957868876642,5.110016577067872
0,0.17936694162816091,0.3588026993098091,0.1748827566312654,0.0,0.0,0.1413807115609357,0,1.6957972469750355,1,1.6957972469750355,0.0,1.1023942560351643,0.594568823768787,0.0
1,0.5485297708002018,0.15546218445075788,0.49439112720996636,0.0,0.0,0.19941930068248098,1,0.5054363885725096,2,0.5054363885725096,0.0,58.78011130847507,0.9989980756222153,0.0
0,0.37104939937971926,0.2641021404231839,0.13934246422397634,0.5434814955605405,0.6519402597300571,0.13689998983243976,1,2.434148674493391,1,2.242603269670066,0.19154540482332472,3.6339723908407944,0.6366961134564366,1.066291245489216
1,0.9511999332141254,0.7123372805508259,0.4279687285574305,0.618203214825303,0.0,0.10636599843815794,0,1.665352061531893,3,0.08350769920748041,1.5818443623244127,40.64363927440263,0.9853011180900946,65.80995293121407
0,0.018207347155640652,0.3064478609321648,0.5054970583788462,0.07279336701728945,0.0,0.006610685577620987,1,0.7531922339416739,3,0.6096600703586218,0.1435321635830521,0.004761735655816389,0.6896329026405196,0.0003738355172439962
1,0.017944065220658945,0.8826967573112863,0.7921148761244651,0.0,0.7240068913176203,0.2901727983762716,0,1.057602903992026,1,1.057602903992026,0.0,0.8353958293765336,0.9999681112130466,0.0
